sample,response,sample_type,population,count,total_count,percentage
sample00000,no,PBMC,b_cell,10908,93214,11.7
sample00000,no,PBMC,cd4_t_cell,20491,93214,21.98
sample00000,no,PBMC,cd8_t_cell,24440,93214,26.22
sample00000,no,PBMC,monocyte,23511,93214,25.22
sample00000,no,PBMC,nk_cell,13864,93214,14.87
sample00001,no,PBMC,b_cell,6777,100824,6.72
sample00001,no,PBMC,cd4_t_cell,33459,100824,33.19
sample00001,no,PBMC,cd8_t_cell,19407,100824,19.25
sample00001,no,PBMC,monocyte,23011,100824,22.82
sample00001,no,PBMC,nk_cell,18170,100824,18.02
sample00002,no,PBMC,b_cell,9794,92822,10.55
sample00002,no,PBMC,cd4_t_cell,24274,92822,26.15
sample00002,no,PBMC,cd8_t_cell,22940,92822,24.71
sample00002,no,PBMC,monocyte,18332,92822,19.75
sample00002,no,PBMC,nk_cell,17482,92822,18.83
sample00006,no,PBMC,b_cell,5897,99774,5.91
sample00006,no,PBMC,cd4_t_cell,28319,99774,28.38
sample00006,no,PBMC,cd8_t_cell,31296,99774,31.37
sample00006,no,PBMC,monocyte,21606,99774,21.65
sample00006,no,PBMC,nk_cell,12656,99774,12.68
sample00007,no,PBMC,b_cell,10403,98424,10.57
sample00007,no,PBMC,cd4_t_cell,33870,98424,34.41
sample00007,no,PBMC,cd8_t_cell,13504,98424,13.72
sample00007,no,PBMC,monocyte,18031,98424,18.32
sample00007,no,PBMC,nk_cell,22616,98424,22.98
sample00008,no,PBMC,b_cell,8829,90353,9.77
sample00008,no,PBMC,cd4_t_cell,21307,90353,23.58
sample00008,no,PBMC,cd8_t_cell,26215,90353,29.01
sample00008,no,PBMC,monocyte,16378,90353,18.13
sample00008,no,PBMC,nk_cell,17624,90353,19.51
sample00009,no,PBMC,b_cell,7650,95821,7.98
sample00009,no,PBMC,cd4_t_cell,21097,95821,22.02
sample00009,no,PBMC,cd8_t_cell,33334,95821,34.79
sample00009,no,PBMC,monocyte,15676,95821,16.36
sample00009,no,PBMC,nk_cell,18064,95821,18.85
sample00010,no,PBMC,b_cell,13203,107537,12.28
sample00010,no,PBMC,cd4_t_cell,27873,107537,25.92
sample00010,no,PBMC,cd8_t_cell,21339,107537,19.84
sample00010,no,PBMC,monocyte,31913,107537,29.68
sample00010,no,PBMC,nk_cell,13209,107537,12.28
sample00011,no,PBMC,b_cell,10621,89815,11.83
sample00011,no,PBMC,cd4_t_cell,29391,89815,32.72
sample00011,no,PBMC,cd8_t_cell,19786,89815,22.03
sample00011,no,PBMC,monocyte,16497,89815,18.37
sample00011,no,PBMC,nk_cell,13520,89815,15.05
sample00024,yes,PBMC,b_cell,7552,99969,7.55
sample00024,yes,PBMC,cd4_t_cell,35270,99969,35.28
sample00024,yes,PBMC,cd8_t_cell,27821,99969,27.83
sample00024,yes,PBMC,monocyte,9645,99969,9.65
sample00024,yes,PBMC,nk_cell,19681,99969,19.69
sample00025,yes,PBMC,b_cell,11714,95534,12.26
sample00025,yes,PBMC,cd4_t_cell,30323,95534,31.74
sample00025,yes,PBMC,cd8_t_cell,21407,95534,22.41
sample00025,yes,PBMC,monocyte,11789,95534,12.34
sample00025,yes,PBMC,nk_cell,20301,95534,21.25
sample00026,yes,PBMC,b_cell,7936,95777,8.29
sample00026,yes,PBMC,cd4_t_cell,34545,95777,36.07
sample00026,yes,PBMC,cd8_t_cell,23786,95777,24.83
sample00026,yes,PBMC,monocyte,15581,95777,16.27
sample00026,yes,PBMC,nk_cell,13929,95777,14.54
sample00060,yes,PBMC,b_cell,11035,103534,10.66
sample00060,yes,PBMC,cd4_t_cell,38817,103534,37.49
sample00060,yes,PBMC,cd8_t_cell,21406,103534,20.68
sample00060,yes,PBMC,monocyte,17717,103534,17.11
sample00060,yes,PBMC,nk_cell,14559,103534,14.06
sample00061,yes,PBMC,b_cell,4508,111970,4.03
sample00061,yes,PBMC,cd4_t_cell,38281,111970,34.19
sample00061,yes,PBMC,cd8_t_cell,34867,111970,31.14
sample00061,yes,PBMC,monocyte,18301,111970,16.34
sample00061,yes,PBMC,nk_cell,16013,111970,14.3
sample00062,yes,PBMC,b_cell,10066,95286,10.56
sample00062,yes,PBMC,cd4_t_cell,21554,95286,22.62
sample00062,yes,PBMC,cd8_t_cell,20104,95286,21.1
sample00062,yes,PBMC,monocyte,26057,95286,27.35
sample00062,yes,PBMC,nk_cell,17505,95286,18.37
sample00066,yes,PBMC,b_cell,8052,107284,7.51
sample00066,yes,PBMC,cd4_t_cell,37350,107284,34.81
sample00066,yes,PBMC,cd8_t_cell,35323,107284,32.92
sample00066,yes,PBMC,monocyte,12632,107284,11.77
sample00066,yes,PBMC,nk_cell,13927,107284,12.98
sample00067,yes,PBMC,b_cell,11874,107589,11.04
sample00067,yes,PBMC,cd4_t_cell,29460,107589,27.38
sample00067,yes,PBMC,cd8_t_cell,24116,107589,22.41
sample00067,yes,PBMC,monocyte,20737,107589,19.27
sample00067,yes,PBMC,nk_cell,21402,107589,19.89
sample00068,yes,PBMC,b_cell,10501,110245,9.53
sample00068,yes,PBMC,cd4_t_cell,35458,110245,32.16
sample00068,yes,PBMC,cd8_t_cell,33801,110245,30.66
sample00068,yes,PBMC,monocyte,23088,110245,20.94
sample00068,yes,PBMC,nk_cell,7397,110245,6.71
sample00072,no,PBMC,b_cell,8730,93613,9.33
sample00072,no,PBMC,cd4_t_cell,22481,93613,24.01
sample00072,no,PBMC,cd8_t_cell,26500,93613,28.31
sample00072,no,PBMC,monocyte,19301,93613,20.62
sample00072,no,PBMC,nk_cell,16601,93613,17.73
sample00073,no,PBMC,b_cell,10426,104898,9.94
sample00073,no,PBMC,cd4_t_cell,26510,104898,25.27
sample00073,no,PBMC,cd8_t_cell,28944,104898,27.59
sample00073,no,PBMC,monocyte,19567,104898,18.65
sample00073,no,PBMC,nk_cell,19451,104898,18.54
sample00074,no,PBMC,b_cell,13166,92232,14.27
sample00074,no,PBMC,cd4_t_cell,33699,92232,36.54
sample00074,no,PBMC,cd8_t_cell,18608,92232,20.18
sample00074,no,PBMC,monocyte,11200,92232,12.14
sample00074,no,PBMC,nk_cell,15559,92232,16.87
sample00075,yes,PBMC,b_cell,14480,104711,13.83
sample00075,yes,PBMC,cd4_t_cell,33149,104711,31.66
sample00075,yes,PBMC,cd8_t_cell,26460,104711,25.27
sample00075,yes,PBMC,monocyte,15639,104711,14.94
sample00075,yes,PBMC,nk_cell,14983,104711,14.31
sample00076,yes,PBMC,b_cell,12385,110097,11.25
sample00076,yes,PBMC,cd4_t_cell,37340,110097,33.92
sample00076,yes,PBMC,cd8_t_cell,23764,110097,21.58
sample00076,yes,PBMC,monocyte,20907,110097,18.99
sample00076,yes,PBMC,nk_cell,15701,110097,14.26
sample00077,yes,PBMC,b_cell,9602,105432,9.11
sample00077,yes,PBMC,cd4_t_cell,42528,105432,40.34
sample00077,yes,PBMC,cd8_t_cell,18744,105432,17.78
sample00077,yes,PBMC,monocyte,17956,105432,17.03
sample00077,yes,PBMC,nk_cell,16602,105432,15.75
sample00081,no,PBMC,b_cell,9595,93286,10.29
sample00081,no,PBMC,cd4_t_cell,31245,93286,33.49
sample00081,no,PBMC,cd8_t_cell,18940,93286,20.3
sample00081,no,PBMC,monocyte,18924,93286,20.29
sample00081,no,PBMC,nk_cell,14582,93286,15.63
sample00082,no,PBMC,b_cell,6068,103389,5.87
sample00082,no,PBMC,cd4_t_cell,30549,103389,29.55
sample00082,no,PBMC,cd8_t_cell,31190,103389,30.17
sample00082,no,PBMC,monocyte,17682,103389,17.1
sample00082,no,PBMC,nk_cell,17900,103389,17.31
sample00083,no,PBMC,b_cell,7306,88242,8.28
sample00083,no,PBMC,cd4_t_cell,23762,88242,26.93
sample00083,no,PBMC,cd8_t_cell,23204,88242,26.3
sample00083,no,PBMC,monocyte,17528,88242,19.86
sample00083,no,PBMC,nk_cell,16442,88242,18.63
sample00123,no,PBMC,b_cell,8588,101404,8.47
sample00123,no,PBMC,cd4_t_cell,29889,101404,29.48
sample00123,no,PBMC,cd8_t_cell,26624,101404,26.26
sample00123,no,PBMC,monocyte,19142,101404,18.88
sample00123,no,PBMC,nk_cell,17161,101404,16.92
sample00124,no,PBMC,b_cell,7220,91040,7.93
sample00124,no,PBMC,cd4_t_cell,28332,91040,31.12
sample00124,no,PBMC,cd8_t_cell,23608,91040,25.93
sample00124,no,PBMC,monocyte,19553,91040,21.48
sample00124,no,PBMC,nk_cell,12327,91040,13.54
sample00125,no,PBMC,b_cell,18039,108174,16.68
sample00125,no,PBMC,cd4_t_cell,27052,108174,25.01
sample00125,no,PBMC,cd8_t_cell,34464,108174,31.86
sample00125,no,PBMC,monocyte,15254,108174,14.1
sample00125,no,PBMC,nk_cell,13365,108174,12.36
sample00141,yes,PBMC,b_cell,4896,103696,4.72
sample00141,yes,PBMC,cd4_t_cell,35662,103696,34.39
sample00141,yes,PBMC,cd8_t_cell,28642,103696,27.62
sample00141,yes,PBMC,monocyte,21325,103696,20.56
sample00141,yes,PBMC,nk_cell,13171,103696,12.7
sample00142,yes,PBMC,b_cell,10372,98991,10.48
sample00142,yes,PBMC,cd4_t_cell,32331,98991,32.66
sample00142,yes,PBMC,cd8_t_cell,26865,98991,27.14
sample00142,yes,PBMC,monocyte,17299,98991,17.48
sample00142,yes,PBMC,nk_cell,12124,98991,12.25
sample00143,yes,PBMC,b_cell,7954,95184,8.36
sample00143,yes,PBMC,cd4_t_cell,24873,95184,26.13
sample00143,yes,PBMC,cd8_t_cell,32400,95184,34.04
sample00143,yes,PBMC,monocyte,10588,95184,11.12
sample00143,yes,PBMC,nk_cell,19369,95184,20.35
sample00153,no,PBMC,b_cell,12772,105449,12.11
sample00153,no,PBMC,cd4_t_cell,30009,105449,28.46
sample00153,no,PBMC,cd8_t_cell,27496,105449,26.08
sample00153,no,PBMC,monocyte,16853,105449,15.98
sample00153,no,PBMC,nk_cell,18319,105449,17.37
sample00154,no,PBMC,b_cell,4851,98244,4.94
sample00154,no,PBMC,cd4_t_cell,29002,98244,29.52
sample00154,no,PBMC,cd8_t_cell,29394,98244,29.92
sample00154,no,PBMC,monocyte,14743,98244,15.01
sample00154,no,PBMC,nk_cell,20254,98244,20.62
sample00155,no,PBMC,b_cell,9098,98358,9.25
sample00155,no,PBMC,cd4_t_cell,29519,98358,30.01
sample00155,no,PBMC,cd8_t_cell,31146,98358,31.67
sample00155,no,PBMC,monocyte,13591,98358,13.82
sample00155,no,PBMC,nk_cell,15004,98358,15.25
sample00165,yes,PBMC,b_cell,11804,111486,10.59
sample00165,yes,PBMC,cd4_t_cell,35119,111486,31.5
sample00165,yes,PBMC,cd8_t_cell,19245,111486,17.26
sample00165,yes,PBMC,monocyte,21456,111486,19.25
sample00165,yes,PBMC,nk_cell,23862,111486,21.4
sample00166,yes,PBMC,b_cell,9198,111770,8.23
sample00166,yes,PBMC,cd4_t_cell,33200,111770,29.7
sample00166,yes,PBMC,cd8_t_cell,21433,111770,19.18
sample00166,yes,PBMC,monocyte,26183,111770,23.43
sample00166,yes,PBMC,nk_cell,21756,111770,19.46
sample00167,yes,PBMC,b_cell,9538,108425,8.8
sample00167,yes,PBMC,cd4_t_cell,26658,108425,24.59
sample00167,yes,PBMC,cd8_t_cell,40134,108425,37.02
sample00167,yes,PBMC,monocyte,19194,108425,17.7
sample00167,yes,PBMC,nk_cell,12901,108425,11.9
sample00168,yes,PBMC,b_cell,8186,102412,7.99
sample00168,yes,PBMC,cd4_t_cell,30370,102412,29.65
sample00168,yes,PBMC,cd8_t_cell,32947,102412,32.17
sample00168,yes,PBMC,monocyte,12267,102412,11.98
sample00168,yes,PBMC,nk_cell,18642,102412,18.2
sample00169,yes,PBMC,b_cell,8106,93829,8.64
sample00169,yes,PBMC,cd4_t_cell,33236,93829,35.42
sample00169,yes,PBMC,cd8_t_cell,23215,93829,24.74
sample00169,yes,PBMC,monocyte,14590,93829,15.55
sample00169,yes,PBMC,nk_cell,14682,93829,15.65
sample00170,yes,PBMC,b_cell,7984,98457,8.11
sample00170,yes,PBMC,cd4_t_cell,26639,98457,27.06
sample00170,yes,PBMC,cd8_t_cell,25161,98457,25.56
sample00170,yes,PBMC,monocyte,24495,98457,24.88
sample00170,yes,PBMC,nk_cell,14178,98457,14.4
sample00174,no,PBMC,b_cell,7405,97817,7.57
sample00174,no,PBMC,cd4_t_cell,32965,97817,33.7
sample00174,no,PBMC,cd8_t_cell,22137,97817,22.63
sample00174,no,PBMC,monocyte,14505,97817,14.83
sample00174,no,PBMC,nk_cell,20805,97817,21.27
sample00175,no,PBMC,b_cell,11412,107707,10.6
sample00175,no,PBMC,cd4_t_cell,36667,107707,34.04
sample00175,no,PBMC,cd8_t_cell,23005,107707,21.36
sample00175,no,PBMC,monocyte,22975,107707,21.33
sample00175,no,PBMC,nk_cell,13648,107707,12.67
sample00176,no,PBMC,b_cell,7371,97220,7.58
sample00176,no,PBMC,cd4_t_cell,31741,97220,32.65
sample00176,no,PBMC,cd8_t_cell,18491,97220,19.02
sample00176,no,PBMC,monocyte,26575,97220,27.33
sample00176,no,PBMC,nk_cell,13042,97220,13.41
sample00186,no,PBMC,b_cell,12451,99781,12.48
sample00186,no,PBMC,cd4_t_cell,21131,99781,21.18
sample00186,no,PBMC,cd8_t_cell,32194,99781,32.26
sample00186,no,PBMC,monocyte,19122,99781,19.16
sample00186,no,PBMC,nk_cell,14883,99781,14.92
sample00187,no,PBMC,b_cell,13389,97273,13.76
sample00187,no,PBMC,cd4_t_cell,25999,97273,26.73
sample00187,no,PBMC,cd8_t_cell,22858,97273,23.5
sample00187,no,PBMC,monocyte,22047,97273,22.67
sample00187,no,PBMC,nk_cell,12980,97273,13.34
sample00188,no,PBMC,b_cell,10012,93651,10.69
sample00188,no,PBMC,cd4_t_cell,30565,93651,32.64
sample00188,no,PBMC,cd8_t_cell,20985,93651,22.41
sample00188,no,PBMC,monocyte,19179,93651,20.48
sample00188,no,PBMC,nk_cell,12910,93651,13.79
sample00189,no,PBMC,b_cell,7128,92269,7.73
sample00189,no,PBMC,cd4_t_cell,32117,92269,34.81
sample00189,no,PBMC,cd8_t_cell,25593,92269,27.74
sample00189,no,PBMC,monocyte,17971,92269,19.48
sample00189,no,PBMC,nk_cell,9460,92269,10.25
sample00190,no,PBMC,b_cell,5835,107702,5.42
sample00190,no,PBMC,cd4_t_cell,30147,107702,27.99
sample00190,no,PBMC,cd8_t_cell,30522,107702,28.34
sample00190,no,PBMC,monocyte,27256,107702,25.31
sample00190,no,PBMC,nk_cell,13942,107702,12.94
sample00191,no,PBMC,b_cell,10650,97633,10.91
sample00191,no,PBMC,cd4_t_cell,25785,97633,26.41
sample00191,no,PBMC,cd8_t_cell,30449,97633,31.19
sample00191,no,PBMC,monocyte,18500,97633,18.95
sample00191,no,PBMC,nk_cell,12249,97633,12.55
sample00213,no,PBMC,b_cell,11597,98753,11.74
sample00213,no,PBMC,cd4_t_cell,33550,98753,33.97
sample00213,no,PBMC,cd8_t_cell,23412,98753,23.71
sample00213,no,PBMC,monocyte,15033,98753,15.22
sample00213,no,PBMC,nk_cell,15161,98753,15.35
sample00214,no,PBMC,b_cell,13613,102152,13.33
sample00214,no,PBMC,cd4_t_cell,23583,102152,23.09
sample00214,no,PBMC,cd8_t_cell,26516,102152,25.96
sample00214,no,PBMC,monocyte,24990,102152,24.46
sample00214,no,PBMC,nk_cell,13450,102152,13.17
sample00215,no,PBMC,b_cell,8136,90715,8.97
sample00215,no,PBMC,cd4_t_cell,28823,90715,31.77
sample00215,no,PBMC,cd8_t_cell,24167,90715,26.64
sample00215,no,PBMC,monocyte,19257,90715,21.23
sample00215,no,PBMC,nk_cell,10332,90715,11.39
sample00243,no,PBMC,b_cell,4990,98635,5.06
sample00243,no,PBMC,cd4_t_cell,32382,98635,32.83
sample00243,no,PBMC,cd8_t_cell,22986,98635,23.3
sample00243,no,PBMC,monocyte,20959,98635,21.25
sample00243,no,PBMC,nk_cell,17318,98635,17.56
sample00244,no,PBMC,b_cell,3494,97287,3.59
sample00244,no,PBMC,cd4_t_cell,35561,97287,36.55
sample00244,no,PBMC,cd8_t_cell,25315,97287,26.02
sample00244,no,PBMC,monocyte,17047,97287,17.52
sample00244,no,PBMC,nk_cell,15870,97287,16.31
sample00245,no,PBMC,b_cell,12390,96046,12.9
sample00245,no,PBMC,cd4_t_cell,32230,96046,33.56
sample00245,no,PBMC,cd8_t_cell,19581,96046,20.39
sample00245,no,PBMC,monocyte,23257,96046,24.21
sample00245,no,PBMC,nk_cell,8588,96046,8.94
sample00249,no,PBMC,b_cell,13882,98477,14.1
sample00249,no,PBMC,cd4_t_cell,23790,98477,24.16
sample00249,no,PBMC,cd8_t_cell,26030,98477,26.43
sample00249,no,PBMC,monocyte,19345,98477,19.64
sample00249,no,PBMC,nk_cell,15430,98477,15.67
sample00250,no,PBMC,b_cell,10657,103559,10.29
sample00250,no,PBMC,cd4_t_cell,24600,103559,23.75
sample00250,no,PBMC,cd8_t_cell,25338,103559,24.47
sample00250,no,PBMC,monocyte,23617,103559,22.81
sample00250,no,PBMC,nk_cell,19347,103559,18.68
sample00251,no,PBMC,b_cell,8751,98386,8.89
sample00251,no,PBMC,cd4_t_cell,29765,98386,30.25
sample00251,no,PBMC,cd8_t_cell,21432,98386,21.78
sample00251,no,PBMC,monocyte,24696,98386,25.1
sample00251,no,PBMC,nk_cell,13742,98386,13.97
sample00261,yes,PBMC,b_cell,9523,110763,8.6
sample00261,yes,PBMC,cd4_t_cell,27324,110763,24.67
sample00261,yes,PBMC,cd8_t_cell,37067,110763,33.47
sample00261,yes,PBMC,monocyte,22459,110763,20.28
sample00261,yes,PBMC,nk_cell,14390,110763,12.99
sample00262,yes,PBMC,b_cell,8695,99327,8.75
sample00262,yes,PBMC,cd4_t_cell,35578,99327,35.82
sample00262,yes,PBMC,cd8_t_cell,26686,99327,26.87
sample00262,yes,PBMC,monocyte,15026,99327,15.13
sample00262,yes,PBMC,nk_cell,13342,99327,13.43
sample00263,yes,PBMC,b_cell,10125,97454,10.39
sample00263,yes,PBMC,cd4_t_cell,31442,97454,32.26
sample00263,yes,PBMC,cd8_t_cell,24439,97454,25.08
sample00263,yes,PBMC,monocyte,11028,97454,11.32
sample00263,yes,PBMC,nk_cell,20420,97454,20.95
sample00285,no,PBMC,b_cell,14107,90622,15.57
sample00285,no,PBMC,cd4_t_cell,32219,90622,35.55
sample00285,no,PBMC,cd8_t_cell,18323,90622,20.22
sample00285,no,PBMC,monocyte,15444,90622,17.04
sample00285,no,PBMC,nk_cell,10529,90622,11.62
sample00286,no,PBMC,b_cell,8639,103894,8.32
sample00286,no,PBMC,cd4_t_cell,30448,103894,29.31
sample00286,no,PBMC,cd8_t_cell,22684,103894,21.83
sample00286,no,PBMC,monocyte,25843,103894,24.87
sample00286,no,PBMC,nk_cell,16280,103894,15.67
sample00287,no,PBMC,b_cell,8995,96806,9.29
sample00287,no,PBMC,cd4_t_cell,22642,96806,23.39
sample00287,no,PBMC,cd8_t_cell,32971,96806,34.06
sample00287,no,PBMC,monocyte,17057,96806,17.62
sample00287,no,PBMC,nk_cell,15141,96806,15.64
sample00324,yes,PBMC,b_cell,5829,107593,5.42
sample00324,yes,PBMC,cd4_t_cell,21022,107593,19.54
sample00324,yes,PBMC,cd8_t_cell,25471,107593,23.67
sample00324,yes,PBMC,monocyte,30169,107593,28.04
sample00324,yes,PBMC,nk_cell,25102,107593,23.33
sample00325,yes,PBMC,b_cell,9424,102479,9.2
sample00325,yes,PBMC,cd4_t_cell,26076,102479,25.45
sample00325,yes,PBMC,cd8_t_cell,25662,102479,25.04
sample00325,yes,PBMC,monocyte,23130,102479,22.57
sample00325,yes,PBMC,nk_cell,18187,102479,17.75
sample00326,yes,PBMC,b_cell,12099,97661,12.39
sample00326,yes,PBMC,cd4_t_cell,36551,97661,37.43
sample00326,yes,PBMC,cd8_t_cell,14270,97661,14.61
sample00326,yes,PBMC,monocyte,23287,97661,23.84
sample00326,yes,PBMC,nk_cell,11454,97661,11.73
sample00327,yes,PBMC,b_cell,12095,98632,12.26
sample00327,yes,PBMC,cd4_t_cell,30162,98632,30.58
sample00327,yes,PBMC,cd8_t_cell,22173,98632,22.48
sample00327,yes,PBMC,monocyte,18479,98632,18.74
sample00327,yes,PBMC,nk_cell,15723,98632,15.94
sample00328,yes,PBMC,b_cell,11588,96267,12.04
sample00328,yes,PBMC,cd4_t_cell,25319,96267,26.3
sample00328,yes,PBMC,cd8_t_cell,24900,96267,25.87
sample00328,yes,PBMC,monocyte,18355,96267,19.07
sample00328,yes,PBMC,nk_cell,16105,96267,16.73
sample00329,yes,PBMC,b_cell,10454,107732,9.7
sample00329,yes,PBMC,cd4_t_cell,35118,107732,32.6
sample00329,yes,PBMC,cd8_t_cell,23108,107732,21.45
sample00329,yes,PBMC,monocyte,19493,107732,18.09
sample00329,yes,PBMC,nk_cell,19559,107732,18.16
sample00333,yes,PBMC,b_cell,12249,97084,12.62
sample00333,yes,PBMC,cd4_t_cell,33510,97084,34.52
sample00333,yes,PBMC,cd8_t_cell,21075,97084,21.71
sample00333,yes,PBMC,monocyte,24650,97084,25.39
sample00333,yes,PBMC,nk_cell,5600,97084,5.77
sample00334,yes,PBMC,b_cell,13875,101241,13.7
sample00334,yes,PBMC,cd4_t_cell,32336,101241,31.94
sample00334,yes,PBMC,cd8_t_cell,16142,101241,15.94
sample00334,yes,PBMC,monocyte,25713,101241,25.4
sample00334,yes,PBMC,nk_cell,13175,101241,13.01
sample00335,yes,PBMC,b_cell,9604,102261,9.39
sample00335,yes,PBMC,cd4_t_cell,33271,102261,32.54
sample00335,yes,PBMC,cd8_t_cell,19327,102261,18.9
sample00335,yes,PBMC,monocyte,26942,102261,26.35
sample00335,yes,PBMC,nk_cell,13117,102261,12.83
sample00369,yes,PBMC,b_cell,9633,99288,9.7
sample00369,yes,PBMC,cd4_t_cell,26472,99288,26.66
sample00369,yes,PBMC,cd8_t_cell,34374,99288,34.62
sample00369,yes,PBMC,monocyte,18678,99288,18.81
sample00369,yes,PBMC,nk_cell,10131,99288,10.2
sample00370,yes,PBMC,b_cell,13888,103267,13.45
sample00370,yes,PBMC,cd4_t_cell,25142,103267,24.35
sample00370,yes,PBMC,cd8_t_cell,24908,103267,24.12
sample00370,yes,PBMC,monocyte,24721,103267,23.94
sample00370,yes,PBMC,nk_cell,14608,103267,14.15
sample00371,yes,PBMC,b_cell,3757,94340,3.98
sample00371,yes,PBMC,cd4_t_cell,29999,94340,31.8
sample00371,yes,PBMC,cd8_t_cell,21002,94340,22.26
sample00371,yes,PBMC,monocyte,23777,94340,25.2
sample00371,yes,PBMC,nk_cell,15805,94340,16.75
sample00378,yes,PBMC,b_cell,13078,101500,12.88
sample00378,yes,PBMC,cd4_t_cell,29791,101500,29.35
sample00378,yes,PBMC,cd8_t_cell,24014,101500,23.66
sample00378,yes,PBMC,monocyte,16374,101500,16.13
sample00378,yes,PBMC,nk_cell,18243,101500,17.97
sample00379,yes,PBMC,b_cell,17131,105343,16.26
sample00379,yes,PBMC,cd4_t_cell,24216,105343,22.99
sample00379,yes,PBMC,cd8_t_cell,31779,105343,30.17
sample00379,yes,PBMC,monocyte,19469,105343,18.48
sample00379,yes,PBMC,nk_cell,12748,105343,12.1
sample00380,yes,PBMC,b_cell,5710,95275,5.99
sample00380,yes,PBMC,cd4_t_cell,34343,95275,36.05
sample00380,yes,PBMC,cd8_t_cell,27668,95275,29.04
sample00380,yes,PBMC,monocyte,13104,95275,13.75
sample00380,yes,PBMC,nk_cell,14450,95275,15.17
sample00402,no,PBMC,b_cell,5436,91145,5.96
sample00402,no,PBMC,cd4_t_cell,27551,91145,30.23
sample00402,no,PBMC,cd8_t_cell,24146,91145,26.49
sample00402,no,PBMC,monocyte,24839,91145,27.25
sample00402,no,PBMC,nk_cell,9173,91145,10.06
sample00403,no,PBMC,b_cell,9302,104802,8.88
sample00403,no,PBMC,cd4_t_cell,34774,104802,33.18
sample00403,no,PBMC,cd8_t_cell,23495,104802,22.42
sample00403,no,PBMC,monocyte,25941,104802,24.75
sample00403,no,PBMC,nk_cell,11290,104802,10.77
sample00404,no,PBMC,b_cell,8705,95275,9.14
sample00404,no,PBMC,cd4_t_cell,27367,95275,28.72
sample00404,no,PBMC,cd8_t_cell,17060,95275,17.91
sample00404,no,PBMC,monocyte,17564,95275,18.44
sample00404,no,PBMC,nk_cell,24579,95275,25.8
sample00411,no,PBMC,b_cell,15442,107991,14.3
sample00411,no,PBMC,cd4_t_cell,40919,107991,37.89
sample00411,no,PBMC,cd8_t_cell,12059,107991,11.17
sample00411,no,PBMC,monocyte,23948,107991,22.18
sample00411,no,PBMC,nk_cell,15623,107991,14.47
sample00412,no,PBMC,b_cell,4745,98963,4.79
sample00412,no,PBMC,cd4_t_cell,27570,98963,27.86
sample00412,no,PBMC,cd8_t_cell,26431,98963,26.71
sample00412,no,PBMC,monocyte,21356,98963,21.58
sample00412,no,PBMC,nk_cell,18861,98963,19.06
sample00413,no,PBMC,b_cell,8386,110787,7.57
sample00413,no,PBMC,cd4_t_cell,38387,110787,34.65
sample00413,no,PBMC,cd8_t_cell,27257,110787,24.6
sample00413,no,PBMC,monocyte,19573,110787,17.67
sample00413,no,PBMC,nk_cell,17184,110787,15.51
sample00414,no,PBMC,b_cell,6667,92653,7.2
sample00414,no,PBMC,cd4_t_cell,24241,92653,26.16
sample00414,no,PBMC,cd8_t_cell,20017,92653,21.6
sample00414,no,PBMC,monocyte,23724,92653,25.61
sample00414,no,PBMC,nk_cell,18004,92653,19.43
sample00415,no,PBMC,b_cell,11699,106472,10.99
sample00415,no,PBMC,cd4_t_cell,23791,106472,22.34
sample00415,no,PBMC,cd8_t_cell,27307,106472,25.65
sample00415,no,PBMC,monocyte,27902,106472,26.21
sample00415,no,PBMC,nk_cell,15773,106472,14.81
sample00416,no,PBMC,b_cell,6873,90342,7.61
sample00416,no,PBMC,cd4_t_cell,35468,90342,39.26
sample00416,no,PBMC,cd8_t_cell,19186,90342,21.24
sample00416,no,PBMC,monocyte,19067,90342,21.11
sample00416,no,PBMC,nk_cell,9748,90342,10.79
sample00426,yes,PBMC,b_cell,12193,96997,12.57
sample00426,yes,PBMC,cd4_t_cell,27993,96997,28.86
sample00426,yes,PBMC,cd8_t_cell,26398,96997,27.22
sample00426,yes,PBMC,monocyte,19232,96997,19.83
sample00426,yes,PBMC,nk_cell,11181,96997,11.53
sample00427,yes,PBMC,b_cell,11273,93526,12.05
sample00427,yes,PBMC,cd4_t_cell,22813,93526,24.39
sample00427,yes,PBMC,cd8_t_cell,25957,93526,27.75
sample00427,yes,PBMC,monocyte,19663,93526,21.02
sample00427,yes,PBMC,nk_cell,13820,93526,14.78
sample00428,yes,PBMC,b_cell,3953,93130,4.24
sample00428,yes,PBMC,cd4_t_cell,35237,93130,37.84
sample00428,yes,PBMC,cd8_t_cell,25768,93130,27.67
sample00428,yes,PBMC,monocyte,13304,93130,14.29
sample00428,yes,PBMC,nk_cell,14868,93130,15.96
sample00435,no,PBMC,b_cell,10578,107516,9.84
sample00435,no,PBMC,cd4_t_cell,31050,107516,28.88
sample00435,no,PBMC,cd8_t_cell,31278,107516,29.09
sample00435,no,PBMC,monocyte,20614,107516,19.17
sample00435,no,PBMC,nk_cell,13996,107516,13.02
sample00436,no,PBMC,b_cell,6569,90324,7.27
sample00436,no,PBMC,cd4_t_cell,24932,90324,27.6
sample00436,no,PBMC,cd8_t_cell,20107,90324,22.26
sample00436,no,PBMC,monocyte,21660,90324,23.98
sample00436,no,PBMC,nk_cell,17056,90324,18.88
sample00437,no,PBMC,b_cell,9752,97610,9.99
sample00437,no,PBMC,cd4_t_cell,26190,97610,26.83
sample00437,no,PBMC,cd8_t_cell,29532,97610,30.26
sample00437,no,PBMC,monocyte,20264,97610,20.76
sample00437,no,PBMC,nk_cell,11872,97610,12.16
sample00447,yes,PBMC,b_cell,7585,98729,7.68
sample00447,yes,PBMC,cd4_t_cell,26801,98729,27.15
sample00447,yes,PBMC,cd8_t_cell,21945,98729,22.23
sample00447,yes,PBMC,monocyte,26652,98729,27.0
sample00447,yes,PBMC,nk_cell,15746,98729,15.95
sample00448,yes,PBMC,b_cell,5917,105500,5.61
sample00448,yes,PBMC,cd4_t_cell,33741,105500,31.98
sample00448,yes,PBMC,cd8_t_cell,24450,105500,23.18
sample00448,yes,PBMC,monocyte,29611,105500,28.07
sample00448,yes,PBMC,nk_cell,11781,105500,11.17
sample00449,yes,PBMC,b_cell,8797,99023,8.88
sample00449,yes,PBMC,cd4_t_cell,30689,99023,30.99
sample00449,yes,PBMC,cd8_t_cell,28624,99023,28.91
sample00449,yes,PBMC,monocyte,12786,99023,12.91
sample00449,yes,PBMC,nk_cell,18127,99023,18.31
sample00459,no,PBMC,b_cell,7468,96487,7.74
sample00459,no,PBMC,cd4_t_cell,30699,96487,31.82
sample00459,no,PBMC,cd8_t_cell,23530,96487,24.39
sample00459,no,PBMC,monocyte,17334,96487,17.97
sample00459,no,PBMC,nk_cell,17456,96487,18.09
sample00460,no,PBMC,b_cell,7938,101893,7.79
sample00460,no,PBMC,cd4_t_cell,33131,101893,32.52
sample00460,no,PBMC,cd8_t_cell,25279,101893,24.81
sample00460,no,PBMC,monocyte,19169,101893,18.81
sample00460,no,PBMC,nk_cell,16376,101893,16.07
sample00461,no,PBMC,b_cell,12744,101052,12.61
sample00461,no,PBMC,cd4_t_cell,32549,101052,32.21
sample00461,no,PBMC,cd8_t_cell,24463,101052,24.21
sample00461,no,PBMC,monocyte,16772,101052,16.6
sample00461,no,PBMC,nk_cell,14524,101052,14.37
sample00465,no,PBMC,b_cell,6595,93629,7.04
sample00465,no,PBMC,cd4_t_cell,25627,93629,27.37
sample00465,no,PBMC,cd8_t_cell,26819,93629,28.64
sample00465,no,PBMC,monocyte,16653,93629,17.79
sample00465,no,PBMC,nk_cell,17935,93629,19.16
sample00466,no,PBMC,b_cell,15853,99232,15.98
sample00466,no,PBMC,cd4_t_cell,29404,99232,29.63
sample00466,no,PBMC,cd8_t_cell,23269,99232,23.45
sample00466,no,PBMC,monocyte,21415,99232,21.58
sample00466,no,PBMC,nk_cell,9291,99232,9.36
sample00467,no,PBMC,b_cell,14650,93276,15.71
sample00467,no,PBMC,cd4_t_cell,23113,93276,24.78
sample00467,no,PBMC,cd8_t_cell,22738,93276,24.38
sample00467,no,PBMC,monocyte,23304,93276,24.98
sample00467,no,PBMC,nk_cell,9471,93276,10.15
sample00471,no,PBMC,b_cell,6409,106307,6.03
sample00471,no,PBMC,cd4_t_cell,38463,106307,36.18
sample00471,no,PBMC,cd8_t_cell,24626,106307,23.16
sample00471,no,PBMC,monocyte,22019,106307,20.71
sample00471,no,PBMC,nk_cell,14790,106307,13.91
sample00472,no,PBMC,b_cell,8943,98089,9.12
sample00472,no,PBMC,cd4_t_cell,27580,98089,28.12
sample00472,no,PBMC,cd8_t_cell,26833,98089,27.36
sample00472,no,PBMC,monocyte,19745,98089,20.13
sample00472,no,PBMC,nk_cell,14988,98089,15.28
sample00473,no,PBMC,b_cell,8540,90146,9.47
sample00473,no,PBMC,cd4_t_cell,29430,90146,32.65
sample00473,no,PBMC,cd8_t_cell,15898,90146,17.64
sample00473,no,PBMC,monocyte,16972,90146,18.83
sample00473,no,PBMC,nk_cell,19306,90146,21.42
sample00480,no,PBMC,b_cell,10721,102557,10.45
sample00480,no,PBMC,cd4_t_cell,27870,102557,27.18
sample00480,no,PBMC,cd8_t_cell,18050,102557,17.6
sample00480,no,PBMC,monocyte,21297,102557,20.77
sample00480,no,PBMC,nk_cell,24619,102557,24.01
sample00481,no,PBMC,b_cell,8306,102711,8.09
sample00481,no,PBMC,cd4_t_cell,27280,102711,26.56
sample00481,no,PBMC,cd8_t_cell,29791,102711,29.0
sample00481,no,PBMC,monocyte,18584,102711,18.09
sample00481,no,PBMC,nk_cell,18750,102711,18.26
sample00482,no,PBMC,b_cell,12509,109915,11.38
sample00482,no,PBMC,cd4_t_cell,31739,109915,28.88
sample00482,no,PBMC,cd8_t_cell,25245,109915,22.97
sample00482,no,PBMC,monocyte,25823,109915,23.49
sample00482,no,PBMC,nk_cell,14599,109915,13.28
sample00483,yes,PBMC,b_cell,9905,94926,10.43
sample00483,yes,PBMC,cd4_t_cell,30255,94926,31.87
sample00483,yes,PBMC,cd8_t_cell,17870,94926,18.83
sample00483,yes,PBMC,monocyte,21079,94926,22.21
sample00483,yes,PBMC,nk_cell,15817,94926,16.66
sample00484,yes,PBMC,b_cell,14062,110072,12.78
sample00484,yes,PBMC,cd4_t_cell,37382,110072,33.96
sample00484,yes,PBMC,cd8_t_cell,28231,110072,25.65
sample00484,yes,PBMC,monocyte,21045,110072,19.12
sample00484,yes,PBMC,nk_cell,9352,110072,8.5
sample00485,yes,PBMC,b_cell,10786,102542,10.52
sample00485,yes,PBMC,cd4_t_cell,30280,102542,29.53
sample00485,yes,PBMC,cd8_t_cell,25790,102542,25.15
sample00485,yes,PBMC,monocyte,19950,102542,19.46
sample00485,yes,PBMC,nk_cell,15736,102542,15.35
sample00492,no,PBMC,b_cell,9674,90452,10.7
sample00492,no,PBMC,cd4_t_cell,26382,90452,29.17
sample00492,no,PBMC,cd8_t_cell,24210,90452,26.77
sample00492,no,PBMC,monocyte,15831,90452,17.5
sample00492,no,PBMC,nk_cell,14355,90452,15.87
sample00493,no,PBMC,b_cell,9490,101317,9.37
sample00493,no,PBMC,cd4_t_cell,16810,101317,16.59
sample00493,no,PBMC,cd8_t_cell,27761,101317,27.4
sample00493,no,PBMC,monocyte,28058,101317,27.69
sample00493,no,PBMC,nk_cell,19198,101317,18.95
sample00494,no,PBMC,b_cell,8531,105084,8.12
sample00494,no,PBMC,cd4_t_cell,30162,105084,28.7
sample00494,no,PBMC,cd8_t_cell,29764,105084,28.32
sample00494,no,PBMC,monocyte,23440,105084,22.31
sample00494,no,PBMC,nk_cell,13187,105084,12.55
sample00498,yes,PBMC,b_cell,10176,109114,9.33
sample00498,yes,PBMC,cd4_t_cell,29642,109114,27.17
sample00498,yes,PBMC,cd8_t_cell,18699,109114,17.14
sample00498,yes,PBMC,monocyte,30678,109114,28.12
sample00498,yes,PBMC,nk_cell,19919,109114,18.26
sample00499,yes,PBMC,b_cell,10355,92534,11.19
sample00499,yes,PBMC,cd4_t_cell,25198,92534,27.23
sample00499,yes,PBMC,cd8_t_cell,21993,92534,23.77
sample00499,yes,PBMC,monocyte,21745,92534,23.5
sample00499,yes,PBMC,nk_cell,13243,92534,14.31
sample00500,yes,PBMC,b_cell,9346,92267,10.13
sample00500,yes,PBMC,cd4_t_cell,32952,92267,35.71
sample00500,yes,PBMC,cd8_t_cell,27662,92267,29.98
sample00500,yes,PBMC,monocyte,9171,92267,9.94
sample00500,yes,PBMC,nk_cell,13136,92267,14.24
sample00510,yes,PBMC,b_cell,5778,101519,5.69
sample00510,yes,PBMC,cd4_t_cell,39401,101519,38.81
sample00510,yes,PBMC,cd8_t_cell,21878,101519,21.55
sample00510,yes,PBMC,monocyte,23867,101519,23.51
sample00510,yes,PBMC,nk_cell,10595,101519,10.44
sample00511,yes,PBMC,b_cell,11825,94245,12.55
sample00511,yes,PBMC,cd4_t_cell,30515,94245,32.38
sample00511,yes,PBMC,cd8_t_cell,19982,94245,21.2
sample00511,yes,PBMC,monocyte,21583,94245,22.9
sample00511,yes,PBMC,nk_cell,10340,94245,10.97
sample00512,yes,PBMC,b_cell,8104,105031,7.72
sample00512,yes,PBMC,cd4_t_cell,38844,105031,36.98
sample00512,yes,PBMC,cd8_t_cell,32150,105031,30.61
sample00512,yes,PBMC,monocyte,16925,105031,16.11
sample00512,yes,PBMC,nk_cell,9008,105031,8.58
sample00513,no,PBMC,b_cell,15841,87506,18.1
sample00513,no,PBMC,cd4_t_cell,28149,87506,32.17
sample00513,no,PBMC,cd8_t_cell,18915,87506,21.62
sample00513,no,PBMC,monocyte,13238,87506,15.13
sample00513,no,PBMC,nk_cell,11363,87506,12.99
sample00514,no,PBMC,b_cell,6158,95912,6.42
sample00514,no,PBMC,cd4_t_cell,35372,95912,36.88
sample00514,no,PBMC,cd8_t_cell,28628,95912,29.85
sample00514,no,PBMC,monocyte,9899,95912,10.32
sample00514,no,PBMC,nk_cell,15855,95912,16.53
sample00515,no,PBMC,b_cell,6356,100291,6.34
sample00515,no,PBMC,cd4_t_cell,31016,100291,30.93
sample00515,no,PBMC,cd8_t_cell,23314,100291,23.25
sample00515,no,PBMC,monocyte,18653,100291,18.6
sample00515,no,PBMC,nk_cell,20952,100291,20.89
sample00516,no,PBMC,b_cell,7126,104517,6.82
sample00516,no,PBMC,cd4_t_cell,30109,104517,28.81
sample00516,no,PBMC,cd8_t_cell,30382,104517,29.07
sample00516,no,PBMC,monocyte,20547,104517,19.66
sample00516,no,PBMC,nk_cell,16353,104517,15.65
sample00517,no,PBMC,b_cell,17829,100185,17.8
sample00517,no,PBMC,cd4_t_cell,27380,100185,27.33
sample00517,no,PBMC,cd8_t_cell,25068,100185,25.02
sample00517,no,PBMC,monocyte,18551,100185,18.52
sample00517,no,PBMC,nk_cell,11357,100185,11.34
sample00518,no,PBMC,b_cell,11422,97914,11.67
sample00518,no,PBMC,cd4_t_cell,30377,97914,31.02
sample00518,no,PBMC,cd8_t_cell,20239,97914,20.67
sample00518,no,PBMC,monocyte,14879,97914,15.2
sample00518,no,PBMC,nk_cell,20997,97914,21.44
sample00522,no,PBMC,b_cell,9206,91990,10.01
sample00522,no,PBMC,cd4_t_cell,27176,91990,29.54
sample00522,no,PBMC,cd8_t_cell,20979,91990,22.81
sample00522,no,PBMC,monocyte,17945,91990,19.51
sample00522,no,PBMC,nk_cell,16684,91990,18.14
sample00523,no,PBMC,b_cell,11753,97036,12.11
sample00523,no,PBMC,cd4_t_cell,24748,97036,25.5
sample00523,no,PBMC,cd8_t_cell,19842,97036,20.45
sample00523,no,PBMC,monocyte,22951,97036,23.65
sample00523,no,PBMC,nk_cell,17742,97036,18.28
sample00524,no,PBMC,b_cell,8609,100342,8.58
sample00524,no,PBMC,cd4_t_cell,37945,100342,37.82
sample00524,no,PBMC,cd8_t_cell,20392,100342,20.32
sample00524,no,PBMC,monocyte,17149,100342,17.09
sample00524,no,PBMC,nk_cell,16247,100342,16.19
sample00534,no,PBMC,b_cell,5436,96652,5.62
sample00534,no,PBMC,cd4_t_cell,29217,96652,30.23
sample00534,no,PBMC,cd8_t_cell,23946,96652,24.78
sample00534,no,PBMC,monocyte,20739,96652,21.46
sample00534,no,PBMC,nk_cell,17314,96652,17.91
sample00535,no,PBMC,b_cell,6571,104896,6.26
sample00535,no,PBMC,cd4_t_cell,34895,104896,33.27
sample00535,no,PBMC,cd8_t_cell,31103,104896,29.65
sample00535,no,PBMC,monocyte,15000,104896,14.3
sample00535,no,PBMC,nk_cell,17327,104896,16.52
sample00536,no,PBMC,b_cell,9388,95929,9.79
sample00536,no,PBMC,cd4_t_cell,25325,95929,26.4
sample00536,no,PBMC,cd8_t_cell,23915,95929,24.93
sample00536,no,PBMC,monocyte,21373,95929,22.28
sample00536,no,PBMC,nk_cell,15928,95929,16.6
sample00537,yes,PBMC,b_cell,8150,97491,8.36
sample00537,yes,PBMC,cd4_t_cell,23747,97491,24.36
sample00537,yes,PBMC,cd8_t_cell,23608,97491,24.22
sample00537,yes,PBMC,monocyte,32326,97491,33.16
sample00537,yes,PBMC,nk_cell,9660,97491,9.91
sample00538,yes,PBMC,b_cell,13400,101454,13.21
sample00538,yes,PBMC,cd4_t_cell,28996,101454,28.58
sample00538,yes,PBMC,cd8_t_cell,18650,101454,18.38
sample00538,yes,PBMC,monocyte,24168,101454,23.82
sample00538,yes,PBMC,nk_cell,16240,101454,16.01
sample00539,yes,PBMC,b_cell,4590,112399,4.08
sample00539,yes,PBMC,cd4_t_cell,39448,112399,35.1
sample00539,yes,PBMC,cd8_t_cell,35181,112399,31.3
sample00539,yes,PBMC,monocyte,20062,112399,17.85
sample00539,yes,PBMC,nk_cell,13118,112399,11.67
sample00543,yes,PBMC,b_cell,10105,97856,10.33
sample00543,yes,PBMC,cd4_t_cell,26528,97856,27.11
sample00543,yes,PBMC,cd8_t_cell,26845,97856,27.43
sample00543,yes,PBMC,monocyte,23544,97856,24.06
sample00543,yes,PBMC,nk_cell,10834,97856,11.07
sample00544,yes,PBMC,b_cell,8779,97090,9.04
sample00544,yes,PBMC,cd4_t_cell,28409,97090,29.26
sample00544,yes,PBMC,cd8_t_cell,26478,97090,27.27
sample00544,yes,PBMC,monocyte,17356,97090,17.88
sample00544,yes,PBMC,nk_cell,16068,97090,16.55
sample00545,yes,PBMC,b_cell,17635,103635,17.02
sample00545,yes,PBMC,cd4_t_cell,30465,103635,29.4
sample00545,yes,PBMC,cd8_t_cell,25319,103635,24.43
sample00545,yes,PBMC,monocyte,20087,103635,19.38
sample00545,yes,PBMC,nk_cell,10129,103635,9.77
sample00555,yes,PBMC,b_cell,10822,102840,10.52
sample00555,yes,PBMC,cd4_t_cell,21371,102840,20.78
sample00555,yes,PBMC,cd8_t_cell,28122,102840,27.35
sample00555,yes,PBMC,monocyte,25327,102840,24.63
sample00555,yes,PBMC,nk_cell,17198,102840,16.72
sample00556,yes,PBMC,b_cell,5948,104133,5.71
sample00556,yes,PBMC,cd4_t_cell,31423,104133,30.18
sample00556,yes,PBMC,cd8_t_cell,27680,104133,26.58
sample00556,yes,PBMC,monocyte,19447,104133,18.68
sample00556,yes,PBMC,nk_cell,19635,104133,18.86
sample00557,yes,PBMC,b_cell,10701,104558,10.23
sample00557,yes,PBMC,cd4_t_cell,32733,104558,31.31
sample00557,yes,PBMC,cd8_t_cell,28840,104558,27.58
sample00557,yes,PBMC,monocyte,17277,104558,16.52
sample00557,yes,PBMC,nk_cell,15007,104558,14.35
sample00564,yes,PBMC,b_cell,11853,109932,10.78
sample00564,yes,PBMC,cd4_t_cell,31389,109932,28.55
sample00564,yes,PBMC,cd8_t_cell,21319,109932,19.39
sample00564,yes,PBMC,monocyte,25247,109932,22.97
sample00564,yes,PBMC,nk_cell,20124,109932,18.31
sample00565,yes,PBMC,b_cell,10498,99540,10.55
sample00565,yes,PBMC,cd4_t_cell,40944,99540,41.13
sample00565,yes,PBMC,cd8_t_cell,22857,99540,22.96
sample00565,yes,PBMC,monocyte,8042,99540,8.08
sample00565,yes,PBMC,nk_cell,17199,99540,17.28
sample00566,yes,PBMC,b_cell,13525,98928,13.67
sample00566,yes,PBMC,cd4_t_cell,37729,98928,38.14
sample00566,yes,PBMC,cd8_t_cell,19529,98928,19.74
sample00566,yes,PBMC,monocyte,16278,98928,16.45
sample00566,yes,PBMC,nk_cell,11867,98928,12.0
sample00585,no,PBMC,b_cell,7359,95591,7.7
sample00585,no,PBMC,cd4_t_cell,32609,95591,34.11
sample00585,no,PBMC,cd8_t_cell,29864,95591,31.24
sample00585,no,PBMC,monocyte,13590,95591,14.22
sample00585,no,PBMC,nk_cell,12169,95591,12.73
sample00586,no,PBMC,b_cell,13164,97970,13.44
sample00586,no,PBMC,cd4_t_cell,30068,97970,30.69
sample00586,no,PBMC,cd8_t_cell,24615,97970,25.13
sample00586,no,PBMC,monocyte,21908,97970,22.36
sample00586,no,PBMC,nk_cell,8215,97970,8.39
sample00587,no,PBMC,b_cell,6919,104607,6.61
sample00587,no,PBMC,cd4_t_cell,30706,104607,29.35
sample00587,no,PBMC,cd8_t_cell,29973,104607,28.65
sample00587,no,PBMC,monocyte,22111,104607,21.14
sample00587,no,PBMC,nk_cell,14898,104607,14.24
sample00588,no,PBMC,b_cell,7331,96138,7.63
sample00588,no,PBMC,cd4_t_cell,25098,96138,26.11
sample00588,no,PBMC,cd8_t_cell,26366,96138,27.43
sample00588,no,PBMC,monocyte,19917,96138,20.72
sample00588,no,PBMC,nk_cell,17426,96138,18.13
sample00589,no,PBMC,b_cell,8829,89545,9.86
sample00589,no,PBMC,cd4_t_cell,21190,89545,23.66
sample00589,no,PBMC,cd8_t_cell,24983,89545,27.9
sample00589,no,PBMC,monocyte,20006,89545,22.34
sample00589,no,PBMC,nk_cell,14537,89545,16.23
sample00590,no,PBMC,b_cell,13074,90170,14.5
sample00590,no,PBMC,cd4_t_cell,27114,90170,30.07
sample00590,no,PBMC,cd8_t_cell,18007,90170,19.97
sample00590,no,PBMC,monocyte,17802,90170,19.74
sample00590,no,PBMC,nk_cell,14173,90170,15.72
sample00621,yes,PBMC,b_cell,10202,101259,10.08
sample00621,yes,PBMC,cd4_t_cell,32090,101259,31.69
sample00621,yes,PBMC,cd8_t_cell,22492,101259,22.21
sample00621,yes,PBMC,monocyte,13064,101259,12.9
sample00621,yes,PBMC,nk_cell,23411,101259,23.12
sample00622,yes,PBMC,b_cell,11675,102226,11.42
sample00622,yes,PBMC,cd4_t_cell,17559,102226,17.18
sample00622,yes,PBMC,cd8_t_cell,35571,102226,34.8
sample00622,yes,PBMC,monocyte,19594,102226,19.17
sample00622,yes,PBMC,nk_cell,17827,102226,17.44
sample00623,yes,PBMC,b_cell,7292,100146,7.28
sample00623,yes,PBMC,cd4_t_cell,27307,100146,27.27
sample00623,yes,PBMC,cd8_t_cell,28875,100146,28.83
sample00623,yes,PBMC,monocyte,20286,100146,20.26
sample00623,yes,PBMC,nk_cell,16386,100146,16.36
sample00624,no,PBMC,b_cell,11714,102890,11.38
sample00624,no,PBMC,cd4_t_cell,35858,102890,34.85
sample00624,no,PBMC,cd8_t_cell,28232,102890,27.44
sample00624,no,PBMC,monocyte,14076,102890,13.68
sample00624,no,PBMC,nk_cell,13010,102890,12.64
sample00625,no,PBMC,b_cell,10852,95251,11.39
sample00625,no,PBMC,cd4_t_cell,24059,95251,25.26
sample00625,no,PBMC,cd8_t_cell,28112,95251,29.51
sample00625,no,PBMC,monocyte,19280,95251,20.24
sample00625,no,PBMC,nk_cell,12948,95251,13.59
sample00626,no,PBMC,b_cell,7896,109633,7.2
sample00626,no,PBMC,cd4_t_cell,42872,109633,39.11
sample00626,no,PBMC,cd8_t_cell,27700,109633,25.27
sample00626,no,PBMC,monocyte,20997,109633,19.15
sample00626,no,PBMC,nk_cell,10168,109633,9.27
sample00630,yes,PBMC,b_cell,4944,98871,5.0
sample00630,yes,PBMC,cd4_t_cell,34584,98871,34.98
sample00630,yes,PBMC,cd8_t_cell,23647,98871,23.92
sample00630,yes,PBMC,monocyte,13665,98871,13.82
sample00630,yes,PBMC,nk_cell,22031,98871,22.28
sample00631,yes,PBMC,b_cell,8361,98726,8.47
sample00631,yes,PBMC,cd4_t_cell,30939,98726,31.34
sample00631,yes,PBMC,cd8_t_cell,26440,98726,26.78
sample00631,yes,PBMC,monocyte,20077,98726,20.34
sample00631,yes,PBMC,nk_cell,12909,98726,13.08
sample00632,yes,PBMC,b_cell,11420,92195,12.39
sample00632,yes,PBMC,cd4_t_cell,39709,92195,43.07
sample00632,yes,PBMC,cd8_t_cell,22798,92195,24.73
sample00632,yes,PBMC,monocyte,10601,92195,11.5
sample00632,yes,PBMC,nk_cell,7667,92195,8.32
sample00639,no,PBMC,b_cell,11413,102419,11.14
sample00639,no,PBMC,cd4_t_cell,30509,102419,29.79
sample00639,no,PBMC,cd8_t_cell,25922,102419,25.31
sample00639,no,PBMC,monocyte,23026,102419,22.48
sample00639,no,PBMC,nk_cell,11549,102419,11.28
sample00640,no,PBMC,b_cell,9954,93280,10.67
sample00640,no,PBMC,cd4_t_cell,35018,93280,37.54
sample00640,no,PBMC,cd8_t_cell,19864,93280,21.3
sample00640,no,PBMC,monocyte,18918,93280,20.28
sample00640,no,PBMC,nk_cell,9526,93280,10.21
sample00641,no,PBMC,b_cell,9515,102643,9.27
sample00641,no,PBMC,cd4_t_cell,29355,102643,28.6
sample00641,no,PBMC,cd8_t_cell,31945,102643,31.12
sample00641,no,PBMC,monocyte,24434,102643,23.8
sample00641,no,PBMC,nk_cell,7394,102643,7.2
sample00660,yes,PBMC,b_cell,11812,111393,10.6
sample00660,yes,PBMC,cd4_t_cell,23984,111393,21.53
sample00660,yes,PBMC,cd8_t_cell,31115,111393,27.93
sample00660,yes,PBMC,monocyte,22496,111393,20.2
sample00660,yes,PBMC,nk_cell,21986,111393,19.74
sample00661,yes,PBMC,b_cell,7580,108531,6.98
sample00661,yes,PBMC,cd4_t_cell,38586,108531,35.55
sample00661,yes,PBMC,cd8_t_cell,19541,108531,18.0
sample00661,yes,PBMC,monocyte,22671,108531,20.89
sample00661,yes,PBMC,nk_cell,20153,108531,18.57
sample00662,yes,PBMC,b_cell,6493,98068,6.62
sample00662,yes,PBMC,cd4_t_cell,34751,98068,35.44
sample00662,yes,PBMC,cd8_t_cell,20557,98068,20.96
sample00662,yes,PBMC,monocyte,19703,98068,20.09
sample00662,yes,PBMC,nk_cell,16564,98068,16.89
sample00675,yes,PBMC,b_cell,13628,109268,12.47
sample00675,yes,PBMC,cd4_t_cell,42725,109268,39.1
sample00675,yes,PBMC,cd8_t_cell,15969,109268,14.61
sample00675,yes,PBMC,monocyte,13398,109268,12.26
sample00675,yes,PBMC,nk_cell,23548,109268,21.55
sample00676,yes,PBMC,b_cell,11016,108101,10.19
sample00676,yes,PBMC,cd4_t_cell,24104,108101,22.3
sample00676,yes,PBMC,cd8_t_cell,29897,108101,27.66
sample00676,yes,PBMC,monocyte,26420,108101,24.44
sample00676,yes,PBMC,nk_cell,16664,108101,15.42
sample00677,yes,PBMC,b_cell,11827,96411,12.27
sample00677,yes,PBMC,cd4_t_cell,22408,96411,23.24
sample00677,yes,PBMC,cd8_t_cell,25924,96411,26.89
sample00677,yes,PBMC,monocyte,26724,96411,27.72
sample00677,yes,PBMC,nk_cell,9528,96411,9.88
sample00693,no,PBMC,b_cell,7743,93222,8.31
sample00693,no,PBMC,cd4_t_cell,29633,93222,31.79
sample00693,no,PBMC,cd8_t_cell,25343,93222,27.19
sample00693,no,PBMC,monocyte,13159,93222,14.12
sample00693,no,PBMC,nk_cell,17344,93222,18.61
sample00694,no,PBMC,b_cell,10546,104994,10.04
sample00694,no,PBMC,cd4_t_cell,23213,104994,22.11
sample00694,no,PBMC,cd8_t_cell,18628,104994,17.74
sample00694,no,PBMC,monocyte,28198,104994,26.86
sample00694,no,PBMC,nk_cell,24409,104994,23.25
sample00695,no,PBMC,b_cell,6475,102297,6.33
sample00695,no,PBMC,cd4_t_cell,23432,102297,22.91
sample00695,no,PBMC,cd8_t_cell,34956,102297,34.17
sample00695,no,PBMC,monocyte,21485,102297,21.0
sample00695,no,PBMC,nk_cell,15949,102297,15.59
sample00696,no,PBMC,b_cell,6439,92187,6.98
sample00696,no,PBMC,cd4_t_cell,24577,92187,26.66
sample00696,no,PBMC,cd8_t_cell,27929,92187,30.3
sample00696,no,PBMC,monocyte,19291,92187,20.93
sample00696,no,PBMC,nk_cell,13951,92187,15.13
sample00697,no,PBMC,b_cell,6058,97543,6.21
sample00697,no,PBMC,cd4_t_cell,38732,97543,39.71
sample00697,no,PBMC,cd8_t_cell,17794,97543,18.24
sample00697,no,PBMC,monocyte,19728,97543,20.22
sample00697,no,PBMC,nk_cell,15231,97543,15.61
sample00698,no,PBMC,b_cell,4173,103883,4.02
sample00698,no,PBMC,cd4_t_cell,34274,103883,32.99
sample00698,no,PBMC,cd8_t_cell,30197,103883,29.07
sample00698,no,PBMC,monocyte,24698,103883,23.77
sample00698,no,PBMC,nk_cell,10541,103883,10.15
sample00714,yes,PBMC,b_cell,7010,106122,6.61
sample00714,yes,PBMC,cd4_t_cell,29879,106122,28.16
sample00714,yes,PBMC,cd8_t_cell,28331,106122,26.7
sample00714,yes,PBMC,monocyte,27610,106122,26.02
sample00714,yes,PBMC,nk_cell,13292,106122,12.53
sample00715,yes,PBMC,b_cell,14904,109846,13.57
sample00715,yes,PBMC,cd4_t_cell,28439,109846,25.89
sample00715,yes,PBMC,cd8_t_cell,30431,109846,27.7
sample00715,yes,PBMC,monocyte,18096,109846,16.47
sample00715,yes,PBMC,nk_cell,17976,109846,16.36
sample00716,yes,PBMC,b_cell,18762,111411,16.84
sample00716,yes,PBMC,cd4_t_cell,31394,111411,28.18
sample00716,yes,PBMC,cd8_t_cell,21991,111411,19.74
sample00716,yes,PBMC,monocyte,23497,111411,21.09
sample00716,yes,PBMC,nk_cell,15767,111411,14.15
sample00717,no,PBMC,b_cell,15429,105860,14.57
sample00717,no,PBMC,cd4_t_cell,26134,105860,24.69
sample00717,no,PBMC,cd8_t_cell,26170,105860,24.72
sample00717,no,PBMC,monocyte,25052,105860,23.67
sample00717,no,PBMC,nk_cell,13075,105860,12.35
sample00718,no,PBMC,b_cell,6527,109920,5.94
sample00718,no,PBMC,cd4_t_cell,39312,109920,35.76
sample00718,no,PBMC,cd8_t_cell,34870,109920,31.72
sample00718,no,PBMC,monocyte,13444,109920,12.23
sample00718,no,PBMC,nk_cell,15767,109920,14.34
sample00719,no,PBMC,b_cell,6772,106712,6.35
sample00719,no,PBMC,cd4_t_cell,37520,106712,35.16
sample00719,no,PBMC,cd8_t_cell,23880,106712,22.38
sample00719,no,PBMC,monocyte,23702,106712,22.21
sample00719,no,PBMC,nk_cell,14838,106712,13.9
sample00726,no,PBMC,b_cell,11432,104384,10.95
sample00726,no,PBMC,cd4_t_cell,28978,104384,27.76
sample00726,no,PBMC,cd8_t_cell,23898,104384,22.89
sample00726,no,PBMC,monocyte,20193,104384,19.34
sample00726,no,PBMC,nk_cell,19883,104384,19.05
sample00727,no,PBMC,b_cell,7318,90881,8.05
sample00727,no,PBMC,cd4_t_cell,29020,90881,31.93
sample00727,no,PBMC,cd8_t_cell,13849,90881,15.24
sample00727,no,PBMC,monocyte,22383,90881,24.63
sample00727,no,PBMC,nk_cell,18311,90881,20.15
sample00728,no,PBMC,b_cell,5798,94780,6.12
sample00728,no,PBMC,cd4_t_cell,33125,94780,34.95
sample00728,no,PBMC,cd8_t_cell,24214,94780,25.55
sample00728,no,PBMC,monocyte,20517,94780,21.65
sample00728,no,PBMC,nk_cell,11126,94780,11.74
sample00753,yes,PBMC,b_cell,8029,104062,7.72
sample00753,yes,PBMC,cd4_t_cell,36125,104062,34.71
sample00753,yes,PBMC,cd8_t_cell,33798,104062,32.48
sample00753,yes,PBMC,monocyte,15448,104062,14.84
sample00753,yes,PBMC,nk_cell,10662,104062,10.25
sample00754,yes,PBMC,b_cell,5907,109186,5.41
sample00754,yes,PBMC,cd4_t_cell,47842,109186,43.82
sample00754,yes,PBMC,cd8_t_cell,25494,109186,23.35
sample00754,yes,PBMC,monocyte,17848,109186,16.35
sample00754,yes,PBMC,nk_cell,12095,109186,11.08
sample00755,yes,PBMC,b_cell,6774,97992,6.91
sample00755,yes,PBMC,cd4_t_cell,24421,97992,24.92
sample00755,yes,PBMC,cd8_t_cell,25695,97992,26.22
sample00755,yes,PBMC,monocyte,21555,97992,22.0
sample00755,yes,PBMC,nk_cell,19547,97992,19.95
sample00756,no,PBMC,b_cell,7202,90530,7.96
sample00756,no,PBMC,cd4_t_cell,28215,90530,31.17
sample00756,no,PBMC,cd8_t_cell,19576,90530,21.62
sample00756,no,PBMC,monocyte,24055,90530,26.57
sample00756,no,PBMC,nk_cell,11482,90530,12.68
sample00757,no,PBMC,b_cell,8843,100190,8.83
sample00757,no,PBMC,cd4_t_cell,31815,100190,31.75
sample00757,no,PBMC,cd8_t_cell,22937,100190,22.89
sample00757,no,PBMC,monocyte,22082,100190,22.04
sample00757,no,PBMC,nk_cell,14513,100190,14.49
sample00758,no,PBMC,b_cell,8063,94013,8.58
sample00758,no,PBMC,cd4_t_cell,29566,94013,31.45
sample00758,no,PBMC,cd8_t_cell,33617,94013,35.76
sample00758,no,PBMC,monocyte,14882,94013,15.83
sample00758,no,PBMC,nk_cell,7885,94013,8.39
sample00798,no,PBMC,b_cell,5600,106003,5.28
sample00798,no,PBMC,cd4_t_cell,27147,106003,25.61
sample00798,no,PBMC,cd8_t_cell,40341,106003,38.06
sample00798,no,PBMC,monocyte,17893,106003,16.88
sample00798,no,PBMC,nk_cell,15022,106003,14.17
sample00799,no,PBMC,b_cell,12221,106251,11.5
sample00799,no,PBMC,cd4_t_cell,38106,106251,35.86
sample00799,no,PBMC,cd8_t_cell,26025,106251,24.49
sample00799,no,PBMC,monocyte,17608,106251,16.57
sample00799,no,PBMC,nk_cell,12291,106251,11.57
sample00800,no,PBMC,b_cell,11163,100075,11.15
sample00800,no,PBMC,cd4_t_cell,19758,100075,19.74
sample00800,no,PBMC,cd8_t_cell,38062,100075,38.03
sample00800,no,PBMC,monocyte,20348,100075,20.33
sample00800,no,PBMC,nk_cell,10744,100075,10.74
sample00807,no,PBMC,b_cell,11053,96519,11.45
sample00807,no,PBMC,cd4_t_cell,28845,96519,29.89
sample00807,no,PBMC,cd8_t_cell,22133,96519,22.93
sample00807,no,PBMC,monocyte,15462,96519,16.02
sample00807,no,PBMC,nk_cell,19026,96519,19.71
sample00808,no,PBMC,b_cell,14322,89890,15.93
sample00808,no,PBMC,cd4_t_cell,23195,89890,25.8
sample00808,no,PBMC,cd8_t_cell,19256,89890,21.42
sample00808,no,PBMC,monocyte,19700,89890,21.92
sample00808,no,PBMC,nk_cell,13417,89890,14.93
sample00809,no,PBMC,b_cell,17200,110157,15.61
sample00809,no,PBMC,cd4_t_cell,29353,110157,26.65
sample00809,no,PBMC,cd8_t_cell,27662,110157,25.11
sample00809,no,PBMC,monocyte,16592,110157,15.06
sample00809,no,PBMC,nk_cell,19350,110157,17.57
sample00825,yes,PBMC,b_cell,9193,94793,9.7
sample00825,yes,PBMC,cd4_t_cell,28430,94793,29.99
sample00825,yes,PBMC,cd8_t_cell,26668,94793,28.13
sample00825,yes,PBMC,monocyte,15856,94793,16.73
sample00825,yes,PBMC,nk_cell,14646,94793,15.45
sample00826,yes,PBMC,b_cell,16248,102757,15.81
sample00826,yes,PBMC,cd4_t_cell,31681,102757,30.83
sample00826,yes,PBMC,cd8_t_cell,22635,102757,22.03
sample00826,yes,PBMC,monocyte,15920,102757,15.49
sample00826,yes,PBMC,nk_cell,16273,102757,15.84
sample00827,yes,PBMC,b_cell,8126,98597,8.24
sample00827,yes,PBMC,cd4_t_cell,32233,98597,32.69
sample00827,yes,PBMC,cd8_t_cell,24820,98597,25.17
sample00827,yes,PBMC,monocyte,19729,98597,20.01
sample00827,yes,PBMC,nk_cell,13689,98597,13.88
sample00840,yes,PBMC,b_cell,6774,114168,5.93
sample00840,yes,PBMC,cd4_t_cell,43149,114168,37.79
sample00840,yes,PBMC,cd8_t_cell,23100,114168,20.23
sample00840,yes,PBMC,monocyte,18948,114168,16.6
sample00840,yes,PBMC,nk_cell,22197,114168,19.44
sample00841,yes,PBMC,b_cell,13000,108096,12.03
sample00841,yes,PBMC,cd4_t_cell,44053,108096,40.75
sample00841,yes,PBMC,cd8_t_cell,17515,108096,16.2
sample00841,yes,PBMC,monocyte,12165,108096,11.25
sample00841,yes,PBMC,nk_cell,21363,108096,19.76
sample00842,yes,PBMC,b_cell,5751,104754,5.49
sample00842,yes,PBMC,cd4_t_cell,37544,104754,35.84
sample00842,yes,PBMC,cd8_t_cell,23428,104754,22.36
sample00842,yes,PBMC,monocyte,25030,104754,23.89
sample00842,yes,PBMC,nk_cell,13001,104754,12.41
sample00849,no,PBMC,b_cell,11850,90828,13.05
sample00849,no,PBMC,cd4_t_cell,28646,90828,31.54
sample00849,no,PBMC,cd8_t_cell,16827,90828,18.53
sample00849,no,PBMC,monocyte,21432,90828,23.6
sample00849,no,PBMC,nk_cell,12073,90828,13.29
sample00850,no,PBMC,b_cell,6904,101331,6.81
sample00850,no,PBMC,cd4_t_cell,39604,101331,39.08
sample00850,no,PBMC,cd8_t_cell,17980,101331,17.74
sample00850,no,PBMC,monocyte,18331,101331,18.09
sample00850,no,PBMC,nk_cell,18512,101331,18.27
sample00851,no,PBMC,b_cell,13998,107901,12.97
sample00851,no,PBMC,cd4_t_cell,33163,107901,30.73
sample00851,no,PBMC,cd8_t_cell,24763,107901,22.95
sample00851,no,PBMC,monocyte,20754,107901,19.23
sample00851,no,PBMC,nk_cell,15223,107901,14.11
sample00861,yes,PBMC,b_cell,7378,97470,7.57
sample00861,yes,PBMC,cd4_t_cell,23672,97470,24.29
sample00861,yes,PBMC,cd8_t_cell,34971,97470,35.88
sample00861,yes,PBMC,monocyte,16679,97470,17.11
sample00861,yes,PBMC,nk_cell,14770,97470,15.15
sample00862,yes,PBMC,b_cell,6039,102166,5.91
sample00862,yes,PBMC,cd4_t_cell,32804,102166,32.11
sample00862,yes,PBMC,cd8_t_cell,21828,102166,21.37
sample00862,yes,PBMC,monocyte,21751,102166,21.29
sample00862,yes,PBMC,nk_cell,19744,102166,19.33
sample00863,yes,PBMC,b_cell,2413,101651,2.37
sample00863,yes,PBMC,cd4_t_cell,25833,101651,25.41
sample00863,yes,PBMC,cd8_t_cell,30627,101651,30.13
sample00863,yes,PBMC,monocyte,23216,101651,22.84
sample00863,yes,PBMC,nk_cell,19562,101651,19.24
sample00867,no,PBMC,b_cell,6689,96336,6.94
sample00867,no,PBMC,cd4_t_cell,29742,96336,30.87
sample00867,no,PBMC,cd8_t_cell,19089,96336,19.82
sample00867,no,PBMC,monocyte,20298,96336,21.07
sample00867,no,PBMC,nk_cell,20518,96336,21.3
sample00868,no,PBMC,b_cell,10173,94267,10.79
sample00868,no,PBMC,cd4_t_cell,24448,94267,25.93
sample00868,no,PBMC,cd8_t_cell,21411,94267,22.71
sample00868,no,PBMC,monocyte,19165,94267,20.33
sample00868,no,PBMC,nk_cell,19070,94267,20.23
sample00869,no,PBMC,b_cell,10357,101421,10.21
sample00869,no,PBMC,cd4_t_cell,33830,101421,33.36
sample00869,no,PBMC,cd8_t_cell,25080,101421,24.73
sample00869,no,PBMC,monocyte,17396,101421,17.15
sample00869,no,PBMC,nk_cell,14758,101421,14.55
sample00873,yes,PBMC,b_cell,6632,103428,6.41
sample00873,yes,PBMC,cd4_t_cell,23954,103428,23.16
sample00873,yes,PBMC,cd8_t_cell,31342,103428,30.3
sample00873,yes,PBMC,monocyte,24446,103428,23.64
sample00873,yes,PBMC,nk_cell,17054,103428,16.49
sample00874,yes,PBMC,b_cell,19533,101456,19.25
sample00874,yes,PBMC,cd4_t_cell,22128,101456,21.81
sample00874,yes,PBMC,cd8_t_cell,32298,101456,31.83
sample00874,yes,PBMC,monocyte,16660,101456,16.42
sample00874,yes,PBMC,nk_cell,10837,101456,10.68
sample00875,yes,PBMC,b_cell,12312,106472,11.56
sample00875,yes,PBMC,cd4_t_cell,38461,106472,36.12
sample00875,yes,PBMC,cd8_t_cell,28657,106472,26.92
sample00875,yes,PBMC,monocyte,14153,106472,13.29
sample00875,yes,PBMC,nk_cell,12889,106472,12.11
sample00876,yes,PBMC,b_cell,10231,92437,11.07
sample00876,yes,PBMC,cd4_t_cell,22070,92437,23.88
sample00876,yes,PBMC,cd8_t_cell,30240,92437,32.71
sample00876,yes,PBMC,monocyte,18999,92437,20.55
sample00876,yes,PBMC,nk_cell,10897,92437,11.79
sample00877,yes,PBMC,b_cell,8923,110270,8.09
sample00877,yes,PBMC,cd4_t_cell,31351,110270,28.43
sample00877,yes,PBMC,cd8_t_cell,23275,110270,21.11
sample00877,yes,PBMC,monocyte,26794,110270,24.3
sample00877,yes,PBMC,nk_cell,19927,110270,18.07
sample00878,yes,PBMC,b_cell,6631,93168,7.12
sample00878,yes,PBMC,cd4_t_cell,29680,93168,31.86
sample00878,yes,PBMC,cd8_t_cell,30090,93168,32.3
sample00878,yes,PBMC,monocyte,14581,93168,15.65
sample00878,yes,PBMC,nk_cell,12186,93168,13.08
sample00888,yes,PBMC,b_cell,7021,99206,7.08
sample00888,yes,PBMC,cd4_t_cell,37758,99206,38.06
sample00888,yes,PBMC,cd8_t_cell,16828,99206,16.96
sample00888,yes,PBMC,monocyte,22236,99206,22.41
sample00888,yes,PBMC,nk_cell,15363,99206,15.49
sample00889,yes,PBMC,b_cell,7478,97987,7.63
sample00889,yes,PBMC,cd4_t_cell,34983,97987,35.7
sample00889,yes,PBMC,cd8_t_cell,23497,97987,23.98
sample00889,yes,PBMC,monocyte,22445,97987,22.91
sample00889,yes,PBMC,nk_cell,9584,97987,9.78
sample00890,yes,PBMC,b_cell,12647,100665,12.56
sample00890,yes,PBMC,cd4_t_cell,28813,100665,28.62
sample00890,yes,PBMC,cd8_t_cell,20418,100665,20.28
sample00890,yes,PBMC,monocyte,22621,100665,22.47
sample00890,yes,PBMC,nk_cell,16166,100665,16.06
sample00894,yes,PBMC,b_cell,12289,97282,12.63
sample00894,yes,PBMC,cd4_t_cell,27334,97282,28.1
sample00894,yes,PBMC,cd8_t_cell,19880,97282,20.44
sample00894,yes,PBMC,monocyte,22292,97282,22.91
sample00894,yes,PBMC,nk_cell,15487,97282,15.92
sample00895,yes,PBMC,b_cell,12039,103080,11.68
sample00895,yes,PBMC,cd4_t_cell,26715,103080,25.92
sample00895,yes,PBMC,cd8_t_cell,23358,103080,22.66
sample00895,yes,PBMC,monocyte,23179,103080,22.49
sample00895,yes,PBMC,nk_cell,17789,103080,17.26
sample00896,yes,PBMC,b_cell,11286,102348,11.03
sample00896,yes,PBMC,cd4_t_cell,36200,102348,35.37
sample00896,yes,PBMC,cd8_t_cell,25894,102348,25.3
sample00896,yes,PBMC,monocyte,18030,102348,17.62
sample00896,yes,PBMC,nk_cell,10938,102348,10.69
sample00912,yes,PBMC,b_cell,9095,103332,8.8
sample00912,yes,PBMC,cd4_t_cell,21479,103332,20.79
sample00912,yes,PBMC,cd8_t_cell,22887,103332,22.15
sample00912,yes,PBMC,monocyte,33485,103332,32.41
sample00912,yes,PBMC,nk_cell,16386,103332,15.86
sample00913,yes,PBMC,b_cell,6186,93715,6.6
sample00913,yes,PBMC,cd4_t_cell,36630,93715,39.09
sample00913,yes,PBMC,cd8_t_cell,18986,93715,20.26
sample00913,yes,PBMC,monocyte,21725,93715,23.18
sample00913,yes,PBMC,nk_cell,10188,93715,10.87
sample00914,yes,PBMC,b_cell,9435,95778,9.85
sample00914,yes,PBMC,cd4_t_cell,32346,95778,33.77
sample00914,yes,PBMC,cd8_t_cell,18174,95778,18.98
sample00914,yes,PBMC,monocyte,14518,95778,15.16
sample00914,yes,PBMC,nk_cell,21305,95778,22.24
sample00915,yes,PBMC,b_cell,8425,107102,7.87
sample00915,yes,PBMC,cd4_t_cell,20815,107102,19.43
sample00915,yes,PBMC,cd8_t_cell,32056,107102,29.93
sample00915,yes,PBMC,monocyte,24693,107102,23.06
sample00915,yes,PBMC,nk_cell,21113,107102,19.71
sample00916,yes,PBMC,b_cell,6202,104310,5.95
sample00916,yes,PBMC,cd4_t_cell,27914,104310,26.76
sample00916,yes,PBMC,cd8_t_cell,23321,104310,22.36
sample00916,yes,PBMC,monocyte,27428,104310,26.29
sample00916,yes,PBMC,nk_cell,19445,104310,18.64
sample00917,yes,PBMC,b_cell,7142,105075,6.8
sample00917,yes,PBMC,cd4_t_cell,32179,105075,30.62
sample00917,yes,PBMC,cd8_t_cell,28147,105075,26.79
sample00917,yes,PBMC,monocyte,24828,105075,23.63
sample00917,yes,PBMC,nk_cell,12779,105075,12.16
sample00918,no,PBMC,b_cell,7340,104179,7.05
sample00918,no,PBMC,cd4_t_cell,30723,104179,29.49
sample00918,no,PBMC,cd8_t_cell,32285,104179,30.99
sample00918,no,PBMC,monocyte,19689,104179,18.9
sample00918,no,PBMC,nk_cell,14142,104179,13.57
sample00919,no,PBMC,b_cell,11050,91829,12.03
sample00919,no,PBMC,cd4_t_cell,32089,91829,34.94
sample00919,no,PBMC,cd8_t_cell,17741,91829,19.32
sample00919,no,PBMC,monocyte,14181,91829,15.44
sample00919,no,PBMC,nk_cell,16768,91829,18.26
sample00920,no,PBMC,b_cell,8568,92268,9.29
sample00920,no,PBMC,cd4_t_cell,28675,92268,31.08
sample00920,no,PBMC,cd8_t_cell,20349,92268,22.05
sample00920,no,PBMC,monocyte,24599,92268,26.66
sample00920,no,PBMC,nk_cell,10077,92268,10.92
sample00939,yes,PBMC,b_cell,8343,100572,8.3
sample00939,yes,PBMC,cd4_t_cell,26245,100572,26.1
sample00939,yes,PBMC,cd8_t_cell,29622,100572,29.45
sample00939,yes,PBMC,monocyte,19335,100572,19.23
sample00939,yes,PBMC,nk_cell,17027,100572,16.93
sample00940,yes,PBMC,b_cell,18500,101349,18.25
sample00940,yes,PBMC,cd4_t_cell,33087,101349,32.65
sample00940,yes,PBMC,cd8_t_cell,21905,101349,21.61
sample00940,yes,PBMC,monocyte,15812,101349,15.6
sample00940,yes,PBMC,nk_cell,12045,101349,11.88
sample00941,yes,PBMC,b_cell,9518,100542,9.47
sample00941,yes,PBMC,cd4_t_cell,25676,100542,25.54
sample00941,yes,PBMC,cd8_t_cell,20099,100542,19.99
sample00941,yes,PBMC,monocyte,25962,100542,25.82
sample00941,yes,PBMC,nk_cell,19287,100542,19.18
sample00966,no,PBMC,b_cell,9286,91242,10.18
sample00966,no,PBMC,cd4_t_cell,25643,91242,28.1
sample00966,no,PBMC,cd8_t_cell,16928,91242,18.55
sample00966,no,PBMC,monocyte,25282,91242,27.71
sample00966,no,PBMC,nk_cell,14103,91242,15.46
sample00967,no,PBMC,b_cell,8236,94282,8.74
sample00967,no,PBMC,cd4_t_cell,30793,94282,32.66
sample00967,no,PBMC,cd8_t_cell,31116,94282,33.0
sample00967,no,PBMC,monocyte,10994,94282,11.66
sample00967,no,PBMC,nk_cell,13143,94282,13.94
sample00968,no,PBMC,b_cell,13506,100283,13.47
sample00968,no,PBMC,cd4_t_cell,28017,100283,27.94
sample00968,no,PBMC,cd8_t_cell,23768,100283,23.7
sample00968,no,PBMC,monocyte,17937,100283,17.89
sample00968,no,PBMC,nk_cell,17055,100283,17.01
sample00987,no,PBMC,b_cell,9222,90006,10.25
sample00987,no,PBMC,cd4_t_cell,19570,90006,21.74
sample00987,no,PBMC,cd8_t_cell,32097,90006,35.66
sample00987,no,PBMC,monocyte,20027,90006,22.25
sample00987,no,PBMC,nk_cell,9090,90006,10.1
sample00988,no,PBMC,b_cell,6696,104779,6.39
sample00988,no,PBMC,cd4_t_cell,32166,104779,30.7
sample00988,no,PBMC,cd8_t_cell,21697,104779,20.71
sample00988,no,PBMC,monocyte,21964,104779,20.96
sample00988,no,PBMC,nk_cell,22256,104779,21.24
sample00989,no,PBMC,b_cell,11739,108673,10.8
sample00989,no,PBMC,cd4_t_cell,28751,108673,26.46
sample00989,no,PBMC,cd8_t_cell,33143,108673,30.5
sample00989,no,PBMC,monocyte,19327,108673,17.78
sample00989,no,PBMC,nk_cell,15713,108673,14.46
sample01008,yes,PBMC,b_cell,4730,94275,5.02
sample01008,yes,PBMC,cd4_t_cell,24865,94275,26.37
sample01008,yes,PBMC,cd8_t_cell,22797,94275,24.18
sample01008,yes,PBMC,monocyte,11671,94275,12.38
sample01008,yes,PBMC,nk_cell,30212,94275,32.05
sample01009,yes,PBMC,b_cell,11259,92039,12.23
sample01009,yes,PBMC,cd4_t_cell,26646,92039,28.95
sample01009,yes,PBMC,cd8_t_cell,24788,92039,26.93
sample01009,yes,PBMC,monocyte,19247,92039,20.91
sample01009,yes,PBMC,nk_cell,10099,92039,10.97
sample01010,yes,PBMC,b_cell,8314,101492,8.19
sample01010,yes,PBMC,cd4_t_cell,29090,101492,28.66
sample01010,yes,PBMC,cd8_t_cell,27021,101492,26.62
sample01010,yes,PBMC,monocyte,18947,101492,18.67
sample01010,yes,PBMC,nk_cell,18120,101492,17.85
sample01011,no,PBMC,b_cell,7830,94131,8.32
sample01011,no,PBMC,cd4_t_cell,22411,94131,23.81
sample01011,no,PBMC,cd8_t_cell,31360,94131,33.32
sample01011,no,PBMC,monocyte,16081,94131,17.08
sample01011,no,PBMC,nk_cell,16449,94131,17.47
sample01012,no,PBMC,b_cell,11774,104388,11.28
sample01012,no,PBMC,cd4_t_cell,37192,104388,35.63
sample01012,no,PBMC,cd8_t_cell,24839,104388,23.79
sample01012,no,PBMC,monocyte,13864,104388,13.28
sample01012,no,PBMC,nk_cell,16719,104388,16.02
sample01013,no,PBMC,b_cell,7164,102053,7.02
sample01013,no,PBMC,cd4_t_cell,33480,102053,32.81
sample01013,no,PBMC,cd8_t_cell,22495,102053,22.04
sample01013,no,PBMC,monocyte,21276,102053,20.85
sample01013,no,PBMC,nk_cell,17638,102053,17.28
sample01017,yes,PBMC,b_cell,8262,98665,8.37
sample01017,yes,PBMC,cd4_t_cell,34956,98665,35.43
sample01017,yes,PBMC,cd8_t_cell,20672,98665,20.95
sample01017,yes,PBMC,monocyte,20740,98665,21.02
sample01017,yes,PBMC,nk_cell,14035,98665,14.22
sample01018,yes,PBMC,b_cell,12521,111048,11.28
sample01018,yes,PBMC,cd4_t_cell,40415,111048,36.39
sample01018,yes,PBMC,cd8_t_cell,25979,111048,23.39
sample01018,yes,PBMC,monocyte,22637,111048,20.38
sample01018,yes,PBMC,nk_cell,9496,111048,8.55
sample01019,yes,PBMC,b_cell,4611,99306,4.64
sample01019,yes,PBMC,cd4_t_cell,45098,99306,45.41
sample01019,yes,PBMC,cd8_t_cell,27684,99306,27.88
sample01019,yes,PBMC,monocyte,11559,99306,11.64
sample01019,yes,PBMC,nk_cell,10354,99306,10.43
sample01023,no,PBMC,b_cell,8931,91957,9.71
sample01023,no,PBMC,cd4_t_cell,22706,91957,24.69
sample01023,no,PBMC,cd8_t_cell,25363,91957,27.58
sample01023,no,PBMC,monocyte,19542,91957,21.25
sample01023,no,PBMC,nk_cell,15415,91957,16.76
sample01024,no,PBMC,b_cell,8483,100987,8.4
sample01024,no,PBMC,cd4_t_cell,40018,100987,39.63
sample01024,no,PBMC,cd8_t_cell,20753,100987,20.55
sample01024,no,PBMC,monocyte,21085,100987,20.88
sample01024,no,PBMC,nk_cell,10648,100987,10.54
sample01025,no,PBMC,b_cell,7414,90423,8.2
sample01025,no,PBMC,cd4_t_cell,23381,90423,25.86
sample01025,no,PBMC,cd8_t_cell,29985,90423,33.16
sample01025,no,PBMC,monocyte,17135,90423,18.95
sample01025,no,PBMC,nk_cell,12508,90423,13.83
sample01041,no,PBMC,b_cell,11647,93808,12.42
sample01041,no,PBMC,cd4_t_cell,24110,93808,25.7
sample01041,no,PBMC,cd8_t_cell,25584,93808,27.27
sample01041,no,PBMC,monocyte,14367,93808,15.32
sample01041,no,PBMC,nk_cell,18100,93808,19.29
sample01042,no,PBMC,b_cell,11550,97518,11.84
sample01042,no,PBMC,cd4_t_cell,26463,97518,27.14
sample01042,no,PBMC,cd8_t_cell,30302,97518,31.07
sample01042,no,PBMC,monocyte,15797,97518,16.2
sample01042,no,PBMC,nk_cell,13406,97518,13.75
sample01043,no,PBMC,b_cell,9175,91328,10.05
sample01043,no,PBMC,cd4_t_cell,28781,91328,31.51
sample01043,no,PBMC,cd8_t_cell,16094,91328,17.62
sample01043,no,PBMC,monocyte,19484,91328,21.33
sample01043,no,PBMC,nk_cell,17794,91328,19.48
sample01053,no,PBMC,b_cell,7075,103410,6.84
sample01053,no,PBMC,cd4_t_cell,29470,103410,28.5
sample01053,no,PBMC,cd8_t_cell,23805,103410,23.02
sample01053,no,PBMC,monocyte,19819,103410,19.17
sample01053,no,PBMC,nk_cell,23241,103410,22.47
sample01054,no,PBMC,b_cell,12511,88554,14.13
sample01054,no,PBMC,cd4_t_cell,25416,88554,28.7
sample01054,no,PBMC,cd8_t_cell,20246,88554,22.86
sample01054,no,PBMC,monocyte,16917,88554,19.1
sample01054,no,PBMC,nk_cell,13464,88554,15.2
sample01055,no,PBMC,b_cell,7943,93852,8.46
sample01055,no,PBMC,cd4_t_cell,24505,93852,26.11
sample01055,no,PBMC,cd8_t_cell,31528,93852,33.59
sample01055,no,PBMC,monocyte,17418,93852,18.56
sample01055,no,PBMC,nk_cell,12458,93852,13.27
sample01062,no,PBMC,b_cell,5028,95146,5.28
sample01062,no,PBMC,cd4_t_cell,30432,95146,31.98
sample01062,no,PBMC,cd8_t_cell,20750,95146,21.81
sample01062,no,PBMC,monocyte,23899,95146,25.12
sample01062,no,PBMC,nk_cell,15037,95146,15.8
sample01063,no,PBMC,b_cell,7633,97268,7.85
sample01063,no,PBMC,cd4_t_cell,24038,97268,24.71
sample01063,no,PBMC,cd8_t_cell,25571,97268,26.29
sample01063,no,PBMC,monocyte,14902,97268,15.32
sample01063,no,PBMC,nk_cell,25124,97268,25.83
sample01064,no,PBMC,b_cell,14204,96127,14.78
sample01064,no,PBMC,cd4_t_cell,23781,96127,24.74
sample01064,no,PBMC,cd8_t_cell,21526,96127,22.39
sample01064,no,PBMC,monocyte,29318,96127,30.5
sample01064,no,PBMC,nk_cell,7298,96127,7.59
sample01068,yes,PBMC,b_cell,11050,96734,11.42
sample01068,yes,PBMC,cd4_t_cell,29019,96734,30.0
sample01068,yes,PBMC,cd8_t_cell,30504,96734,31.53
sample01068,yes,PBMC,monocyte,10020,96734,10.36
sample01068,yes,PBMC,nk_cell,16141,96734,16.69
sample01069,yes,PBMC,b_cell,9668,108278,8.93
sample01069,yes,PBMC,cd4_t_cell,37024,108278,34.19
sample01069,yes,PBMC,cd8_t_cell,30953,108278,28.59
sample01069,yes,PBMC,monocyte,19174,108278,17.71
sample01069,yes,PBMC,nk_cell,11459,108278,10.58
sample01070,yes,PBMC,b_cell,10381,108844,9.54
sample01070,yes,PBMC,cd4_t_cell,31042,108844,28.52
sample01070,yes,PBMC,cd8_t_cell,33882,108844,31.13
sample01070,yes,PBMC,monocyte,22463,108844,20.64
sample01070,yes,PBMC,nk_cell,11076,108844,10.18
sample01074,yes,PBMC,b_cell,8326,96578,8.62
sample01074,yes,PBMC,cd4_t_cell,29138,96578,30.17
sample01074,yes,PBMC,cd8_t_cell,26096,96578,27.02
sample01074,yes,PBMC,monocyte,15270,96578,15.81
sample01074,yes,PBMC,nk_cell,17748,96578,18.38
sample01075,yes,PBMC,b_cell,9203,105517,8.72
sample01075,yes,PBMC,cd4_t_cell,37024,105517,35.09
sample01075,yes,PBMC,cd8_t_cell,21995,105517,20.84
sample01075,yes,PBMC,monocyte,21250,105517,20.14
sample01075,yes,PBMC,nk_cell,16045,105517,15.21
sample01076,yes,PBMC,b_cell,10581,106152,9.97
sample01076,yes,PBMC,cd4_t_cell,38269,106152,36.05
sample01076,yes,PBMC,cd8_t_cell,23686,106152,22.31
sample01076,yes,PBMC,monocyte,17228,106152,16.23
sample01076,yes,PBMC,nk_cell,16388,106152,15.44
sample01080,yes,PBMC,b_cell,17168,110681,15.51
sample01080,yes,PBMC,cd4_t_cell,30756,110681,27.79
sample01080,yes,PBMC,cd8_t_cell,26698,110681,24.12
sample01080,yes,PBMC,monocyte,25827,110681,23.33
sample01080,yes,PBMC,nk_cell,10232,110681,9.24
sample01081,yes,PBMC,b_cell,10268,102676,10.0
sample01081,yes,PBMC,cd4_t_cell,31910,102676,31.08
sample01081,yes,PBMC,cd8_t_cell,30277,102676,29.49
sample01081,yes,PBMC,monocyte,18469,102676,17.99
sample01081,yes,PBMC,nk_cell,11752,102676,11.45
sample01082,yes,PBMC,b_cell,9436,104619,9.02
sample01082,yes,PBMC,cd4_t_cell,35654,104619,34.08
sample01082,yes,PBMC,cd8_t_cell,18069,104619,17.27
sample01082,yes,PBMC,monocyte,20129,104619,19.24
sample01082,yes,PBMC,nk_cell,21331,104619,20.39
sample01092,yes,PBMC,b_cell,9863,106832,9.23
sample01092,yes,PBMC,cd4_t_cell,33046,106832,30.93
sample01092,yes,PBMC,cd8_t_cell,25255,106832,23.64
sample01092,yes,PBMC,monocyte,21237,106832,19.88
sample01092,yes,PBMC,nk_cell,17431,106832,16.32
sample01093,yes,PBMC,b_cell,14502,112595,12.88
sample01093,yes,PBMC,cd4_t_cell,31219,112595,27.73
sample01093,yes,PBMC,cd8_t_cell,31335,112595,27.83
sample01093,yes,PBMC,monocyte,22231,112595,19.74
sample01093,yes,PBMC,nk_cell,13308,112595,11.82
sample01094,yes,PBMC,b_cell,5718,111273,5.14
sample01094,yes,PBMC,cd4_t_cell,37291,111273,33.51
sample01094,yes,PBMC,cd8_t_cell,30517,111273,27.43
sample01094,yes,PBMC,monocyte,18899,111273,16.98
sample01094,yes,PBMC,nk_cell,18848,111273,16.94
sample01104,yes,PBMC,b_cell,4582,101076,4.53
sample01104,yes,PBMC,cd4_t_cell,47434,101076,46.93
sample01104,yes,PBMC,cd8_t_cell,22431,101076,22.19
sample01104,yes,PBMC,monocyte,17793,101076,17.6
sample01104,yes,PBMC,nk_cell,8836,101076,8.74
sample01105,yes,PBMC,b_cell,15233,109818,13.87
sample01105,yes,PBMC,cd4_t_cell,24252,109818,22.08
sample01105,yes,PBMC,cd8_t_cell,21189,109818,19.29
sample01105,yes,PBMC,monocyte,26271,109818,23.92
sample01105,yes,PBMC,nk_cell,22873,109818,20.83
sample01106,yes,PBMC,b_cell,8173,95116,8.59
sample01106,yes,PBMC,cd4_t_cell,20869,95116,21.94
sample01106,yes,PBMC,cd8_t_cell,30539,95116,32.11
sample01106,yes,PBMC,monocyte,19541,95116,20.54
sample01106,yes,PBMC,nk_cell,15994,95116,16.82
sample01110,no,PBMC,b_cell,6080,103592,5.87
sample01110,no,PBMC,cd4_t_cell,31985,103592,30.88
sample01110,no,PBMC,cd8_t_cell,22297,103592,21.52
sample01110,no,PBMC,monocyte,28491,103592,27.5
sample01110,no,PBMC,nk_cell,14739,103592,14.23
sample01111,no,PBMC,b_cell,12246,96363,12.71
sample01111,no,PBMC,cd4_t_cell,24516,96363,25.44
sample01111,no,PBMC,cd8_t_cell,29178,96363,30.28
sample01111,no,PBMC,monocyte,14546,96363,15.1
sample01111,no,PBMC,nk_cell,15877,96363,16.48
sample01112,no,PBMC,b_cell,16923,92176,18.36
sample01112,no,PBMC,cd4_t_cell,21829,92176,23.68
sample01112,no,PBMC,cd8_t_cell,25901,92176,28.1
sample01112,no,PBMC,monocyte,17299,92176,18.77
sample01112,no,PBMC,nk_cell,10224,92176,11.09
sample01128,yes,PBMC,b_cell,20055,95345,21.03
sample01128,yes,PBMC,cd4_t_cell,18249,95345,19.14
sample01128,yes,PBMC,cd8_t_cell,27923,95345,29.29
sample01128,yes,PBMC,monocyte,15523,95345,16.28
sample01128,yes,PBMC,nk_cell,13595,95345,14.26
sample01129,yes,PBMC,b_cell,6602,92988,7.1
sample01129,yes,PBMC,cd4_t_cell,31032,92988,33.37
sample01129,yes,PBMC,cd8_t_cell,22584,92988,24.29
sample01129,yes,PBMC,monocyte,18097,92988,19.46
sample01129,yes,PBMC,nk_cell,14673,92988,15.78
sample01130,yes,PBMC,b_cell,13387,106266,12.6
sample01130,yes,PBMC,cd4_t_cell,28200,106266,26.54
sample01130,yes,PBMC,cd8_t_cell,35667,106266,33.56
sample01130,yes,PBMC,monocyte,18469,106266,17.38
sample01130,yes,PBMC,nk_cell,10543,106266,9.92
sample01134,no,PBMC,b_cell,6162,95780,6.43
sample01134,no,PBMC,cd4_t_cell,31722,95780,33.12
sample01134,no,PBMC,cd8_t_cell,26748,95780,27.93
sample01134,no,PBMC,monocyte,19911,95780,20.79
sample01134,no,PBMC,nk_cell,11237,95780,11.73
sample01135,no,PBMC,b_cell,17811,103817,17.16
sample01135,no,PBMC,cd4_t_cell,27055,103817,26.06
sample01135,no,PBMC,cd8_t_cell,20037,103817,19.3
sample01135,no,PBMC,monocyte,20632,103817,19.87
sample01135,no,PBMC,nk_cell,18282,103817,17.61
sample01136,no,PBMC,b_cell,8595,101744,8.45
sample01136,no,PBMC,cd4_t_cell,32788,101744,32.23
sample01136,no,PBMC,cd8_t_cell,25087,101744,24.66
sample01136,no,PBMC,monocyte,25484,101744,25.05
sample01136,no,PBMC,nk_cell,9790,101744,9.62
sample01137,no,PBMC,b_cell,7546,88196,8.56
sample01137,no,PBMC,cd4_t_cell,34850,88196,39.51
sample01137,no,PBMC,cd8_t_cell,17076,88196,19.36
sample01137,no,PBMC,monocyte,15917,88196,18.05
sample01137,no,PBMC,nk_cell,12807,88196,14.52
sample01138,no,PBMC,b_cell,8384,90280,9.29
sample01138,no,PBMC,cd4_t_cell,24005,90280,26.59
sample01138,no,PBMC,cd8_t_cell,27577,90280,30.55
sample01138,no,PBMC,monocyte,18085,90280,20.03
sample01138,no,PBMC,nk_cell,12229,90280,13.55
sample01139,no,PBMC,b_cell,4818,106313,4.53
sample01139,no,PBMC,cd4_t_cell,39444,106313,37.1
sample01139,no,PBMC,cd8_t_cell,27649,106313,26.01
sample01139,no,PBMC,monocyte,17485,106313,16.45
sample01139,no,PBMC,nk_cell,16917,106313,15.91
sample01143,no,PBMC,b_cell,9478,106564,8.89
sample01143,no,PBMC,cd4_t_cell,26179,106564,24.57
sample01143,no,PBMC,cd8_t_cell,31994,106564,30.02
sample01143,no,PBMC,monocyte,24104,106564,22.62
sample01143,no,PBMC,nk_cell,14809,106564,13.9
sample01144,no,PBMC,b_cell,16890,104632,16.14
sample01144,no,PBMC,cd4_t_cell,32747,104632,31.3
sample01144,no,PBMC,cd8_t_cell,31313,104632,29.93
sample01144,no,PBMC,monocyte,11963,104632,11.43
sample01144,no,PBMC,nk_cell,11719,104632,11.2
sample01145,no,PBMC,b_cell,14392,107253,13.42
sample01145,no,PBMC,cd4_t_cell,29528,107253,27.53
sample01145,no,PBMC,cd8_t_cell,23115,107253,21.55
sample01145,no,PBMC,monocyte,23640,107253,22.04
sample01145,no,PBMC,nk_cell,16578,107253,15.46
sample01152,no,PBMC,b_cell,11511,103219,11.15
sample01152,no,PBMC,cd4_t_cell,33379,103219,32.34
sample01152,no,PBMC,cd8_t_cell,19743,103219,19.13
sample01152,no,PBMC,monocyte,24370,103219,23.61
sample01152,no,PBMC,nk_cell,14216,103219,13.77
sample01153,no,PBMC,b_cell,10153,97580,10.4
sample01153,no,PBMC,cd4_t_cell,35688,97580,36.57
sample01153,no,PBMC,cd8_t_cell,23343,97580,23.92
sample01153,no,PBMC,monocyte,16802,97580,17.22
sample01153,no,PBMC,nk_cell,11594,97580,11.88
sample01154,no,PBMC,b_cell,12105,103873,11.65
sample01154,no,PBMC,cd4_t_cell,31568,103873,30.39
sample01154,no,PBMC,cd8_t_cell,23832,103873,22.94
sample01154,no,PBMC,monocyte,17695,103873,17.04
sample01154,no,PBMC,nk_cell,18673,103873,17.98
sample01161,no,PBMC,b_cell,16914,107354,15.76
sample01161,no,PBMC,cd4_t_cell,25710,107354,23.95
sample01161,no,PBMC,cd8_t_cell,29086,107354,27.09
sample01161,no,PBMC,monocyte,21627,107354,20.15
sample01161,no,PBMC,nk_cell,14017,107354,13.06
sample01162,no,PBMC,b_cell,9610,104496,9.2
sample01162,no,PBMC,cd4_t_cell,26987,104496,25.83
sample01162,no,PBMC,cd8_t_cell,31050,104496,29.71
sample01162,no,PBMC,monocyte,19091,104496,18.27
sample01162,no,PBMC,nk_cell,17758,104496,16.99
sample01163,no,PBMC,b_cell,6911,90914,7.6
sample01163,no,PBMC,cd4_t_cell,31544,90914,34.7
sample01163,no,PBMC,cd8_t_cell,19581,90914,21.54
sample01163,no,PBMC,monocyte,21453,90914,23.6
sample01163,no,PBMC,nk_cell,11425,90914,12.57
sample01170,yes,PBMC,b_cell,8459,96333,8.78
sample01170,yes,PBMC,cd4_t_cell,30750,96333,31.92
sample01170,yes,PBMC,cd8_t_cell,19618,96333,20.36
sample01170,yes,PBMC,monocyte,26205,96333,27.2
sample01170,yes,PBMC,nk_cell,11301,96333,11.73
sample01171,yes,PBMC,b_cell,9511,95844,9.92
sample01171,yes,PBMC,cd4_t_cell,28053,95844,29.27
sample01171,yes,PBMC,cd8_t_cell,22890,95844,23.88
sample01171,yes,PBMC,monocyte,22283,95844,23.25
sample01171,yes,PBMC,nk_cell,13107,95844,13.68
sample01172,yes,PBMC,b_cell,5988,99022,6.05
sample01172,yes,PBMC,cd4_t_cell,25890,99022,26.15
sample01172,yes,PBMC,cd8_t_cell,34479,99022,34.82
sample01172,yes,PBMC,monocyte,20775,99022,20.98
sample01172,yes,PBMC,nk_cell,11890,99022,12.01
sample01218,no,PBMC,b_cell,10711,106596,10.05
sample01218,no,PBMC,cd4_t_cell,33781,106596,31.69
sample01218,no,PBMC,cd8_t_cell,28848,106596,27.06
sample01218,no,PBMC,monocyte,15102,106596,14.17
sample01218,no,PBMC,nk_cell,18154,106596,17.03
sample01219,no,PBMC,b_cell,16008,98404,16.27
sample01219,no,PBMC,cd4_t_cell,26941,98404,27.38
sample01219,no,PBMC,cd8_t_cell,28460,98404,28.92
sample01219,no,PBMC,monocyte,16486,98404,16.75
sample01219,no,PBMC,nk_cell,10509,98404,10.68
sample01220,no,PBMC,b_cell,8877,105486,8.42
sample01220,no,PBMC,cd4_t_cell,36715,105486,34.81
sample01220,no,PBMC,cd8_t_cell,26546,105486,25.17
sample01220,no,PBMC,monocyte,16868,105486,15.99
sample01220,no,PBMC,nk_cell,16480,105486,15.62
sample01227,no,PBMC,b_cell,10305,91231,11.3
sample01227,no,PBMC,cd4_t_cell,20628,91231,22.61
sample01227,no,PBMC,cd8_t_cell,20465,91231,22.43
sample01227,no,PBMC,monocyte,13993,91231,15.34
sample01227,no,PBMC,nk_cell,25840,91231,28.32
sample01228,no,PBMC,b_cell,10744,98579,10.9
sample01228,no,PBMC,cd4_t_cell,21208,98579,21.51
sample01228,no,PBMC,cd8_t_cell,24585,98579,24.94
sample01228,no,PBMC,monocyte,27334,98579,27.73
sample01228,no,PBMC,nk_cell,14708,98579,14.92
sample01229,no,PBMC,b_cell,5573,104556,5.33
sample01229,no,PBMC,cd4_t_cell,40658,104556,38.89
sample01229,no,PBMC,cd8_t_cell,19086,104556,18.25
sample01229,no,PBMC,monocyte,25074,104556,23.98
sample01229,no,PBMC,nk_cell,14165,104556,13.55
sample01230,no,PBMC,b_cell,10101,94586,10.68
sample01230,no,PBMC,cd4_t_cell,27521,94586,29.1
sample01230,no,PBMC,cd8_t_cell,19569,94586,20.69
sample01230,no,PBMC,monocyte,22600,94586,23.89
sample01230,no,PBMC,nk_cell,14795,94586,15.64
sample01231,no,PBMC,b_cell,10890,92143,11.82
sample01231,no,PBMC,cd4_t_cell,27790,92143,30.16
sample01231,no,PBMC,cd8_t_cell,26291,92143,28.53
sample01231,no,PBMC,monocyte,15502,92143,16.82
sample01231,no,PBMC,nk_cell,11670,92143,12.67
sample01232,no,PBMC,b_cell,12706,91803,13.84
sample01232,no,PBMC,cd4_t_cell,23370,91803,25.46
sample01232,no,PBMC,cd8_t_cell,28852,91803,31.43
sample01232,no,PBMC,monocyte,14828,91803,16.15
sample01232,no,PBMC,nk_cell,12047,91803,13.12
sample01242,no,PBMC,b_cell,5779,99421,5.81
sample01242,no,PBMC,cd4_t_cell,30720,99421,30.9
sample01242,no,PBMC,cd8_t_cell,23743,99421,23.88
sample01242,no,PBMC,monocyte,23473,99421,23.61
sample01242,no,PBMC,nk_cell,15706,99421,15.8
sample01243,no,PBMC,b_cell,14889,94742,15.72
sample01243,no,PBMC,cd4_t_cell,26386,94742,27.85
sample01243,no,PBMC,cd8_t_cell,28228,94742,29.79
sample01243,no,PBMC,monocyte,14428,94742,15.23
sample01243,no,PBMC,nk_cell,10811,94742,11.41
sample01244,no,PBMC,b_cell,11819,98943,11.95
sample01244,no,PBMC,cd4_t_cell,28936,98943,29.25
sample01244,no,PBMC,cd8_t_cell,20189,98943,20.4
sample01244,no,PBMC,monocyte,27306,98943,27.6
sample01244,no,PBMC,nk_cell,10693,98943,10.81
sample01245,yes,PBMC,b_cell,8483,93678,9.06
sample01245,yes,PBMC,cd4_t_cell,27385,93678,29.23
sample01245,yes,PBMC,cd8_t_cell,20398,93678,21.77
sample01245,yes,PBMC,monocyte,22258,93678,23.76
sample01245,yes,PBMC,nk_cell,15154,93678,16.18
sample01246,yes,PBMC,b_cell,11608,106441,10.91
sample01246,yes,PBMC,cd4_t_cell,29953,106441,28.14
sample01246,yes,PBMC,cd8_t_cell,29224,106441,27.46
sample01246,yes,PBMC,monocyte,18918,106441,17.77
sample01246,yes,PBMC,nk_cell,16738,106441,15.73
sample01247,yes,PBMC,b_cell,6941,96431,7.2
sample01247,yes,PBMC,cd4_t_cell,38535,96431,39.96
sample01247,yes,PBMC,cd8_t_cell,24625,96431,25.54
sample01247,yes,PBMC,monocyte,18761,96431,19.46
sample01247,yes,PBMC,nk_cell,7569,96431,7.85
sample01248,yes,PBMC,b_cell,8349,108830,7.67
sample01248,yes,PBMC,cd4_t_cell,32352,108830,29.73
sample01248,yes,PBMC,cd8_t_cell,29419,108830,27.03
sample01248,yes,PBMC,monocyte,26116,108830,24.0
sample01248,yes,PBMC,nk_cell,12594,108830,11.57
sample01249,yes,PBMC,b_cell,6723,93814,7.17
sample01249,yes,PBMC,cd4_t_cell,39442,93814,42.04
sample01249,yes,PBMC,cd8_t_cell,14037,93814,14.96
sample01249,yes,PBMC,monocyte,17410,93814,18.56
sample01249,yes,PBMC,nk_cell,16202,93814,17.27
sample01250,yes,PBMC,b_cell,6883,94327,7.3
sample01250,yes,PBMC,cd4_t_cell,30119,94327,31.93
sample01250,yes,PBMC,cd8_t_cell,31140,94327,33.01
sample01250,yes,PBMC,monocyte,14397,94327,15.26
sample01250,yes,PBMC,nk_cell,11788,94327,12.5
sample01260,yes,PBMC,b_cell,13369,101082,13.23
sample01260,yes,PBMC,cd4_t_cell,32994,101082,32.64
sample01260,yes,PBMC,cd8_t_cell,26568,101082,26.28
sample01260,yes,PBMC,monocyte,17724,101082,17.53
sample01260,yes,PBMC,nk_cell,10427,101082,10.32
sample01261,yes,PBMC,b_cell,7852,104505,7.51
sample01261,yes,PBMC,cd4_t_cell,36747,104505,35.16
sample01261,yes,PBMC,cd8_t_cell,24290,104505,23.24
sample01261,yes,PBMC,monocyte,16468,104505,15.76
sample01261,yes,PBMC,nk_cell,19148,104505,18.32
sample01262,yes,PBMC,b_cell,14490,98411,14.72
sample01262,yes,PBMC,cd4_t_cell,36075,98411,36.66
sample01262,yes,PBMC,cd8_t_cell,18891,98411,19.2
sample01262,yes,PBMC,monocyte,18881,98411,19.19
sample01262,yes,PBMC,nk_cell,10074,98411,10.24
sample01266,yes,PBMC,b_cell,8736,107789,8.1
sample01266,yes,PBMC,cd4_t_cell,31942,107789,29.63
sample01266,yes,PBMC,cd8_t_cell,25468,107789,23.63
sample01266,yes,PBMC,monocyte,26398,107789,24.49
sample01266,yes,PBMC,nk_cell,15245,107789,14.14
sample01267,yes,PBMC,b_cell,11373,97482,11.67
sample01267,yes,PBMC,cd4_t_cell,32703,97482,33.55
sample01267,yes,PBMC,cd8_t_cell,23253,97482,23.85
sample01267,yes,PBMC,monocyte,20935,97482,21.48
sample01267,yes,PBMC,nk_cell,9218,97482,9.46
sample01268,yes,PBMC,b_cell,8186,92304,8.87
sample01268,yes,PBMC,cd4_t_cell,27634,92304,29.94
sample01268,yes,PBMC,cd8_t_cell,26253,92304,28.44
sample01268,yes,PBMC,monocyte,20026,92304,21.7
sample01268,yes,PBMC,nk_cell,10205,92304,11.06
sample01284,yes,PBMC,b_cell,10470,107710,9.72
sample01284,yes,PBMC,cd4_t_cell,38134,107710,35.4
sample01284,yes,PBMC,cd8_t_cell,22975,107710,21.33
sample01284,yes,PBMC,monocyte,15541,107710,14.43
sample01284,yes,PBMC,nk_cell,20590,107710,19.12
sample01285,yes,PBMC,b_cell,8063,93609,8.61
sample01285,yes,PBMC,cd4_t_cell,24995,93609,26.7
sample01285,yes,PBMC,cd8_t_cell,25604,93609,27.35
sample01285,yes,PBMC,monocyte,22800,93609,24.36
sample01285,yes,PBMC,nk_cell,12147,93609,12.98
sample01286,yes,PBMC,b_cell,8931,99219,9.0
sample01286,yes,PBMC,cd4_t_cell,35028,99219,35.3
sample01286,yes,PBMC,cd8_t_cell,28923,99219,29.15
sample01286,yes,PBMC,monocyte,11610,99219,11.7
sample01286,yes,PBMC,nk_cell,14727,99219,14.84
sample01311,yes,PBMC,b_cell,7786,96091,8.1
sample01311,yes,PBMC,cd4_t_cell,29786,96091,31.0
sample01311,yes,PBMC,cd8_t_cell,19689,96091,20.49
sample01311,yes,PBMC,monocyte,23975,96091,24.95
sample01311,yes,PBMC,nk_cell,14855,96091,15.46
sample01312,yes,PBMC,b_cell,9243,98679,9.37
sample01312,yes,PBMC,cd4_t_cell,36111,98679,36.59
sample01312,yes,PBMC,cd8_t_cell,19433,98679,19.69
sample01312,yes,PBMC,monocyte,21134,98679,21.42
sample01312,yes,PBMC,nk_cell,12758,98679,12.93
sample01313,yes,PBMC,b_cell,6971,107635,6.48
sample01313,yes,PBMC,cd4_t_cell,29174,107635,27.1
sample01313,yes,PBMC,cd8_t_cell,25274,107635,23.48
sample01313,yes,PBMC,monocyte,26466,107635,24.59
sample01313,yes,PBMC,nk_cell,19750,107635,18.35
sample01314,no,PBMC,b_cell,5680,104820,5.42
sample01314,no,PBMC,cd4_t_cell,28906,104820,27.58
sample01314,no,PBMC,cd8_t_cell,24866,104820,23.72
sample01314,no,PBMC,monocyte,24915,104820,23.77
sample01314,no,PBMC,nk_cell,20453,104820,19.51
sample01315,no,PBMC,b_cell,11229,106330,10.56
sample01315,no,PBMC,cd4_t_cell,25715,106330,24.18
sample01315,no,PBMC,cd8_t_cell,25985,106330,24.44
sample01315,no,PBMC,monocyte,24722,106330,23.25
sample01315,no,PBMC,nk_cell,18679,106330,17.57
sample01316,no,PBMC,b_cell,10247,96957,10.57
sample01316,no,PBMC,cd4_t_cell,35225,96957,36.33
sample01316,no,PBMC,cd8_t_cell,23952,96957,24.7
sample01316,no,PBMC,monocyte,16317,96957,16.83
sample01316,no,PBMC,nk_cell,11216,96957,11.57
sample01326,yes,PBMC,b_cell,11563,101755,11.36
sample01326,yes,PBMC,cd4_t_cell,28799,101755,28.3
sample01326,yes,PBMC,cd8_t_cell,29683,101755,29.17
sample01326,yes,PBMC,monocyte,19159,101755,18.83
sample01326,yes,PBMC,nk_cell,12551,101755,12.33
sample01327,yes,PBMC,b_cell,13197,111383,11.85
sample01327,yes,PBMC,cd4_t_cell,34900,111383,31.33
sample01327,yes,PBMC,cd8_t_cell,29629,111383,26.6
sample01327,yes,PBMC,monocyte,21152,111383,18.99
sample01327,yes,PBMC,nk_cell,12505,111383,11.23
sample01328,yes,PBMC,b_cell,10873,106081,10.25
sample01328,yes,PBMC,cd4_t_cell,31265,106081,29.47
sample01328,yes,PBMC,cd8_t_cell,22936,106081,21.62
sample01328,yes,PBMC,monocyte,26192,106081,24.69
sample01328,yes,PBMC,nk_cell,14815,106081,13.97
sample01329,yes,PBMC,b_cell,9163,93643,9.79
sample01329,yes,PBMC,cd4_t_cell,26029,93643,27.8
sample01329,yes,PBMC,cd8_t_cell,24367,93643,26.02
sample01329,yes,PBMC,monocyte,22237,93643,23.75
sample01329,yes,PBMC,nk_cell,11847,93643,12.65
sample01330,yes,PBMC,b_cell,10811,94424,11.45
sample01330,yes,PBMC,cd4_t_cell,29345,94424,31.08
sample01330,yes,PBMC,cd8_t_cell,21730,94424,23.01
sample01330,yes,PBMC,monocyte,18839,94424,19.95
sample01330,yes,PBMC,nk_cell,13699,94424,14.51
sample01331,yes,PBMC,b_cell,11284,98623,11.44
sample01331,yes,PBMC,cd4_t_cell,23068,98623,23.39
sample01331,yes,PBMC,cd8_t_cell,17603,98623,17.85
sample01331,yes,PBMC,monocyte,29890,98623,30.31
sample01331,yes,PBMC,nk_cell,16778,98623,17.01
sample01332,yes,PBMC,b_cell,17840,112389,15.87
sample01332,yes,PBMC,cd4_t_cell,38826,112389,34.55
sample01332,yes,PBMC,cd8_t_cell,28821,112389,25.64
sample01332,yes,PBMC,monocyte,12876,112389,11.46
sample01332,yes,PBMC,nk_cell,14026,112389,12.48
sample01333,yes,PBMC,b_cell,6840,102246,6.69
sample01333,yes,PBMC,cd4_t_cell,30609,102246,29.94
sample01333,yes,PBMC,cd8_t_cell,39386,102246,38.52
sample01333,yes,PBMC,monocyte,14146,102246,13.84
sample01333,yes,PBMC,nk_cell,11265,102246,11.02
sample01334,yes,PBMC,b_cell,7656,109803,6.97
sample01334,yes,PBMC,cd4_t_cell,28384,109803,25.85
sample01334,yes,PBMC,cd8_t_cell,33548,109803,30.55
sample01334,yes,PBMC,monocyte,26254,109803,23.91
sample01334,yes,PBMC,nk_cell,13961,109803,12.71
sample01344,no,PBMC,b_cell,9612,104192,9.23
sample01344,no,PBMC,cd4_t_cell,34379,104192,33.0
sample01344,no,PBMC,cd8_t_cell,20243,104192,19.43
sample01344,no,PBMC,monocyte,24015,104192,23.05
sample01344,no,PBMC,nk_cell,15943,104192,15.3
sample01345,no,PBMC,b_cell,10387,95834,10.84
sample01345,no,PBMC,cd4_t_cell,28011,95834,29.23
sample01345,no,PBMC,cd8_t_cell,25658,95834,26.77
sample01345,no,PBMC,monocyte,15924,95834,16.62
sample01345,no,PBMC,nk_cell,15854,95834,16.54
sample01346,no,PBMC,b_cell,10353,95894,10.8
sample01346,no,PBMC,cd4_t_cell,25791,95894,26.9
sample01346,no,PBMC,cd8_t_cell,27847,95894,29.04
sample01346,no,PBMC,monocyte,20005,95894,20.86
sample01346,no,PBMC,nk_cell,11898,95894,12.41
sample01359,yes,PBMC,b_cell,12966,110209,11.76
sample01359,yes,PBMC,cd4_t_cell,28961,110209,26.28
sample01359,yes,PBMC,cd8_t_cell,24728,110209,22.44
sample01359,yes,PBMC,monocyte,22025,110209,19.98
sample01359,yes,PBMC,nk_cell,21529,110209,19.53
sample01360,yes,PBMC,b_cell,9095,101085,9.0
sample01360,yes,PBMC,cd4_t_cell,33973,101085,33.61
sample01360,yes,PBMC,cd8_t_cell,27839,101085,27.54
sample01360,yes,PBMC,monocyte,14129,101085,13.98
sample01360,yes,PBMC,nk_cell,16049,101085,15.88
sample01361,yes,PBMC,b_cell,9563,102423,9.34
sample01361,yes,PBMC,cd4_t_cell,25020,102423,24.43
sample01361,yes,PBMC,cd8_t_cell,35989,102423,35.14
sample01361,yes,PBMC,monocyte,17916,102423,17.49
sample01361,yes,PBMC,nk_cell,13935,102423,13.61
sample01377,yes,PBMC,b_cell,5884,95166,6.18
sample01377,yes,PBMC,cd4_t_cell,24728,95166,25.98
sample01377,yes,PBMC,cd8_t_cell,25394,95166,26.68
sample01377,yes,PBMC,monocyte,18400,95166,19.33
sample01377,yes,PBMC,nk_cell,20760,95166,21.81
sample01378,yes,PBMC,b_cell,8831,102603,8.61
sample01378,yes,PBMC,cd4_t_cell,38657,102603,37.68
sample01378,yes,PBMC,cd8_t_cell,24206,102603,23.59
sample01378,yes,PBMC,monocyte,19539,102603,19.04
sample01378,yes,PBMC,nk_cell,11370,102603,11.08
sample01379,yes,PBMC,b_cell,11035,96861,11.39
sample01379,yes,PBMC,cd4_t_cell,33543,96861,34.63
sample01379,yes,PBMC,cd8_t_cell,19993,96861,20.64
sample01379,yes,PBMC,monocyte,17005,96861,17.56
sample01379,yes,PBMC,nk_cell,15285,96861,15.78
sample01386,no,PBMC,b_cell,7618,104505,7.29
sample01386,no,PBMC,cd4_t_cell,38674,104505,37.01
sample01386,no,PBMC,cd8_t_cell,23373,104505,22.37
sample01386,no,PBMC,monocyte,16508,104505,15.8
sample01386,no,PBMC,nk_cell,18332,104505,17.54
sample01387,no,PBMC,b_cell,7276,101280,7.18
sample01387,no,PBMC,cd4_t_cell,28281,101280,27.92
sample01387,no,PBMC,cd8_t_cell,31678,101280,31.28
sample01387,no,PBMC,monocyte,23381,101280,23.09
sample01387,no,PBMC,nk_cell,10664,101280,10.53
sample01388,no,PBMC,b_cell,9208,107400,8.57
sample01388,no,PBMC,cd4_t_cell,24134,107400,22.47
sample01388,no,PBMC,cd8_t_cell,30748,107400,28.63
sample01388,no,PBMC,monocyte,19257,107400,17.93
sample01388,no,PBMC,nk_cell,24053,107400,22.4
sample01395,no,PBMC,b_cell,5967,102167,5.84
sample01395,no,PBMC,cd4_t_cell,35166,102167,34.42
sample01395,no,PBMC,cd8_t_cell,22873,102167,22.39
sample01395,no,PBMC,monocyte,15778,102167,15.44
sample01395,no,PBMC,nk_cell,22383,102167,21.91
sample01396,no,PBMC,b_cell,14852,97473,15.24
sample01396,no,PBMC,cd4_t_cell,31797,97473,32.62
sample01396,no,PBMC,cd8_t_cell,22446,97473,23.03
sample01396,no,PBMC,monocyte,18713,97473,19.2
sample01396,no,PBMC,nk_cell,9665,97473,9.92
sample01397,no,PBMC,b_cell,5435,92581,5.87
sample01397,no,PBMC,cd4_t_cell,25466,92581,27.51
sample01397,no,PBMC,cd8_t_cell,25590,92581,27.64
sample01397,no,PBMC,monocyte,24700,92581,26.68
sample01397,no,PBMC,nk_cell,11390,92581,12.3
sample01413,no,PBMC,b_cell,11076,89999,12.31
sample01413,no,PBMC,cd4_t_cell,26043,89999,28.94
sample01413,no,PBMC,cd8_t_cell,21811,89999,24.23
sample01413,no,PBMC,monocyte,16605,89999,18.45
sample01413,no,PBMC,nk_cell,14464,89999,16.07
sample01414,no,PBMC,b_cell,7544,91947,8.2
sample01414,no,PBMC,cd4_t_cell,29617,91947,32.21
sample01414,no,PBMC,cd8_t_cell,16809,91947,18.28
sample01414,no,PBMC,monocyte,24477,91947,26.62
sample01414,no,PBMC,nk_cell,13500,91947,14.68
sample01415,no,PBMC,b_cell,16692,89404,18.67
sample01415,no,PBMC,cd4_t_cell,23560,89404,26.35
sample01415,no,PBMC,cd8_t_cell,19310,89404,21.6
sample01415,no,PBMC,monocyte,16433,89404,18.38
sample01415,no,PBMC,nk_cell,13409,89404,15.0
sample01419,yes,PBMC,b_cell,6422,98213,6.54
sample01419,yes,PBMC,cd4_t_cell,30335,98213,30.89
sample01419,yes,PBMC,cd8_t_cell,29627,98213,30.17
sample01419,yes,PBMC,monocyte,11079,98213,11.28
sample01419,yes,PBMC,nk_cell,20750,98213,21.13
sample01420,yes,PBMC,b_cell,8751,99012,8.84
sample01420,yes,PBMC,cd4_t_cell,25946,99012,26.2
sample01420,yes,PBMC,cd8_t_cell,29834,99012,30.13
sample01420,yes,PBMC,monocyte,26963,99012,27.23
sample01420,yes,PBMC,nk_cell,7518,99012,7.59
sample01421,yes,PBMC,b_cell,13139,92764,14.16
sample01421,yes,PBMC,cd4_t_cell,26542,92764,28.61
sample01421,yes,PBMC,cd8_t_cell,25847,92764,27.86
sample01421,yes,PBMC,monocyte,18769,92764,20.23
sample01421,yes,PBMC,nk_cell,8467,92764,9.13
sample01422,yes,PBMC,b_cell,9031,94401,9.57
sample01422,yes,PBMC,cd4_t_cell,25114,94401,26.6
sample01422,yes,PBMC,cd8_t_cell,18782,94401,19.9
sample01422,yes,PBMC,monocyte,23354,94401,24.74
sample01422,yes,PBMC,nk_cell,18120,94401,19.19
sample01423,yes,PBMC,b_cell,16229,102034,15.91
sample01423,yes,PBMC,cd4_t_cell,26635,102034,26.1
sample01423,yes,PBMC,cd8_t_cell,15816,102034,15.5
sample01423,yes,PBMC,monocyte,21979,102034,21.54
sample01423,yes,PBMC,nk_cell,21375,102034,20.95
sample01424,yes,PBMC,b_cell,7469,99345,7.52
sample01424,yes,PBMC,cd4_t_cell,28211,99345,28.4
sample01424,yes,PBMC,cd8_t_cell,21333,99345,21.47
sample01424,yes,PBMC,monocyte,29114,99345,29.31
sample01424,yes,PBMC,nk_cell,13218,99345,13.31
sample01431,no,PBMC,b_cell,12747,99852,12.77
sample01431,no,PBMC,cd4_t_cell,20433,99852,20.46
sample01431,no,PBMC,cd8_t_cell,34083,99852,34.13
sample01431,no,PBMC,monocyte,16433,99852,16.46
sample01431,no,PBMC,nk_cell,16156,99852,16.18
sample01432,no,PBMC,b_cell,4258,99842,4.26
sample01432,no,PBMC,cd4_t_cell,22547,99842,22.58
sample01432,no,PBMC,cd8_t_cell,25864,99842,25.9
sample01432,no,PBMC,monocyte,30828,99842,30.88
sample01432,no,PBMC,nk_cell,16345,99842,16.37
sample01433,no,PBMC,b_cell,6015,98465,6.11
sample01433,no,PBMC,cd4_t_cell,32397,98465,32.9
sample01433,no,PBMC,cd8_t_cell,22654,98465,23.01
sample01433,no,PBMC,monocyte,23347,98465,23.71
sample01433,no,PBMC,nk_cell,14052,98465,14.27
sample01440,yes,PBMC,b_cell,11529,98080,11.75
sample01440,yes,PBMC,cd4_t_cell,35723,98080,36.42
sample01440,yes,PBMC,cd8_t_cell,15453,98080,15.76
sample01440,yes,PBMC,monocyte,22332,98080,22.77
sample01440,yes,PBMC,nk_cell,13043,98080,13.3
sample01441,yes,PBMC,b_cell,6398,107429,5.96
sample01441,yes,PBMC,cd4_t_cell,29766,107429,27.71
sample01441,yes,PBMC,cd8_t_cell,25214,107429,23.47
sample01441,yes,PBMC,monocyte,19903,107429,18.53
sample01441,yes,PBMC,nk_cell,26148,107429,24.34
sample01442,yes,PBMC,b_cell,16149,108646,14.86
sample01442,yes,PBMC,cd4_t_cell,35852,108646,33.0
sample01442,yes,PBMC,cd8_t_cell,21478,108646,19.77
sample01442,yes,PBMC,monocyte,23703,108646,21.82
sample01442,yes,PBMC,nk_cell,11464,108646,10.55
sample01458,yes,PBMC,b_cell,14329,100331,14.28
sample01458,yes,PBMC,cd4_t_cell,33172,100331,33.06
sample01458,yes,PBMC,cd8_t_cell,19633,100331,19.57
sample01458,yes,PBMC,monocyte,21063,100331,20.99
sample01458,yes,PBMC,nk_cell,12134,100331,12.09
sample01459,yes,PBMC,b_cell,9567,94813,10.09
sample01459,yes,PBMC,cd4_t_cell,29892,94813,31.53
sample01459,yes,PBMC,cd8_t_cell,18378,94813,19.38
sample01459,yes,PBMC,monocyte,20645,94813,21.77
sample01459,yes,PBMC,nk_cell,16331,94813,17.22
sample01460,yes,PBMC,b_cell,13661,109277,12.5
sample01460,yes,PBMC,cd4_t_cell,39758,109277,36.38
sample01460,yes,PBMC,cd8_t_cell,21630,109277,19.79
sample01460,yes,PBMC,monocyte,17945,109277,16.42
sample01460,yes,PBMC,nk_cell,16283,109277,14.9
sample01491,yes,PBMC,b_cell,12134,106009,11.45
sample01491,yes,PBMC,cd4_t_cell,42068,106009,39.68
sample01491,yes,PBMC,cd8_t_cell,19006,106009,17.93
sample01491,yes,PBMC,monocyte,21531,106009,20.31
sample01491,yes,PBMC,nk_cell,11270,106009,10.63
sample01492,yes,PBMC,b_cell,6786,94139,7.21
sample01492,yes,PBMC,cd4_t_cell,39028,94139,41.46
sample01492,yes,PBMC,cd8_t_cell,17224,94139,18.3
sample01492,yes,PBMC,monocyte,19135,94139,20.33
sample01492,yes,PBMC,nk_cell,11966,94139,12.71
sample01493,yes,PBMC,b_cell,8822,104531,8.44
sample01493,yes,PBMC,cd4_t_cell,29233,104531,27.97
sample01493,yes,PBMC,cd8_t_cell,25297,104531,24.2
sample01493,yes,PBMC,monocyte,24999,104531,23.92
sample01493,yes,PBMC,nk_cell,16180,104531,15.48
sample01497,yes,PBMC,b_cell,13787,97367,14.16
sample01497,yes,PBMC,cd4_t_cell,24995,97367,25.67
sample01497,yes,PBMC,cd8_t_cell,26989,97367,27.72
sample01497,yes,PBMC,monocyte,17711,97367,18.19
sample01497,yes,PBMC,nk_cell,13885,97367,14.26
sample01498,yes,PBMC,b_cell,9129,106981,8.53
sample01498,yes,PBMC,cd4_t_cell,33668,106981,31.47
sample01498,yes,PBMC,cd8_t_cell,32998,106981,30.84
sample01498,yes,PBMC,monocyte,18263,106981,17.07
sample01498,yes,PBMC,nk_cell,12923,106981,12.08
sample01499,yes,PBMC,b_cell,10671,101999,10.46
sample01499,yes,PBMC,cd4_t_cell,34818,101999,34.14
sample01499,yes,PBMC,cd8_t_cell,22071,101999,21.64
sample01499,yes,PBMC,monocyte,21033,101999,20.62
sample01499,yes,PBMC,nk_cell,13406,101999,13.14
sample01533,yes,PBMC,b_cell,16512,93333,17.69
sample01533,yes,PBMC,cd4_t_cell,20981,93333,22.48
sample01533,yes,PBMC,cd8_t_cell,23946,93333,25.66
sample01533,yes,PBMC,monocyte,21396,93333,22.92
sample01533,yes,PBMC,nk_cell,10498,93333,11.25
sample01534,yes,PBMC,b_cell,11097,112535,9.86
sample01534,yes,PBMC,cd4_t_cell,27832,112535,24.73
sample01534,yes,PBMC,cd8_t_cell,24800,112535,22.04
sample01534,yes,PBMC,monocyte,21462,112535,19.07
sample01534,yes,PBMC,nk_cell,27344,112535,24.3
sample01535,yes,PBMC,b_cell,8366,102823,8.14
sample01535,yes,PBMC,cd4_t_cell,36739,102823,35.73
sample01535,yes,PBMC,cd8_t_cell,22203,102823,21.59
sample01535,yes,PBMC,monocyte,19699,102823,19.16
sample01535,yes,PBMC,nk_cell,15816,102823,15.38
sample01536,yes,PBMC,b_cell,6926,106219,6.52
sample01536,yes,PBMC,cd4_t_cell,31346,106219,29.51
sample01536,yes,PBMC,cd8_t_cell,32034,106219,30.16
sample01536,yes,PBMC,monocyte,24330,106219,22.91
sample01536,yes,PBMC,nk_cell,11583,106219,10.9
sample01537,yes,PBMC,b_cell,9081,92741,9.79
sample01537,yes,PBMC,cd4_t_cell,30722,92741,33.13
sample01537,yes,PBMC,cd8_t_cell,21549,92741,23.24
sample01537,yes,PBMC,monocyte,18626,92741,20.08
sample01537,yes,PBMC,nk_cell,12763,92741,13.76
sample01538,yes,PBMC,b_cell,13810,94072,14.68
sample01538,yes,PBMC,cd4_t_cell,25856,94072,27.49
sample01538,yes,PBMC,cd8_t_cell,21733,94072,23.1
sample01538,yes,PBMC,monocyte,19679,94072,20.92
sample01538,yes,PBMC,nk_cell,12994,94072,13.81
sample01542,no,PBMC,b_cell,5242,104258,5.03
sample01542,no,PBMC,cd4_t_cell,33525,104258,32.16
sample01542,no,PBMC,cd8_t_cell,25743,104258,24.69
sample01542,no,PBMC,monocyte,21326,104258,20.46
sample01542,no,PBMC,nk_cell,18422,104258,17.67
sample01543,no,PBMC,b_cell,14936,98030,15.24
sample01543,no,PBMC,cd4_t_cell,18671,98030,19.05
sample01543,no,PBMC,cd8_t_cell,27895,98030,28.46
sample01543,no,PBMC,monocyte,25934,98030,26.46
sample01543,no,PBMC,nk_cell,10594,98030,10.81
sample01544,no,PBMC,b_cell,13133,100029,13.13
sample01544,no,PBMC,cd4_t_cell,32358,100029,32.35
sample01544,no,PBMC,cd8_t_cell,22518,100029,22.51
sample01544,no,PBMC,monocyte,19458,100029,19.45
sample01544,no,PBMC,nk_cell,12562,100029,12.56
sample01545,yes,PBMC,b_cell,3224,102282,3.15
sample01545,yes,PBMC,cd4_t_cell,27587,102282,26.97
sample01545,yes,PBMC,cd8_t_cell,20535,102282,20.08
sample01545,yes,PBMC,monocyte,28715,102282,28.07
sample01545,yes,PBMC,nk_cell,22221,102282,21.73
sample01546,yes,PBMC,b_cell,10607,102056,10.39
sample01546,yes,PBMC,cd4_t_cell,30031,102056,29.43
sample01546,yes,PBMC,cd8_t_cell,32391,102056,31.74
sample01546,yes,PBMC,monocyte,17736,102056,17.38
sample01546,yes,PBMC,nk_cell,11291,102056,11.06
sample01547,yes,PBMC,b_cell,8980,95205,9.43
sample01547,yes,PBMC,cd4_t_cell,26809,95205,28.16
sample01547,yes,PBMC,cd8_t_cell,21963,95205,23.07
sample01547,yes,PBMC,monocyte,17641,95205,18.53
sample01547,yes,PBMC,nk_cell,19812,95205,20.81
sample01554,no,PBMC,b_cell,10793,97073,11.12
sample01554,no,PBMC,cd4_t_cell,27029,97073,27.84
sample01554,no,PBMC,cd8_t_cell,23713,97073,24.43
sample01554,no,PBMC,monocyte,19601,97073,20.19
sample01554,no,PBMC,nk_cell,15937,97073,16.42
sample01555,no,PBMC,b_cell,17452,102116,17.09
sample01555,no,PBMC,cd4_t_cell,41983,102116,41.11
sample01555,no,PBMC,cd8_t_cell,21120,102116,20.68
sample01555,no,PBMC,monocyte,14114,102116,13.82
sample01555,no,PBMC,nk_cell,7447,102116,7.29
sample01556,no,PBMC,b_cell,4282,100287,4.27
sample01556,no,PBMC,cd4_t_cell,25566,100287,25.49
sample01556,no,PBMC,cd8_t_cell,28544,100287,28.46
sample01556,no,PBMC,monocyte,23411,100287,23.34
sample01556,no,PBMC,nk_cell,18484,100287,18.43
sample01587,no,PBMC,b_cell,7169,92133,7.78
sample01587,no,PBMC,cd4_t_cell,31377,92133,34.06
sample01587,no,PBMC,cd8_t_cell,24785,92133,26.9
sample01587,no,PBMC,monocyte,19385,92133,21.04
sample01587,no,PBMC,nk_cell,9417,92133,10.22
sample01588,no,PBMC,b_cell,7672,105620,7.26
sample01588,no,PBMC,cd4_t_cell,38085,105620,36.06
sample01588,no,PBMC,cd8_t_cell,21953,105620,20.78
sample01588,no,PBMC,monocyte,29081,105620,27.53
sample01588,no,PBMC,nk_cell,8829,105620,8.36
sample01589,no,PBMC,b_cell,5956,92792,6.42
sample01589,no,PBMC,cd4_t_cell,31183,92792,33.61
sample01589,no,PBMC,cd8_t_cell,18434,92792,19.87
sample01589,no,PBMC,monocyte,23612,92792,25.45
sample01589,no,PBMC,nk_cell,13607,92792,14.66
sample01602,yes,PBMC,b_cell,9813,98385,9.97
sample01602,yes,PBMC,cd4_t_cell,27412,98385,27.86
sample01602,yes,PBMC,cd8_t_cell,25533,98385,25.95
sample01602,yes,PBMC,monocyte,26828,98385,27.27
sample01602,yes,PBMC,nk_cell,8799,98385,8.94
sample01603,yes,PBMC,b_cell,9003,100160,8.99
sample01603,yes,PBMC,cd4_t_cell,34115,100160,34.06
sample01603,yes,PBMC,cd8_t_cell,27991,100160,27.95
sample01603,yes,PBMC,monocyte,14829,100160,14.81
sample01603,yes,PBMC,nk_cell,14222,100160,14.2
sample01604,yes,PBMC,b_cell,9540,109316,8.73
sample01604,yes,PBMC,cd4_t_cell,39870,109316,36.47
sample01604,yes,PBMC,cd8_t_cell,30484,109316,27.89
sample01604,yes,PBMC,monocyte,18884,109316,17.27
sample01604,yes,PBMC,nk_cell,10538,109316,9.64
sample01611,no,PBMC,b_cell,8822,92787,9.51
sample01611,no,PBMC,cd4_t_cell,27153,92787,29.26
sample01611,no,PBMC,cd8_t_cell,24086,92787,25.96
sample01611,no,PBMC,monocyte,22857,92787,24.63
sample01611,no,PBMC,nk_cell,9869,92787,10.64
sample01612,no,PBMC,b_cell,11895,99916,11.91
sample01612,no,PBMC,cd4_t_cell,40152,99916,40.19
sample01612,no,PBMC,cd8_t_cell,18334,99916,18.35
sample01612,no,PBMC,monocyte,15143,99916,15.16
sample01612,no,PBMC,nk_cell,14392,99916,14.4
sample01613,no,PBMC,b_cell,5604,91122,6.15
sample01613,no,PBMC,cd4_t_cell,19905,91122,21.84
sample01613,no,PBMC,cd8_t_cell,32181,91122,35.32
sample01613,no,PBMC,monocyte,19741,91122,21.66
sample01613,no,PBMC,nk_cell,13691,91122,15.02
sample01620,yes,PBMC,b_cell,5770,95869,6.02
sample01620,yes,PBMC,cd4_t_cell,27014,95869,28.18
sample01620,yes,PBMC,cd8_t_cell,25207,95869,26.29
sample01620,yes,PBMC,monocyte,21772,95869,22.71
sample01620,yes,PBMC,nk_cell,16106,95869,16.8
sample01621,yes,PBMC,b_cell,4546,91716,4.96
sample01621,yes,PBMC,cd4_t_cell,32010,91716,34.9
sample01621,yes,PBMC,cd8_t_cell,27312,91716,29.78
sample01621,yes,PBMC,monocyte,14369,91716,15.67
sample01621,yes,PBMC,nk_cell,13479,91716,14.7
sample01622,yes,PBMC,b_cell,9667,101351,9.54
sample01622,yes,PBMC,cd4_t_cell,32949,101351,32.51
sample01622,yes,PBMC,cd8_t_cell,25774,101351,25.43
sample01622,yes,PBMC,monocyte,20863,101351,20.58
sample01622,yes,PBMC,nk_cell,12098,101351,11.94
sample01635,yes,PBMC,b_cell,13183,99800,13.21
sample01635,yes,PBMC,cd4_t_cell,22817,99800,22.86
sample01635,yes,PBMC,cd8_t_cell,19397,99800,19.44
sample01635,yes,PBMC,monocyte,25130,99800,25.18
sample01635,yes,PBMC,nk_cell,19273,99800,19.31
sample01636,yes,PBMC,b_cell,15758,103079,15.29
sample01636,yes,PBMC,cd4_t_cell,29130,103079,28.26
sample01636,yes,PBMC,cd8_t_cell,24121,103079,23.4
sample01636,yes,PBMC,monocyte,21129,103079,20.5
sample01636,yes,PBMC,nk_cell,12941,103079,12.55
sample01637,yes,PBMC,b_cell,11457,105257,10.88
sample01637,yes,PBMC,cd4_t_cell,30124,105257,28.62
sample01637,yes,PBMC,cd8_t_cell,31286,105257,29.72
sample01637,yes,PBMC,monocyte,16621,105257,15.79
sample01637,yes,PBMC,nk_cell,15769,105257,14.98
sample01638,yes,PBMC,b_cell,18555,102848,18.04
sample01638,yes,PBMC,cd4_t_cell,33782,102848,32.85
sample01638,yes,PBMC,cd8_t_cell,16199,102848,15.75
sample01638,yes,PBMC,monocyte,24235,102848,23.56
sample01638,yes,PBMC,nk_cell,10077,102848,9.8
sample01639,yes,PBMC,b_cell,5469,106542,5.13
sample01639,yes,PBMC,cd4_t_cell,37906,106542,35.58
sample01639,yes,PBMC,cd8_t_cell,33289,106542,31.24
sample01639,yes,PBMC,monocyte,15684,106542,14.72
sample01639,yes,PBMC,nk_cell,14194,106542,13.32
sample01640,yes,PBMC,b_cell,19671,98315,20.01
sample01640,yes,PBMC,cd4_t_cell,21699,98315,22.07
sample01640,yes,PBMC,cd8_t_cell,24095,98315,24.51
sample01640,yes,PBMC,monocyte,20344,98315,20.69
sample01640,yes,PBMC,nk_cell,12506,98315,12.72
sample01665,yes,PBMC,b_cell,12592,107148,11.75
sample01665,yes,PBMC,cd4_t_cell,41151,107148,38.41
sample01665,yes,PBMC,cd8_t_cell,15548,107148,14.51
sample01665,yes,PBMC,monocyte,11631,107148,10.86
sample01665,yes,PBMC,nk_cell,26226,107148,24.48
sample01666,yes,PBMC,b_cell,5378,107196,5.02
sample01666,yes,PBMC,cd4_t_cell,24976,107196,23.3
sample01666,yes,PBMC,cd8_t_cell,34989,107196,32.64
sample01666,yes,PBMC,monocyte,25745,107196,24.02
sample01666,yes,PBMC,nk_cell,16108,107196,15.03
sample01667,yes,PBMC,b_cell,6043,97142,6.22
sample01667,yes,PBMC,cd4_t_cell,24651,97142,25.38
sample01667,yes,PBMC,cd8_t_cell,30606,97142,31.51
sample01667,yes,PBMC,monocyte,19626,97142,20.2
sample01667,yes,PBMC,nk_cell,16216,97142,16.69
sample01674,no,PBMC,b_cell,6752,89661,7.53
sample01674,no,PBMC,cd4_t_cell,20884,89661,23.29
sample01674,no,PBMC,cd8_t_cell,23271,89661,25.95
sample01674,no,PBMC,monocyte,17829,89661,19.88
sample01674,no,PBMC,nk_cell,20925,89661,23.34
sample01675,no,PBMC,b_cell,9628,91225,10.55
sample01675,no,PBMC,cd4_t_cell,28495,91225,31.24
sample01675,no,PBMC,cd8_t_cell,25262,91225,27.69
sample01675,no,PBMC,monocyte,15641,91225,17.15
sample01675,no,PBMC,nk_cell,12199,91225,13.37
sample01676,no,PBMC,b_cell,7187,103515,6.94
sample01676,no,PBMC,cd4_t_cell,28230,103515,27.27
sample01676,no,PBMC,cd8_t_cell,35447,103515,34.24
sample01676,no,PBMC,monocyte,15084,103515,14.57
sample01676,no,PBMC,nk_cell,17567,103515,16.97
sample01680,no,PBMC,b_cell,14007,107626,13.01
sample01680,no,PBMC,cd4_t_cell,28157,107626,26.16
sample01680,no,PBMC,cd8_t_cell,24818,107626,23.06
sample01680,no,PBMC,monocyte,24618,107626,22.87
sample01680,no,PBMC,nk_cell,16026,107626,14.89
sample01681,no,PBMC,b_cell,8324,107066,7.77
sample01681,no,PBMC,cd4_t_cell,35472,107066,33.13
sample01681,no,PBMC,cd8_t_cell,30603,107066,28.58
sample01681,no,PBMC,monocyte,19130,107066,17.87
sample01681,no,PBMC,nk_cell,13537,107066,12.64
sample01682,no,PBMC,b_cell,11007,96735,11.38
sample01682,no,PBMC,cd4_t_cell,25949,96735,26.82
sample01682,no,PBMC,cd8_t_cell,31434,96735,32.49
sample01682,no,PBMC,monocyte,15195,96735,15.71
sample01682,no,PBMC,nk_cell,13150,96735,13.59
sample01683,yes,PBMC,b_cell,8952,98395,9.1
sample01683,yes,PBMC,cd4_t_cell,19749,98395,20.07
sample01683,yes,PBMC,cd8_t_cell,35096,98395,35.67
sample01683,yes,PBMC,monocyte,21447,98395,21.8
sample01683,yes,PBMC,nk_cell,13151,98395,13.37
sample01684,yes,PBMC,b_cell,12720,114684,11.09
sample01684,yes,PBMC,cd4_t_cell,34058,114684,29.7
sample01684,yes,PBMC,cd8_t_cell,29657,114684,25.86
sample01684,yes,PBMC,monocyte,21104,114684,18.4
sample01684,yes,PBMC,nk_cell,17145,114684,14.95
sample01685,yes,PBMC,b_cell,12696,93146,13.63
sample01685,yes,PBMC,cd4_t_cell,26194,93146,28.12
sample01685,yes,PBMC,cd8_t_cell,23526,93146,25.26
sample01685,yes,PBMC,monocyte,16509,93146,17.72
sample01685,yes,PBMC,nk_cell,14221,93146,15.27
sample01686,no,PBMC,b_cell,17894,95142,18.81
sample01686,no,PBMC,cd4_t_cell,33603,95142,35.32
sample01686,no,PBMC,cd8_t_cell,14840,95142,15.6
sample01686,no,PBMC,monocyte,14863,95142,15.62
sample01686,no,PBMC,nk_cell,13942,95142,14.65
sample01687,no,PBMC,b_cell,10123,101578,9.97
sample01687,no,PBMC,cd4_t_cell,30363,101578,29.89
sample01687,no,PBMC,cd8_t_cell,31266,101578,30.78
sample01687,no,PBMC,monocyte,13898,101578,13.68
sample01687,no,PBMC,nk_cell,15928,101578,15.68
sample01688,no,PBMC,b_cell,12577,101006,12.45
sample01688,no,PBMC,cd4_t_cell,26251,101006,25.99
sample01688,no,PBMC,cd8_t_cell,19452,101006,19.26
sample01688,no,PBMC,monocyte,17600,101006,17.42
sample01688,no,PBMC,nk_cell,25126,101006,24.88
sample01692,yes,PBMC,b_cell,9734,92546,10.52
sample01692,yes,PBMC,cd4_t_cell,29749,92546,32.15
sample01692,yes,PBMC,cd8_t_cell,24416,92546,26.38
sample01692,yes,PBMC,monocyte,17762,92546,19.19
sample01692,yes,PBMC,nk_cell,10885,92546,11.76
sample01693,yes,PBMC,b_cell,7380,93232,7.92
sample01693,yes,PBMC,cd4_t_cell,25249,93232,27.08
sample01693,yes,PBMC,cd8_t_cell,18700,93232,20.06
sample01693,yes,PBMC,monocyte,24008,93232,25.75
sample01693,yes,PBMC,nk_cell,17895,93232,19.19
sample01694,yes,PBMC,b_cell,13456,98678,13.64
sample01694,yes,PBMC,cd4_t_cell,27594,98678,27.96
sample01694,yes,PBMC,cd8_t_cell,23989,98678,24.31
sample01694,yes,PBMC,monocyte,14516,98678,14.71
sample01694,yes,PBMC,nk_cell,19123,98678,19.38
sample01701,no,PBMC,b_cell,8003,106915,7.49
sample01701,no,PBMC,cd4_t_cell,35239,106915,32.96
sample01701,no,PBMC,cd8_t_cell,28136,106915,26.32
sample01701,no,PBMC,monocyte,23189,106915,21.69
sample01701,no,PBMC,nk_cell,12348,106915,11.55
sample01702,no,PBMC,b_cell,7254,105733,6.86
sample01702,no,PBMC,cd4_t_cell,27868,105733,26.36
sample01702,no,PBMC,cd8_t_cell,29158,105733,27.58
sample01702,no,PBMC,monocyte,21235,105733,20.08
sample01702,no,PBMC,nk_cell,20218,105733,19.12
sample01703,no,PBMC,b_cell,15884,91828,17.3
sample01703,no,PBMC,cd4_t_cell,25493,91828,27.76
sample01703,no,PBMC,cd8_t_cell,18409,91828,20.05
sample01703,no,PBMC,monocyte,18525,91828,20.17
sample01703,no,PBMC,nk_cell,13517,91828,14.72
sample01719,yes,PBMC,b_cell,9357,96224,9.72
sample01719,yes,PBMC,cd4_t_cell,27132,96224,28.2
sample01719,yes,PBMC,cd8_t_cell,17303,96224,17.98
sample01719,yes,PBMC,monocyte,27872,96224,28.97
sample01719,yes,PBMC,nk_cell,14560,96224,15.13
sample01720,yes,PBMC,b_cell,5375,92872,5.79
sample01720,yes,PBMC,cd4_t_cell,37372,92872,40.24
sample01720,yes,PBMC,cd8_t_cell,17481,92872,18.82
sample01720,yes,PBMC,monocyte,16038,92872,17.27
sample01720,yes,PBMC,nk_cell,16606,92872,17.88
sample01721,yes,PBMC,b_cell,16543,96252,17.19
sample01721,yes,PBMC,cd4_t_cell,34155,96252,35.48
sample01721,yes,PBMC,cd8_t_cell,22821,96252,23.71
sample01721,yes,PBMC,monocyte,12527,96252,13.01
sample01721,yes,PBMC,nk_cell,10206,96252,10.6
sample01722,no,PBMC,b_cell,9531,89351,10.67
sample01722,no,PBMC,cd4_t_cell,30723,89351,34.38
sample01722,no,PBMC,cd8_t_cell,20712,89351,23.18
sample01722,no,PBMC,monocyte,15273,89351,17.09
sample01722,no,PBMC,nk_cell,13112,89351,14.67
sample01723,no,PBMC,b_cell,18810,108032,17.41
sample01723,no,PBMC,cd4_t_cell,40052,108032,37.07
sample01723,no,PBMC,cd8_t_cell,22771,108032,21.08
sample01723,no,PBMC,monocyte,18169,108032,16.82
sample01723,no,PBMC,nk_cell,8230,108032,7.62
sample01724,no,PBMC,b_cell,6961,95018,7.33
sample01724,no,PBMC,cd4_t_cell,32888,95018,34.61
sample01724,no,PBMC,cd8_t_cell,31058,95018,32.69
sample01724,no,PBMC,monocyte,14001,95018,14.74
sample01724,no,PBMC,nk_cell,10110,95018,10.64
sample01728,yes,PBMC,b_cell,5524,111032,4.98
sample01728,yes,PBMC,cd4_t_cell,42926,111032,38.66
sample01728,yes,PBMC,cd8_t_cell,20090,111032,18.09
sample01728,yes,PBMC,monocyte,21283,111032,19.17
sample01728,yes,PBMC,nk_cell,21209,111032,19.1
sample01729,yes,PBMC,b_cell,6764,106099,6.38
sample01729,yes,PBMC,cd4_t_cell,30449,106099,28.7
sample01729,yes,PBMC,cd8_t_cell,31067,106099,29.28
sample01729,yes,PBMC,monocyte,22966,106099,21.65
sample01729,yes,PBMC,nk_cell,14853,106099,14.0
sample01730,yes,PBMC,b_cell,15069,106929,14.09
sample01730,yes,PBMC,cd4_t_cell,27558,106929,25.77
sample01730,yes,PBMC,cd8_t_cell,29963,106929,28.02
sample01730,yes,PBMC,monocyte,22104,106929,20.67
sample01730,yes,PBMC,nk_cell,12235,106929,11.44
sample01752,no,PBMC,b_cell,9620,98420,9.77
sample01752,no,PBMC,cd4_t_cell,29085,98420,29.55
sample01752,no,PBMC,cd8_t_cell,31280,98420,31.78
sample01752,no,PBMC,monocyte,18043,98420,18.33
sample01752,no,PBMC,nk_cell,10392,98420,10.56
sample01753,no,PBMC,b_cell,9077,103066,8.81
sample01753,no,PBMC,cd4_t_cell,30133,103066,29.24
sample01753,no,PBMC,cd8_t_cell,28631,103066,27.78
sample01753,no,PBMC,monocyte,20229,103066,19.63
sample01753,no,PBMC,nk_cell,14996,103066,14.55
sample01754,no,PBMC,b_cell,9375,93898,9.98
sample01754,no,PBMC,cd4_t_cell,28807,93898,30.68
sample01754,no,PBMC,cd8_t_cell,20628,93898,21.97
sample01754,no,PBMC,monocyte,18370,93898,19.56
sample01754,no,PBMC,nk_cell,16718,93898,17.8
sample01755,yes,PBMC,b_cell,9443,100250,9.42
sample01755,yes,PBMC,cd4_t_cell,28707,100250,28.64
sample01755,yes,PBMC,cd8_t_cell,33387,100250,33.3
sample01755,yes,PBMC,monocyte,17893,100250,17.85
sample01755,yes,PBMC,nk_cell,10820,100250,10.79
sample01756,yes,PBMC,b_cell,10020,112168,8.93
sample01756,yes,PBMC,cd4_t_cell,33437,112168,29.81
sample01756,yes,PBMC,cd8_t_cell,29950,112168,26.7
sample01756,yes,PBMC,monocyte,20473,112168,18.25
sample01756,yes,PBMC,nk_cell,18288,112168,16.3
sample01757,yes,PBMC,b_cell,7239,109764,6.6
sample01757,yes,PBMC,cd4_t_cell,35839,109764,32.65
sample01757,yes,PBMC,cd8_t_cell,29216,109764,26.62
sample01757,yes,PBMC,monocyte,19020,109764,17.33
sample01757,yes,PBMC,nk_cell,18450,109764,16.81
sample01767,no,PBMC,b_cell,7984,91733,8.7
sample01767,no,PBMC,cd4_t_cell,33664,91733,36.7
sample01767,no,PBMC,cd8_t_cell,26694,91733,29.1
sample01767,no,PBMC,monocyte,14351,91733,15.64
sample01767,no,PBMC,nk_cell,9040,91733,9.85
sample01768,no,PBMC,b_cell,10175,101408,10.03
sample01768,no,PBMC,cd4_t_cell,31045,101408,30.61
sample01768,no,PBMC,cd8_t_cell,20860,101408,20.57
sample01768,no,PBMC,monocyte,23754,101408,23.42
sample01768,no,PBMC,nk_cell,15574,101408,15.36
sample01769,no,PBMC,b_cell,11781,97311,12.11
sample01769,no,PBMC,cd4_t_cell,38934,97311,40.01
sample01769,no,PBMC,cd8_t_cell,19011,97311,19.54
sample01769,no,PBMC,monocyte,11878,97311,12.21
sample01769,no,PBMC,nk_cell,15707,97311,16.14
sample01785,yes,PBMC,b_cell,9716,109249,8.89
sample01785,yes,PBMC,cd4_t_cell,30017,109249,27.48
sample01785,yes,PBMC,cd8_t_cell,21944,109249,20.09
sample01785,yes,PBMC,monocyte,28845,109249,26.4
sample01785,yes,PBMC,nk_cell,18727,109249,17.14
sample01786,yes,PBMC,b_cell,8411,99447,8.46
sample01786,yes,PBMC,cd4_t_cell,33554,99447,33.74
sample01786,yes,PBMC,cd8_t_cell,22967,99447,23.09
sample01786,yes,PBMC,monocyte,19188,99447,19.29
sample01786,yes,PBMC,nk_cell,15327,99447,15.41
sample01787,yes,PBMC,b_cell,6297,105827,5.95
sample01787,yes,PBMC,cd4_t_cell,44996,105827,42.52
sample01787,yes,PBMC,cd8_t_cell,23671,105827,22.37
sample01787,yes,PBMC,monocyte,12498,105827,11.81
sample01787,yes,PBMC,nk_cell,18365,105827,17.35
sample01803,no,PBMC,b_cell,7539,102654,7.34
sample01803,no,PBMC,cd4_t_cell,27490,102654,26.78
sample01803,no,PBMC,cd8_t_cell,35243,102654,34.33
sample01803,no,PBMC,monocyte,18519,102654,18.04
sample01803,no,PBMC,nk_cell,13863,102654,13.5
sample01804,no,PBMC,b_cell,4650,93139,4.99
sample01804,no,PBMC,cd4_t_cell,24229,93139,26.01
sample01804,no,PBMC,cd8_t_cell,26761,93139,28.73
sample01804,no,PBMC,monocyte,15766,93139,16.93
sample01804,no,PBMC,nk_cell,21733,93139,23.33
sample01805,no,PBMC,b_cell,11407,106453,10.72
sample01805,no,PBMC,cd4_t_cell,43407,106453,40.78
sample01805,no,PBMC,cd8_t_cell,21970,106453,20.64
sample01805,no,PBMC,monocyte,18230,106453,17.12
sample01805,no,PBMC,nk_cell,11439,106453,10.75
sample01809,no,PBMC,b_cell,14260,110191,12.94
sample01809,no,PBMC,cd4_t_cell,37302,110191,33.85
sample01809,no,PBMC,cd8_t_cell,27341,110191,24.81
sample01809,no,PBMC,monocyte,17252,110191,15.66
sample01809,no,PBMC,nk_cell,14036,110191,12.74
sample01810,no,PBMC,b_cell,8968,109048,8.22
sample01810,no,PBMC,cd4_t_cell,35424,109048,32.48
sample01810,no,PBMC,cd8_t_cell,27329,109048,25.06
sample01810,no,PBMC,monocyte,22390,109048,20.53
sample01810,no,PBMC,nk_cell,14937,109048,13.7
sample01811,no,PBMC,b_cell,11764,96001,12.25
sample01811,no,PBMC,cd4_t_cell,26991,96001,28.12
sample01811,no,PBMC,cd8_t_cell,18304,96001,19.07
sample01811,no,PBMC,monocyte,16472,96001,17.16
sample01811,no,PBMC,nk_cell,22470,96001,23.41
sample01812,no,PBMC,b_cell,11274,102248,11.03
sample01812,no,PBMC,cd4_t_cell,25857,102248,25.29
sample01812,no,PBMC,cd8_t_cell,27174,102248,26.58
sample01812,no,PBMC,monocyte,24358,102248,23.82
sample01812,no,PBMC,nk_cell,13585,102248,13.29
sample01813,no,PBMC,b_cell,7576,103589,7.31
sample01813,no,PBMC,cd4_t_cell,27433,103589,26.48
sample01813,no,PBMC,cd8_t_cell,24003,103589,23.17
sample01813,no,PBMC,monocyte,30827,103589,29.76
sample01813,no,PBMC,nk_cell,13750,103589,13.27
sample01814,no,PBMC,b_cell,12762,102763,12.42
sample01814,no,PBMC,cd4_t_cell,31034,102763,30.2
sample01814,no,PBMC,cd8_t_cell,27134,102763,26.4
sample01814,no,PBMC,monocyte,17124,102763,16.66
sample01814,no,PBMC,nk_cell,14709,102763,14.31
sample01815,yes,PBMC,b_cell,7686,98810,7.78
sample01815,yes,PBMC,cd4_t_cell,29082,98810,29.43
sample01815,yes,PBMC,cd8_t_cell,27972,98810,28.31
sample01815,yes,PBMC,monocyte,16216,98810,16.41
sample01815,yes,PBMC,nk_cell,17854,98810,18.07
sample01816,yes,PBMC,b_cell,5741,107508,5.34
sample01816,yes,PBMC,cd4_t_cell,37477,107508,34.86
sample01816,yes,PBMC,cd8_t_cell,31885,107508,29.66
sample01816,yes,PBMC,monocyte,16457,107508,15.31
sample01816,yes,PBMC,nk_cell,15948,107508,14.83
sample01817,yes,PBMC,b_cell,7981,102908,7.76
sample01817,yes,PBMC,cd4_t_cell,35271,102908,34.27
sample01817,yes,PBMC,cd8_t_cell,28565,102908,27.76
sample01817,yes,PBMC,monocyte,16967,102908,16.49
sample01817,yes,PBMC,nk_cell,14124,102908,13.72
sample01824,yes,PBMC,b_cell,12001,102253,11.74
sample01824,yes,PBMC,cd4_t_cell,35513,102253,34.73
sample01824,yes,PBMC,cd8_t_cell,22940,102253,22.43
sample01824,yes,PBMC,monocyte,20435,102253,19.98
sample01824,yes,PBMC,nk_cell,11364,102253,11.11
sample01825,yes,PBMC,b_cell,14064,106192,13.24
sample01825,yes,PBMC,cd4_t_cell,26694,106192,25.14
sample01825,yes,PBMC,cd8_t_cell,23153,106192,21.8
sample01825,yes,PBMC,monocyte,23127,106192,21.78
sample01825,yes,PBMC,nk_cell,19154,106192,18.04
sample01826,yes,PBMC,b_cell,8470,111533,7.59
sample01826,yes,PBMC,cd4_t_cell,37643,111533,33.75
sample01826,yes,PBMC,cd8_t_cell,21772,111533,19.52
sample01826,yes,PBMC,monocyte,24904,111533,22.33
sample01826,yes,PBMC,nk_cell,18744,111533,16.81
sample01830,yes,PBMC,b_cell,9805,97955,10.01
sample01830,yes,PBMC,cd4_t_cell,31524,97955,32.18
sample01830,yes,PBMC,cd8_t_cell,25460,97955,25.99
sample01830,yes,PBMC,monocyte,13717,97955,14.0
sample01830,yes,PBMC,nk_cell,17449,97955,17.81
sample01831,yes,PBMC,b_cell,7559,104882,7.21
sample01831,yes,PBMC,cd4_t_cell,31572,104882,30.1
sample01831,yes,PBMC,cd8_t_cell,29511,104882,28.14
sample01831,yes,PBMC,monocyte,18987,104882,18.1
sample01831,yes,PBMC,nk_cell,17253,104882,16.45
sample01832,yes,PBMC,b_cell,6361,103134,6.17
sample01832,yes,PBMC,cd4_t_cell,34291,103134,33.25
sample01832,yes,PBMC,cd8_t_cell,21687,103134,21.03
sample01832,yes,PBMC,monocyte,22677,103134,21.99
sample01832,yes,PBMC,nk_cell,18118,103134,17.57
sample01833,yes,PBMC,b_cell,9914,93091,10.65
sample01833,yes,PBMC,cd4_t_cell,33206,93091,35.67
sample01833,yes,PBMC,cd8_t_cell,20644,93091,22.18
sample01833,yes,PBMC,monocyte,17440,93091,18.73
sample01833,yes,PBMC,nk_cell,11887,93091,12.77
sample01834,yes,PBMC,b_cell,12409,102909,12.06
sample01834,yes,PBMC,cd4_t_cell,33790,102909,32.83
sample01834,yes,PBMC,cd8_t_cell,22437,102909,21.8
sample01834,yes,PBMC,monocyte,16632,102909,16.16
sample01834,yes,PBMC,nk_cell,17641,102909,17.14
sample01835,yes,PBMC,b_cell,13960,94836,14.72
sample01835,yes,PBMC,cd4_t_cell,35372,94836,37.3
sample01835,yes,PBMC,cd8_t_cell,21873,94836,23.06
sample01835,yes,PBMC,monocyte,14058,94836,14.82
sample01835,yes,PBMC,nk_cell,9573,94836,10.09
sample01848,no,PBMC,b_cell,4548,88513,5.14
sample01848,no,PBMC,cd4_t_cell,23001,88513,25.99
sample01848,no,PBMC,cd8_t_cell,24258,88513,27.41
sample01848,no,PBMC,monocyte,21723,88513,24.54
sample01848,no,PBMC,nk_cell,14983,88513,16.93
sample01849,no,PBMC,b_cell,11621,97926,11.87
sample01849,no,PBMC,cd4_t_cell,27363,97926,27.94
sample01849,no,PBMC,cd8_t_cell,26670,97926,27.23
sample01849,no,PBMC,monocyte,15434,97926,15.76
sample01849,no,PBMC,nk_cell,16838,97926,17.19
sample01850,no,PBMC,b_cell,7752,93842,8.26
sample01850,no,PBMC,cd4_t_cell,27335,93842,29.13
sample01850,no,PBMC,cd8_t_cell,29259,93842,31.18
sample01850,no,PBMC,monocyte,20356,93842,21.69
sample01850,no,PBMC,nk_cell,9140,93842,9.74
sample01866,no,PBMC,b_cell,3895,98182,3.97
sample01866,no,PBMC,cd4_t_cell,31948,98182,32.54
sample01866,no,PBMC,cd8_t_cell,29540,98182,30.09
sample01866,no,PBMC,monocyte,18881,98182,19.23
sample01866,no,PBMC,nk_cell,13918,98182,14.18
sample01867,no,PBMC,b_cell,8133,96340,8.44
sample01867,no,PBMC,cd4_t_cell,27651,96340,28.7
sample01867,no,PBMC,cd8_t_cell,17724,96340,18.4
sample01867,no,PBMC,monocyte,23306,96340,24.19
sample01867,no,PBMC,nk_cell,19526,96340,20.27
sample01868,no,PBMC,b_cell,11529,104815,11.0
sample01868,no,PBMC,cd4_t_cell,32771,104815,31.27
sample01868,no,PBMC,cd8_t_cell,27376,104815,26.12
sample01868,no,PBMC,monocyte,18495,104815,17.65
sample01868,no,PBMC,nk_cell,14644,104815,13.97
sample01875,no,PBMC,b_cell,13264,107243,12.37
sample01875,no,PBMC,cd4_t_cell,28294,107243,26.38
sample01875,no,PBMC,cd8_t_cell,19698,107243,18.37
sample01875,no,PBMC,monocyte,26847,107243,25.03
sample01875,no,PBMC,nk_cell,19140,107243,17.85
sample01876,no,PBMC,b_cell,6257,101993,6.13
sample01876,no,PBMC,cd4_t_cell,26923,101993,26.4
sample01876,no,PBMC,cd8_t_cell,33810,101993,33.15
sample01876,no,PBMC,monocyte,19854,101993,19.47
sample01876,no,PBMC,nk_cell,15149,101993,14.85
sample01877,no,PBMC,b_cell,18562,102549,18.1
sample01877,no,PBMC,cd4_t_cell,20739,102549,20.22
sample01877,no,PBMC,cd8_t_cell,23690,102549,23.1
sample01877,no,PBMC,monocyte,24224,102549,23.62
sample01877,no,PBMC,nk_cell,15334,102549,14.95
sample01881,yes,PBMC,b_cell,10118,106943,9.46
sample01881,yes,PBMC,cd4_t_cell,30273,106943,28.31
sample01881,yes,PBMC,cd8_t_cell,22288,106943,20.84
sample01881,yes,PBMC,monocyte,29196,106943,27.3
sample01881,yes,PBMC,nk_cell,15068,106943,14.09
sample01882,yes,PBMC,b_cell,5285,94313,5.6
sample01882,yes,PBMC,cd4_t_cell,41487,94313,43.99
sample01882,yes,PBMC,cd8_t_cell,19133,94313,20.29
sample01882,yes,PBMC,monocyte,20698,94313,21.95
sample01882,yes,PBMC,nk_cell,7710,94313,8.17
sample01883,yes,PBMC,b_cell,8533,98681,8.65
sample01883,yes,PBMC,cd4_t_cell,33868,98681,34.32
sample01883,yes,PBMC,cd8_t_cell,17197,98681,17.43
sample01883,yes,PBMC,monocyte,19293,98681,19.55
sample01883,yes,PBMC,nk_cell,19790,98681,20.05
sample01884,no,PBMC,b_cell,12338,96652,12.77
sample01884,no,PBMC,cd4_t_cell,29819,96652,30.85
sample01884,no,PBMC,cd8_t_cell,18129,96652,18.76
sample01884,no,PBMC,monocyte,15942,96652,16.49
sample01884,no,PBMC,nk_cell,20424,96652,21.13
sample01885,no,PBMC,b_cell,12916,93311,13.84
sample01885,no,PBMC,cd4_t_cell,32035,93311,34.33
sample01885,no,PBMC,cd8_t_cell,21412,93311,22.95
sample01885,no,PBMC,monocyte,13802,93311,14.79
sample01885,no,PBMC,nk_cell,13146,93311,14.09
sample01886,no,PBMC,b_cell,7666,89534,8.56
sample01886,no,PBMC,cd4_t_cell,38373,89534,42.86
sample01886,no,PBMC,cd8_t_cell,20669,89534,23.09
sample01886,no,PBMC,monocyte,15028,89534,16.78
sample01886,no,PBMC,nk_cell,7798,89534,8.71
sample01893,no,PBMC,b_cell,9653,106269,9.08
sample01893,no,PBMC,cd4_t_cell,28274,106269,26.61
sample01893,no,PBMC,cd8_t_cell,24628,106269,23.18
sample01893,no,PBMC,monocyte,22619,106269,21.28
sample01893,no,PBMC,nk_cell,21095,106269,19.85
sample01894,no,PBMC,b_cell,9377,91447,10.25
sample01894,no,PBMC,cd4_t_cell,32085,91447,35.09
sample01894,no,PBMC,cd8_t_cell,16300,91447,17.82
sample01894,no,PBMC,monocyte,22757,91447,24.89
sample01894,no,PBMC,nk_cell,10928,91447,11.95
sample01895,no,PBMC,b_cell,19756,103250,19.13
sample01895,no,PBMC,cd4_t_cell,24197,103250,23.44
sample01895,no,PBMC,cd8_t_cell,21331,103250,20.66
sample01895,no,PBMC,monocyte,17247,103250,16.7
sample01895,no,PBMC,nk_cell,20719,103250,20.07
sample01899,yes,PBMC,b_cell,10969,99785,10.99
sample01899,yes,PBMC,cd4_t_cell,35953,99785,36.03
sample01899,yes,PBMC,cd8_t_cell,14700,99785,14.73
sample01899,yes,PBMC,monocyte,22186,99785,22.23
sample01899,yes,PBMC,nk_cell,15977,99785,16.01
sample01900,yes,PBMC,b_cell,14312,103457,13.83
sample01900,yes,PBMC,cd4_t_cell,31244,103457,30.2
sample01900,yes,PBMC,cd8_t_cell,29666,103457,28.67
sample01900,yes,PBMC,monocyte,16363,103457,15.82
sample01900,yes,PBMC,nk_cell,11872,103457,11.48
sample01901,yes,PBMC,b_cell,6199,106020,5.85
sample01901,yes,PBMC,cd4_t_cell,41043,106020,38.71
sample01901,yes,PBMC,cd8_t_cell,25729,106020,24.27
sample01901,yes,PBMC,monocyte,19329,106020,18.23
sample01901,yes,PBMC,nk_cell,13720,106020,12.94
sample01914,no,PBMC,b_cell,12789,91149,14.03
sample01914,no,PBMC,cd4_t_cell,31386,91149,34.43
sample01914,no,PBMC,cd8_t_cell,18267,91149,20.04
sample01914,no,PBMC,monocyte,17383,91149,19.07
sample01914,no,PBMC,nk_cell,11324,91149,12.42
sample01915,no,PBMC,b_cell,18130,109559,16.55
sample01915,no,PBMC,cd4_t_cell,25559,109559,23.33
sample01915,no,PBMC,cd8_t_cell,27693,109559,25.28
sample01915,no,PBMC,monocyte,13467,109559,12.29
sample01915,no,PBMC,nk_cell,24710,109559,22.55
sample01916,no,PBMC,b_cell,15329,88605,17.3
sample01916,no,PBMC,cd4_t_cell,27650,88605,31.21
sample01916,no,PBMC,cd8_t_cell,14460,88605,16.32
sample01916,no,PBMC,monocyte,19532,88605,22.04
sample01916,no,PBMC,nk_cell,11634,88605,13.13
sample01926,no,PBMC,b_cell,11553,88934,12.99
sample01926,no,PBMC,cd4_t_cell,32135,88934,36.13
sample01926,no,PBMC,cd8_t_cell,17882,88934,20.11
sample01926,no,PBMC,monocyte,16986,88934,19.1
sample01926,no,PBMC,nk_cell,10378,88934,11.67
sample01927,no,PBMC,b_cell,9513,106368,8.94
sample01927,no,PBMC,cd4_t_cell,30971,106368,29.12
sample01927,no,PBMC,cd8_t_cell,25996,106368,24.44
sample01927,no,PBMC,monocyte,23220,106368,21.83
sample01927,no,PBMC,nk_cell,16668,106368,15.67
sample01928,no,PBMC,b_cell,10128,102620,9.87
sample01928,no,PBMC,cd4_t_cell,30445,102620,29.67
sample01928,no,PBMC,cd8_t_cell,25529,102620,24.88
sample01928,no,PBMC,monocyte,18595,102620,18.12
sample01928,no,PBMC,nk_cell,17923,102620,17.47
sample01932,no,PBMC,b_cell,12550,104946,11.96
sample01932,no,PBMC,cd4_t_cell,23615,104946,22.5
sample01932,no,PBMC,cd8_t_cell,27435,104946,26.14
sample01932,no,PBMC,monocyte,20295,104946,19.34
sample01932,no,PBMC,nk_cell,21051,104946,20.06
sample01933,no,PBMC,b_cell,11205,94240,11.89
sample01933,no,PBMC,cd4_t_cell,27714,94240,29.41
sample01933,no,PBMC,cd8_t_cell,24718,94240,26.23
sample01933,no,PBMC,monocyte,18738,94240,19.88
sample01933,no,PBMC,nk_cell,11865,94240,12.59
sample01934,no,PBMC,b_cell,10489,91009,11.53
sample01934,no,PBMC,cd4_t_cell,32610,91009,35.83
sample01934,no,PBMC,cd8_t_cell,23381,91009,25.69
sample01934,no,PBMC,monocyte,13996,91009,15.38
sample01934,no,PBMC,nk_cell,10533,91009,11.57
sample01962,yes,PBMC,b_cell,6552,99110,6.61
sample01962,yes,PBMC,cd4_t_cell,31801,99110,32.09
sample01962,yes,PBMC,cd8_t_cell,27745,99110,27.99
sample01962,yes,PBMC,monocyte,16460,99110,16.61
sample01962,yes,PBMC,nk_cell,16552,99110,16.7
sample01963,yes,PBMC,b_cell,6324,98479,6.42
sample01963,yes,PBMC,cd4_t_cell,43088,98479,43.75
sample01963,yes,PBMC,cd8_t_cell,19387,98479,19.69
sample01963,yes,PBMC,monocyte,16287,98479,16.54
sample01963,yes,PBMC,nk_cell,13393,98479,13.6
sample01964,yes,PBMC,b_cell,11696,102231,11.44
sample01964,yes,PBMC,cd4_t_cell,28448,102231,27.83
sample01964,yes,PBMC,cd8_t_cell,30854,102231,30.18
sample01964,yes,PBMC,monocyte,17454,102231,17.07
sample01964,yes,PBMC,nk_cell,13779,102231,13.48
sample01968,no,PBMC,b_cell,9042,99717,9.07
sample01968,no,PBMC,cd4_t_cell,33697,99717,33.79
sample01968,no,PBMC,cd8_t_cell,21199,99717,21.26
sample01968,no,PBMC,monocyte,22638,99717,22.7
sample01968,no,PBMC,nk_cell,13141,99717,13.18
sample01969,no,PBMC,b_cell,8465,90954,9.31
sample01969,no,PBMC,cd4_t_cell,24748,90954,27.21
sample01969,no,PBMC,cd8_t_cell,21757,90954,23.92
sample01969,no,PBMC,monocyte,18691,90954,20.55
sample01969,no,PBMC,nk_cell,17293,90954,19.01
sample01970,no,PBMC,b_cell,4842,97035,4.99
sample01970,no,PBMC,cd4_t_cell,32032,97035,33.01
sample01970,no,PBMC,cd8_t_cell,32766,97035,33.77
sample01970,no,PBMC,monocyte,12085,97035,12.45
sample01970,no,PBMC,nk_cell,15310,97035,15.78
sample01986,no,PBMC,b_cell,10305,106905,9.64
sample01986,no,PBMC,cd4_t_cell,28835,106905,26.97
sample01986,no,PBMC,cd8_t_cell,24936,106905,23.33
sample01986,no,PBMC,monocyte,27995,106905,26.19
sample01986,no,PBMC,nk_cell,14834,106905,13.88
sample01987,no,PBMC,b_cell,13523,107565,12.57
sample01987,no,PBMC,cd4_t_cell,29689,107565,27.6
sample01987,no,PBMC,cd8_t_cell,16811,107565,15.63
sample01987,no,PBMC,monocyte,25153,107565,23.38
sample01987,no,PBMC,nk_cell,22389,107565,20.81
sample01988,no,PBMC,b_cell,11219,104688,10.72
sample01988,no,PBMC,cd4_t_cell,34063,104688,32.54
sample01988,no,PBMC,cd8_t_cell,21683,104688,20.71
sample01988,no,PBMC,monocyte,19829,104688,18.94
sample01988,no,PBMC,nk_cell,17894,104688,17.09
sample01992,no,PBMC,b_cell,5042,90333,5.58
sample01992,no,PBMC,cd4_t_cell,23606,90333,26.13
sample01992,no,PBMC,cd8_t_cell,26504,90333,29.34
sample01992,no,PBMC,monocyte,18013,90333,19.94
sample01992,no,PBMC,nk_cell,17168,90333,19.01
sample01993,no,PBMC,b_cell,7956,100357,7.93
sample01993,no,PBMC,cd4_t_cell,31472,100357,31.36
sample01993,no,PBMC,cd8_t_cell,27018,100357,26.92
sample01993,no,PBMC,monocyte,21783,100357,21.71
sample01993,no,PBMC,nk_cell,12128,100357,12.08
sample01994,no,PBMC,b_cell,10958,98507,11.12
sample01994,no,PBMC,cd4_t_cell,33987,98507,34.5
sample01994,no,PBMC,cd8_t_cell,21937,98507,22.27
sample01994,no,PBMC,monocyte,18192,98507,18.47
sample01994,no,PBMC,nk_cell,13433,98507,13.64
sample02010,no,PBMC,b_cell,9810,106400,9.22
sample02010,no,PBMC,cd4_t_cell,30835,106400,28.98
sample02010,no,PBMC,cd8_t_cell,24345,106400,22.88
sample02010,no,PBMC,monocyte,21380,106400,20.09
sample02010,no,PBMC,nk_cell,20030,106400,18.83
sample02011,no,PBMC,b_cell,13579,96495,14.07
sample02011,no,PBMC,cd4_t_cell,30592,96495,31.7
sample02011,no,PBMC,cd8_t_cell,19144,96495,19.84
sample02011,no,PBMC,monocyte,25617,96495,26.55
sample02011,no,PBMC,nk_cell,7563,96495,7.84
sample02012,no,PBMC,b_cell,10039,104191,9.64
sample02012,no,PBMC,cd4_t_cell,25680,104191,24.65
sample02012,no,PBMC,cd8_t_cell,31521,104191,30.25
sample02012,no,PBMC,monocyte,25680,104191,24.65
sample02012,no,PBMC,nk_cell,11271,104191,10.82
sample02016,no,PBMC,b_cell,11331,88207,12.85
sample02016,no,PBMC,cd4_t_cell,17583,88207,19.93
sample02016,no,PBMC,cd8_t_cell,26393,88207,29.92
sample02016,no,PBMC,monocyte,19586,88207,22.2
sample02016,no,PBMC,nk_cell,13314,88207,15.09
sample02017,no,PBMC,b_cell,9321,102520,9.09
sample02017,no,PBMC,cd4_t_cell,35779,102520,34.9
sample02017,no,PBMC,cd8_t_cell,29883,102520,29.15
sample02017,no,PBMC,monocyte,17826,102520,17.39
sample02017,no,PBMC,nk_cell,9711,102520,9.47
sample02018,no,PBMC,b_cell,10793,93989,11.48
sample02018,no,PBMC,cd4_t_cell,28434,93989,30.25
sample02018,no,PBMC,cd8_t_cell,22786,93989,24.24
sample02018,no,PBMC,monocyte,21476,93989,22.85
sample02018,no,PBMC,nk_cell,10500,93989,11.17
sample02037,yes,PBMC,b_cell,12590,108493,11.6
sample02037,yes,PBMC,cd4_t_cell,32828,108493,30.26
sample02037,yes,PBMC,cd8_t_cell,31257,108493,28.81
sample02037,yes,PBMC,monocyte,16259,108493,14.99
sample02037,yes,PBMC,nk_cell,15559,108493,14.34
sample02038,yes,PBMC,b_cell,8599,103411,8.32
sample02038,yes,PBMC,cd4_t_cell,35905,103411,34.72
sample02038,yes,PBMC,cd8_t_cell,23803,103411,23.02
sample02038,yes,PBMC,monocyte,24990,103411,24.17
sample02038,yes,PBMC,nk_cell,10114,103411,9.78
sample02039,yes,PBMC,b_cell,8420,106824,7.88
sample02039,yes,PBMC,cd4_t_cell,23024,106824,21.55
sample02039,yes,PBMC,cd8_t_cell,28686,106824,26.85
sample02039,yes,PBMC,monocyte,24026,106824,22.49
sample02039,yes,PBMC,nk_cell,22668,106824,21.22
sample02040,no,PBMC,b_cell,8075,99240,8.14
sample02040,no,PBMC,cd4_t_cell,30841,99240,31.08
sample02040,no,PBMC,cd8_t_cell,22407,99240,22.58
sample02040,no,PBMC,monocyte,25881,99240,26.08
sample02040,no,PBMC,nk_cell,12036,99240,12.13
sample02041,no,PBMC,b_cell,12559,93976,13.36
sample02041,no,PBMC,cd4_t_cell,23422,93976,24.92
sample02041,no,PBMC,cd8_t_cell,18965,93976,20.18
sample02041,no,PBMC,monocyte,22925,93976,24.39
sample02041,no,PBMC,nk_cell,16105,93976,17.14
sample02042,no,PBMC,b_cell,9773,101714,9.61
sample02042,no,PBMC,cd4_t_cell,31298,101714,30.77
sample02042,no,PBMC,cd8_t_cell,24780,101714,24.36
sample02042,no,PBMC,monocyte,22528,101714,22.15
sample02042,no,PBMC,nk_cell,13335,101714,13.11
sample02046,no,PBMC,b_cell,9924,92197,10.76
sample02046,no,PBMC,cd4_t_cell,26901,92197,29.18
sample02046,no,PBMC,cd8_t_cell,26349,92197,28.58
sample02046,no,PBMC,monocyte,19434,92197,21.08
sample02046,no,PBMC,nk_cell,9589,92197,10.4
sample02047,no,PBMC,b_cell,5356,93320,5.74
sample02047,no,PBMC,cd4_t_cell,23736,93320,25.44
sample02047,no,PBMC,cd8_t_cell,24390,93320,26.14
sample02047,no,PBMC,monocyte,18531,93320,19.86
sample02047,no,PBMC,nk_cell,21307,93320,22.83
sample02048,no,PBMC,b_cell,7722,106264,7.27
sample02048,no,PBMC,cd4_t_cell,39457,106264,37.13
sample02048,no,PBMC,cd8_t_cell,21369,106264,20.11
sample02048,no,PBMC,monocyte,27833,106264,26.19
sample02048,no,PBMC,nk_cell,9883,106264,9.3
sample02055,yes,PBMC,b_cell,13001,108273,12.01
sample02055,yes,PBMC,cd4_t_cell,30387,108273,28.07
sample02055,yes,PBMC,cd8_t_cell,32854,108273,30.34
sample02055,yes,PBMC,monocyte,15051,108273,13.9
sample02055,yes,PBMC,nk_cell,16980,108273,15.68
sample02056,yes,PBMC,b_cell,11713,102357,11.44
sample02056,yes,PBMC,cd4_t_cell,27573,102357,26.94
sample02056,yes,PBMC,cd8_t_cell,26738,102357,26.12
sample02056,yes,PBMC,monocyte,16890,102357,16.5
sample02056,yes,PBMC,nk_cell,19443,102357,19.0
sample02057,yes,PBMC,b_cell,10969,100927,10.87
sample02057,yes,PBMC,cd4_t_cell,22304,100927,22.1
sample02057,yes,PBMC,cd8_t_cell,18279,100927,18.11
sample02057,yes,PBMC,monocyte,32177,100927,31.88
sample02057,yes,PBMC,nk_cell,17198,100927,17.04
sample02061,no,PBMC,b_cell,12962,90973,14.25
sample02061,no,PBMC,cd4_t_cell,22703,90973,24.96
sample02061,no,PBMC,cd8_t_cell,21021,90973,23.11
sample02061,no,PBMC,monocyte,23102,90973,25.39
sample02061,no,PBMC,nk_cell,11185,90973,12.29
sample02062,no,PBMC,b_cell,7753,84530,9.17
sample02062,no,PBMC,cd4_t_cell,21239,84530,25.13
sample02062,no,PBMC,cd8_t_cell,22480,84530,26.59
sample02062,no,PBMC,monocyte,15640,84530,18.5
sample02062,no,PBMC,nk_cell,17418,84530,20.61
sample02063,no,PBMC,b_cell,9621,102881,9.35
sample02063,no,PBMC,cd4_t_cell,36210,102881,35.2
sample02063,no,PBMC,cd8_t_cell,20440,102881,19.87
sample02063,no,PBMC,monocyte,20322,102881,19.75
sample02063,no,PBMC,nk_cell,16288,102881,15.83
sample02064,yes,PBMC,b_cell,11937,99458,12.0
sample02064,yes,PBMC,cd4_t_cell,32780,99458,32.96
sample02064,yes,PBMC,cd8_t_cell,14622,99458,14.7
sample02064,yes,PBMC,monocyte,22029,99458,22.15
sample02064,yes,PBMC,nk_cell,18090,99458,18.19
sample02065,yes,PBMC,b_cell,8331,102584,8.12
sample02065,yes,PBMC,cd4_t_cell,36938,102584,36.01
sample02065,yes,PBMC,cd8_t_cell,20035,102584,19.53
sample02065,yes,PBMC,monocyte,25263,102584,24.63
sample02065,yes,PBMC,nk_cell,12017,102584,11.71
sample02066,yes,PBMC,b_cell,11346,102644,11.05
sample02066,yes,PBMC,cd4_t_cell,32685,102644,31.84
sample02066,yes,PBMC,cd8_t_cell,24005,102644,23.39
sample02066,yes,PBMC,monocyte,21321,102644,20.77
sample02066,yes,PBMC,nk_cell,13287,102644,12.94
sample02109,no,PBMC,b_cell,9198,104432,8.81
sample02109,no,PBMC,cd4_t_cell,41167,104432,39.42
sample02109,no,PBMC,cd8_t_cell,24213,104432,23.19
sample02109,no,PBMC,monocyte,18638,104432,17.85
sample02109,no,PBMC,nk_cell,11216,104432,10.74
sample02110,no,PBMC,b_cell,13040,89935,14.5
sample02110,no,PBMC,cd4_t_cell,21240,89935,23.62
sample02110,no,PBMC,cd8_t_cell,18469,89935,20.54
sample02110,no,PBMC,monocyte,20644,89935,22.95
sample02110,no,PBMC,nk_cell,16542,89935,18.39
sample02111,no,PBMC,b_cell,9425,109056,8.64
sample02111,no,PBMC,cd4_t_cell,25866,109056,23.72
sample02111,no,PBMC,cd8_t_cell,38950,109056,35.72
sample02111,no,PBMC,monocyte,22797,109056,20.9
sample02111,no,PBMC,nk_cell,12018,109056,11.02
sample02148,no,PBMC,b_cell,11966,91053,13.14
sample02148,no,PBMC,cd4_t_cell,20652,91053,22.68
sample02148,no,PBMC,cd8_t_cell,23176,91053,25.45
sample02148,no,PBMC,monocyte,19047,91053,20.92
sample02148,no,PBMC,nk_cell,16212,91053,17.81
sample02149,no,PBMC,b_cell,9007,96388,9.34
sample02149,no,PBMC,cd4_t_cell,35118,96388,36.43
sample02149,no,PBMC,cd8_t_cell,19909,96388,20.66
sample02149,no,PBMC,monocyte,13050,96388,13.54
sample02149,no,PBMC,nk_cell,19304,96388,20.03
sample02150,no,PBMC,b_cell,10208,101260,10.08
sample02150,no,PBMC,cd4_t_cell,31302,101260,30.91
sample02150,no,PBMC,cd8_t_cell,15839,101260,15.64
sample02150,no,PBMC,monocyte,27846,101260,27.5
sample02150,no,PBMC,nk_cell,16065,101260,15.87
sample02169,no,PBMC,b_cell,5273,88926,5.93
sample02169,no,PBMC,cd4_t_cell,28741,88926,32.32
sample02169,no,PBMC,cd8_t_cell,27536,88926,30.97
sample02169,no,PBMC,monocyte,20202,88926,22.72
sample02169,no,PBMC,nk_cell,7174,88926,8.07
sample02170,no,PBMC,b_cell,6111,101575,6.02
sample02170,no,PBMC,cd4_t_cell,28771,101575,28.32
sample02170,no,PBMC,cd8_t_cell,27310,101575,26.89
sample02170,no,PBMC,monocyte,23302,101575,22.94
sample02170,no,PBMC,nk_cell,16081,101575,15.83
sample02171,no,PBMC,b_cell,6285,95918,6.55
sample02171,no,PBMC,cd4_t_cell,26631,95918,27.76
sample02171,no,PBMC,cd8_t_cell,21803,95918,22.73
sample02171,no,PBMC,monocyte,27202,95918,28.36
sample02171,no,PBMC,nk_cell,13997,95918,14.59
sample02178,yes,PBMC,b_cell,12492,111328,11.22
sample02178,yes,PBMC,cd4_t_cell,27473,111328,24.68
sample02178,yes,PBMC,cd8_t_cell,25501,111328,22.91
sample02178,yes,PBMC,monocyte,22653,111328,20.35
sample02178,yes,PBMC,nk_cell,23209,111328,20.85
sample02179,yes,PBMC,b_cell,10897,103084,10.57
sample02179,yes,PBMC,cd4_t_cell,38704,103084,37.55
sample02179,yes,PBMC,cd8_t_cell,17853,103084,17.32
sample02179,yes,PBMC,monocyte,20166,103084,19.56
sample02179,yes,PBMC,nk_cell,15464,103084,15.0
sample02180,yes,PBMC,b_cell,8504,107565,7.91
sample02180,yes,PBMC,cd4_t_cell,42276,107565,39.3
sample02180,yes,PBMC,cd8_t_cell,22408,107565,20.83
sample02180,yes,PBMC,monocyte,21044,107565,19.56
sample02180,yes,PBMC,nk_cell,13333,107565,12.4
sample02196,yes,PBMC,b_cell,10274,108000,9.51
sample02196,yes,PBMC,cd4_t_cell,29923,108000,27.71
sample02196,yes,PBMC,cd8_t_cell,35916,108000,33.26
sample02196,yes,PBMC,monocyte,12500,108000,11.57
sample02196,yes,PBMC,nk_cell,19387,108000,17.95
sample02197,yes,PBMC,b_cell,10789,95055,11.35
sample02197,yes,PBMC,cd4_t_cell,27865,95055,29.31
sample02197,yes,PBMC,cd8_t_cell,25315,95055,26.63
sample02197,yes,PBMC,monocyte,23017,95055,24.21
sample02197,yes,PBMC,nk_cell,8069,95055,8.49
sample02198,yes,PBMC,b_cell,5648,94020,6.01
sample02198,yes,PBMC,cd4_t_cell,23761,94020,25.27
sample02198,yes,PBMC,cd8_t_cell,37213,94020,39.58
sample02198,yes,PBMC,monocyte,17896,94020,19.03
sample02198,yes,PBMC,nk_cell,9502,94020,10.11
sample02205,no,PBMC,b_cell,8326,95117,8.75
sample02205,no,PBMC,cd4_t_cell,30240,95117,31.79
sample02205,no,PBMC,cd8_t_cell,20341,95117,21.39
sample02205,no,PBMC,monocyte,18634,95117,19.59
sample02205,no,PBMC,nk_cell,17576,95117,18.48
sample02206,no,PBMC,b_cell,22224,105374,21.09
sample02206,no,PBMC,cd4_t_cell,27288,105374,25.9
sample02206,no,PBMC,cd8_t_cell,18907,105374,17.94
sample02206,no,PBMC,monocyte,23786,105374,22.57
sample02206,no,PBMC,nk_cell,13169,105374,12.5
sample02207,no,PBMC,b_cell,15963,98748,16.17
sample02207,no,PBMC,cd4_t_cell,25423,98748,25.75
sample02207,no,PBMC,cd8_t_cell,20252,98748,20.51
sample02207,no,PBMC,monocyte,24226,98748,24.53
sample02207,no,PBMC,nk_cell,12884,98748,13.05
sample02214,no,PBMC,b_cell,12818,106559,12.03
sample02214,no,PBMC,cd4_t_cell,31790,106559,29.83
sample02214,no,PBMC,cd8_t_cell,28085,106559,26.36
sample02214,no,PBMC,monocyte,17594,106559,16.51
sample02214,no,PBMC,nk_cell,16272,106559,15.27
sample02215,no,PBMC,b_cell,11477,105421,10.89
sample02215,no,PBMC,cd4_t_cell,36516,105421,34.64
sample02215,no,PBMC,cd8_t_cell,22039,105421,20.91
sample02215,no,PBMC,monocyte,18521,105421,17.57
sample02215,no,PBMC,nk_cell,16868,105421,16.0
sample02216,no,PBMC,b_cell,7967,98927,8.05
sample02216,no,PBMC,cd4_t_cell,25978,98927,26.26
sample02216,no,PBMC,cd8_t_cell,28372,98927,28.68
sample02216,no,PBMC,monocyte,23421,98927,23.68
sample02216,no,PBMC,nk_cell,13189,98927,13.33
sample02232,no,PBMC,b_cell,9334,92718,10.07
sample02232,no,PBMC,cd4_t_cell,29112,92718,31.4
sample02232,no,PBMC,cd8_t_cell,21691,92718,23.39
sample02232,no,PBMC,monocyte,20136,92718,21.72
sample02232,no,PBMC,nk_cell,12445,92718,13.42
sample02233,no,PBMC,b_cell,7074,97633,7.25
sample02233,no,PBMC,cd4_t_cell,31069,97633,31.82
sample02233,no,PBMC,cd8_t_cell,30572,97633,31.31
sample02233,no,PBMC,monocyte,16800,97633,17.21
sample02233,no,PBMC,nk_cell,12118,97633,12.41
sample02234,no,PBMC,b_cell,6698,94074,7.12
sample02234,no,PBMC,cd4_t_cell,24443,94074,25.98
sample02234,no,PBMC,cd8_t_cell,24591,94074,26.14
sample02234,no,PBMC,monocyte,21838,94074,23.21
sample02234,no,PBMC,nk_cell,16504,94074,17.54
sample02235,yes,PBMC,b_cell,17429,110676,15.75
sample02235,yes,PBMC,cd4_t_cell,22749,110676,20.55
sample02235,yes,PBMC,cd8_t_cell,25545,110676,23.08
sample02235,yes,PBMC,monocyte,33019,110676,29.83
sample02235,yes,PBMC,nk_cell,11934,110676,10.78
sample02236,yes,PBMC,b_cell,7182,101099,7.1
sample02236,yes,PBMC,cd4_t_cell,21053,101099,20.82
sample02236,yes,PBMC,cd8_t_cell,31356,101099,31.02
sample02236,yes,PBMC,monocyte,19563,101099,19.35
sample02236,yes,PBMC,nk_cell,21945,101099,21.71
sample02237,yes,PBMC,b_cell,13592,106187,12.8
sample02237,yes,PBMC,cd4_t_cell,30996,106187,29.19
sample02237,yes,PBMC,cd8_t_cell,27424,106187,25.83
sample02237,yes,PBMC,monocyte,21595,106187,20.34
sample02237,yes,PBMC,nk_cell,12580,106187,11.85
sample02244,yes,PBMC,b_cell,8062,98219,8.21
sample02244,yes,PBMC,cd4_t_cell,28722,98219,29.24
sample02244,yes,PBMC,cd8_t_cell,18766,98219,19.11
sample02244,yes,PBMC,monocyte,21286,98219,21.67
sample02244,yes,PBMC,nk_cell,21383,98219,21.77
sample02245,yes,PBMC,b_cell,16544,107812,15.35
sample02245,yes,PBMC,cd4_t_cell,31767,107812,29.47
sample02245,yes,PBMC,cd8_t_cell,23358,107812,21.67
sample02245,yes,PBMC,monocyte,25246,107812,23.42
sample02245,yes,PBMC,nk_cell,10897,107812,10.11
sample02246,yes,PBMC,b_cell,3815,95934,3.98
sample02246,yes,PBMC,cd4_t_cell,30066,95934,31.34
sample02246,yes,PBMC,cd8_t_cell,27061,95934,28.21
sample02246,yes,PBMC,monocyte,20458,95934,21.33
sample02246,yes,PBMC,nk_cell,14534,95934,15.15
sample02253,no,PBMC,b_cell,7737,91785,8.43
sample02253,no,PBMC,cd4_t_cell,25862,91785,28.18
sample02253,no,PBMC,cd8_t_cell,33865,91785,36.9
sample02253,no,PBMC,monocyte,15102,91785,16.45
sample02253,no,PBMC,nk_cell,9219,91785,10.04
sample02254,no,PBMC,b_cell,11533,90324,12.77
sample02254,no,PBMC,cd4_t_cell,27683,90324,30.65
sample02254,no,PBMC,cd8_t_cell,18235,90324,20.19
sample02254,no,PBMC,monocyte,18578,90324,20.57
sample02254,no,PBMC,nk_cell,14295,90324,15.83
sample02255,no,PBMC,b_cell,13794,104735,13.17
sample02255,no,PBMC,cd4_t_cell,34354,104735,32.8
sample02255,no,PBMC,cd8_t_cell,26798,104735,25.59
sample02255,no,PBMC,monocyte,15026,104735,14.35
sample02255,no,PBMC,nk_cell,14763,104735,14.1
sample02262,yes,PBMC,b_cell,11578,96318,12.02
sample02262,yes,PBMC,cd4_t_cell,36418,96318,37.81
sample02262,yes,PBMC,cd8_t_cell,20019,96318,20.78
sample02262,yes,PBMC,monocyte,21478,96318,22.3
sample02262,yes,PBMC,nk_cell,6825,96318,7.09
sample02263,yes,PBMC,b_cell,5763,97807,5.89
sample02263,yes,PBMC,cd4_t_cell,31626,97807,32.34
sample02263,yes,PBMC,cd8_t_cell,27429,97807,28.04
sample02263,yes,PBMC,monocyte,17639,97807,18.03
sample02263,yes,PBMC,nk_cell,15350,97807,15.69
sample02264,yes,PBMC,b_cell,5200,105832,4.91
sample02264,yes,PBMC,cd4_t_cell,31666,105832,29.92
sample02264,yes,PBMC,cd8_t_cell,41647,105832,39.35
sample02264,yes,PBMC,monocyte,14625,105832,13.82
sample02264,yes,PBMC,nk_cell,12694,105832,11.99
sample02286,no,PBMC,b_cell,8286,98841,8.38
sample02286,no,PBMC,cd4_t_cell,30173,98841,30.53
sample02286,no,PBMC,cd8_t_cell,22720,98841,22.99
sample02286,no,PBMC,monocyte,19370,98841,19.6
sample02286,no,PBMC,nk_cell,18292,98841,18.51
sample02287,no,PBMC,b_cell,14765,103590,14.25
sample02287,no,PBMC,cd4_t_cell,16730,103590,16.15
sample02287,no,PBMC,cd8_t_cell,30162,103590,29.12
sample02287,no,PBMC,monocyte,25624,103590,24.74
sample02287,no,PBMC,nk_cell,16309,103590,15.74
sample02288,no,PBMC,b_cell,9679,91577,10.57
sample02288,no,PBMC,cd4_t_cell,24106,91577,26.32
sample02288,no,PBMC,cd8_t_cell,19923,91577,21.76
sample02288,no,PBMC,monocyte,18065,91577,19.73
sample02288,no,PBMC,nk_cell,19804,91577,21.63
sample02289,no,PBMC,b_cell,12243,104180,11.75
sample02289,no,PBMC,cd4_t_cell,32293,104180,31.0
sample02289,no,PBMC,cd8_t_cell,21617,104180,20.75
sample02289,no,PBMC,monocyte,25078,104180,24.07
sample02289,no,PBMC,nk_cell,12949,104180,12.43
sample02290,no,PBMC,b_cell,12531,95861,13.07
sample02290,no,PBMC,cd4_t_cell,31741,95861,33.11
sample02290,no,PBMC,cd8_t_cell,22541,95861,23.51
sample02290,no,PBMC,monocyte,22317,95861,23.28
sample02290,no,PBMC,nk_cell,6731,95861,7.02
sample02291,no,PBMC,b_cell,3679,91213,4.03
sample02291,no,PBMC,cd4_t_cell,27872,91213,30.56
sample02291,no,PBMC,cd8_t_cell,23782,91213,26.07
sample02291,no,PBMC,monocyte,18190,91213,19.94
sample02291,no,PBMC,nk_cell,17690,91213,19.39
sample02319,no,PBMC,b_cell,11604,98720,11.75
sample02319,no,PBMC,cd4_t_cell,22390,98720,22.68
sample02319,no,PBMC,cd8_t_cell,29284,98720,29.66
sample02319,no,PBMC,monocyte,15523,98720,15.72
sample02319,no,PBMC,nk_cell,19919,98720,20.18
sample02320,no,PBMC,b_cell,11594,106326,10.9
sample02320,no,PBMC,cd4_t_cell,36613,106326,34.43
sample02320,no,PBMC,cd8_t_cell,26465,106326,24.89
sample02320,no,PBMC,monocyte,18485,106326,17.39
sample02320,no,PBMC,nk_cell,13169,106326,12.39
sample02321,no,PBMC,b_cell,11563,105163,11.0
sample02321,no,PBMC,cd4_t_cell,36057,105163,34.29
sample02321,no,PBMC,cd8_t_cell,16749,105163,15.93
sample02321,no,PBMC,monocyte,25255,105163,24.02
sample02321,no,PBMC,nk_cell,15539,105163,14.78
sample02334,no,PBMC,b_cell,16179,106361,15.21
sample02334,no,PBMC,cd4_t_cell,31818,106361,29.92
sample02334,no,PBMC,cd8_t_cell,29740,106361,27.96
sample02334,no,PBMC,monocyte,14666,106361,13.79
sample02334,no,PBMC,nk_cell,13958,106361,13.12
sample02335,no,PBMC,b_cell,10820,94814,11.41
sample02335,no,PBMC,cd4_t_cell,27597,94814,29.11
sample02335,no,PBMC,cd8_t_cell,25812,94814,27.22
sample02335,no,PBMC,monocyte,21281,94814,22.44
sample02335,no,PBMC,nk_cell,9304,94814,9.81
sample02336,no,PBMC,b_cell,14680,105649,13.9
sample02336,no,PBMC,cd4_t_cell,23858,105649,22.58
sample02336,no,PBMC,cd8_t_cell,34943,105649,33.07
sample02336,no,PBMC,monocyte,18614,105649,17.62
sample02336,no,PBMC,nk_cell,13554,105649,12.83
sample02340,yes,PBMC,b_cell,15785,97746,16.15
sample02340,yes,PBMC,cd4_t_cell,24232,97746,24.79
sample02340,yes,PBMC,cd8_t_cell,28223,97746,28.87
sample02340,yes,PBMC,monocyte,19245,97746,19.69
sample02340,yes,PBMC,nk_cell,10261,97746,10.5
sample02341,yes,PBMC,b_cell,14761,97105,15.2
sample02341,yes,PBMC,cd4_t_cell,30200,97105,31.1
sample02341,yes,PBMC,cd8_t_cell,20478,97105,21.09
sample02341,yes,PBMC,monocyte,25737,97105,26.5
sample02341,yes,PBMC,nk_cell,5929,97105,6.11
sample02342,yes,PBMC,b_cell,12235,110313,11.09
sample02342,yes,PBMC,cd4_t_cell,32864,110313,29.79
sample02342,yes,PBMC,cd8_t_cell,29777,110313,26.99
sample02342,yes,PBMC,monocyte,22203,110313,20.13
sample02342,yes,PBMC,nk_cell,13234,110313,12.0
sample02355,no,PBMC,b_cell,7886,105730,7.46
sample02355,no,PBMC,cd4_t_cell,35707,105730,33.77
sample02355,no,PBMC,cd8_t_cell,29549,105730,27.95
sample02355,no,PBMC,monocyte,19753,105730,18.68
sample02355,no,PBMC,nk_cell,12835,105730,12.14
sample02356,no,PBMC,b_cell,11465,104627,10.96
sample02356,no,PBMC,cd4_t_cell,25093,104627,23.98
sample02356,no,PBMC,cd8_t_cell,23521,104627,22.48
sample02356,no,PBMC,monocyte,29441,104627,28.14
sample02356,no,PBMC,nk_cell,15107,104627,14.44
sample02357,no,PBMC,b_cell,7785,92077,8.45
sample02357,no,PBMC,cd4_t_cell,28901,92077,31.39
sample02357,no,PBMC,cd8_t_cell,23287,92077,25.29
sample02357,no,PBMC,monocyte,21533,92077,23.39
sample02357,no,PBMC,nk_cell,10571,92077,11.48
sample02364,no,PBMC,b_cell,8824,94421,9.35
sample02364,no,PBMC,cd4_t_cell,26794,94421,28.38
sample02364,no,PBMC,cd8_t_cell,23003,94421,24.36
sample02364,no,PBMC,monocyte,19620,94421,20.78
sample02364,no,PBMC,nk_cell,16180,94421,17.14
sample02365,no,PBMC,b_cell,8575,92126,9.31
sample02365,no,PBMC,cd4_t_cell,34831,92126,37.81
sample02365,no,PBMC,cd8_t_cell,16851,92126,18.29
sample02365,no,PBMC,monocyte,15839,92126,17.19
sample02365,no,PBMC,nk_cell,16030,92126,17.4
sample02366,no,PBMC,b_cell,6804,90039,7.56
sample02366,no,PBMC,cd4_t_cell,26988,90039,29.97
sample02366,no,PBMC,cd8_t_cell,24312,90039,27.0
sample02366,no,PBMC,monocyte,18383,90039,20.42
sample02366,no,PBMC,nk_cell,13552,90039,15.05
sample02388,yes,PBMC,b_cell,14790,102063,14.49
sample02388,yes,PBMC,cd4_t_cell,16800,102063,16.46
sample02388,yes,PBMC,cd8_t_cell,32109,102063,31.46
sample02388,yes,PBMC,monocyte,24282,102063,23.79
sample02388,yes,PBMC,nk_cell,14082,102063,13.8
sample02389,yes,PBMC,b_cell,16036,108973,14.72
sample02389,yes,PBMC,cd4_t_cell,28751,108973,26.38
sample02389,yes,PBMC,cd8_t_cell,22266,108973,20.43
sample02389,yes,PBMC,monocyte,19687,108973,18.07
sample02389,yes,PBMC,nk_cell,22233,108973,20.4
sample02390,yes,PBMC,b_cell,8821,89190,9.89
sample02390,yes,PBMC,cd4_t_cell,27517,89190,30.85
sample02390,yes,PBMC,cd8_t_cell,18685,89190,20.95
sample02390,yes,PBMC,monocyte,17224,89190,19.31
sample02390,yes,PBMC,nk_cell,16943,89190,19.0
sample02412,no,PBMC,b_cell,6710,104992,6.39
sample02412,no,PBMC,cd4_t_cell,32504,104992,30.96
sample02412,no,PBMC,cd8_t_cell,18967,104992,18.07
sample02412,no,PBMC,monocyte,23082,104992,21.98
sample02412,no,PBMC,nk_cell,23729,104992,22.6
sample02413,no,PBMC,b_cell,10093,90050,11.21
sample02413,no,PBMC,cd4_t_cell,14552,90050,16.16
sample02413,no,PBMC,cd8_t_cell,25742,90050,28.59
sample02413,no,PBMC,monocyte,22277,90050,24.74
sample02413,no,PBMC,nk_cell,17386,90050,19.31
sample02414,no,PBMC,b_cell,11866,106565,11.13
sample02414,no,PBMC,cd4_t_cell,29147,106565,27.35
sample02414,no,PBMC,cd8_t_cell,25633,106565,24.05
sample02414,no,PBMC,monocyte,16396,106565,15.39
sample02414,no,PBMC,nk_cell,23523,106565,22.07
sample02430,no,PBMC,b_cell,14524,93030,15.61
sample02430,no,PBMC,cd4_t_cell,21701,93030,23.33
sample02430,no,PBMC,cd8_t_cell,23534,93030,25.3
sample02430,no,PBMC,monocyte,15214,93030,16.35
sample02430,no,PBMC,nk_cell,18057,93030,19.41
sample02431,no,PBMC,b_cell,17764,108736,16.34
sample02431,no,PBMC,cd4_t_cell,23550,108736,21.66
sample02431,no,PBMC,cd8_t_cell,31945,108736,29.38
sample02431,no,PBMC,monocyte,19857,108736,18.26
sample02431,no,PBMC,nk_cell,15620,108736,14.37
sample02432,no,PBMC,b_cell,9020,92882,9.71
sample02432,no,PBMC,cd4_t_cell,17018,92882,18.32
sample02432,no,PBMC,cd8_t_cell,23163,92882,24.94
sample02432,no,PBMC,monocyte,24165,92882,26.02
sample02432,no,PBMC,nk_cell,19516,92882,21.01
sample02436,no,PBMC,b_cell,11358,104153,10.91
sample02436,no,PBMC,cd4_t_cell,34899,104153,33.51
sample02436,no,PBMC,cd8_t_cell,24906,104153,23.91
sample02436,no,PBMC,monocyte,17463,104153,16.77
sample02436,no,PBMC,nk_cell,15527,104153,14.91
sample02437,no,PBMC,b_cell,11246,95522,11.77
sample02437,no,PBMC,cd4_t_cell,24226,95522,25.36
sample02437,no,PBMC,cd8_t_cell,28772,95522,30.12
sample02437,no,PBMC,monocyte,20787,95522,21.76
sample02437,no,PBMC,nk_cell,10491,95522,10.98
sample02438,no,PBMC,b_cell,14120,102941,13.72
sample02438,no,PBMC,cd4_t_cell,34572,102941,33.58
sample02438,no,PBMC,cd8_t_cell,16694,102941,16.22
sample02438,no,PBMC,monocyte,24949,102941,24.24
sample02438,no,PBMC,nk_cell,12606,102941,12.25
sample02439,yes,PBMC,b_cell,6172,105872,5.83
sample02439,yes,PBMC,cd4_t_cell,31013,105872,29.29
sample02439,yes,PBMC,cd8_t_cell,26066,105872,24.62
sample02439,yes,PBMC,monocyte,24445,105872,23.09
sample02439,yes,PBMC,nk_cell,18176,105872,17.17
sample02440,yes,PBMC,b_cell,9240,103872,8.9
sample02440,yes,PBMC,cd4_t_cell,26575,103872,25.58
sample02440,yes,PBMC,cd8_t_cell,31241,103872,30.08
sample02440,yes,PBMC,monocyte,17523,103872,16.87
sample02440,yes,PBMC,nk_cell,19293,103872,18.57
sample02441,yes,PBMC,b_cell,6808,107771,6.32
sample02441,yes,PBMC,cd4_t_cell,27464,107771,25.48
sample02441,yes,PBMC,cd8_t_cell,22512,107771,20.89
sample02441,yes,PBMC,monocyte,37558,107771,34.85
sample02441,yes,PBMC,nk_cell,13429,107771,12.46
sample02454,yes,PBMC,b_cell,6562,101990,6.43
sample02454,yes,PBMC,cd4_t_cell,28847,101990,28.28
sample02454,yes,PBMC,cd8_t_cell,24356,101990,23.88
sample02454,yes,PBMC,monocyte,19520,101990,19.14
sample02454,yes,PBMC,nk_cell,22705,101990,22.26
sample02455,yes,PBMC,b_cell,5281,92481,5.71
sample02455,yes,PBMC,cd4_t_cell,34648,92481,37.46
sample02455,yes,PBMC,cd8_t_cell,24231,92481,26.2
sample02455,yes,PBMC,monocyte,13662,92481,14.77
sample02455,yes,PBMC,nk_cell,14659,92481,15.85
sample02456,yes,PBMC,b_cell,12628,103408,12.21
sample02456,yes,PBMC,cd4_t_cell,22736,103408,21.99
sample02456,yes,PBMC,cd8_t_cell,27910,103408,26.99
sample02456,yes,PBMC,monocyte,29062,103408,28.1
sample02456,yes,PBMC,nk_cell,11072,103408,10.71
sample02466,yes,PBMC,b_cell,7529,93892,8.02
sample02466,yes,PBMC,cd4_t_cell,25852,93892,27.53
sample02466,yes,PBMC,cd8_t_cell,25741,93892,27.42
sample02466,yes,PBMC,monocyte,22385,93892,23.84
sample02466,yes,PBMC,nk_cell,12385,93892,13.19
sample02467,yes,PBMC,b_cell,15995,111457,14.35
sample02467,yes,PBMC,cd4_t_cell,27218,111457,24.42
sample02467,yes,PBMC,cd8_t_cell,25983,111457,23.31
sample02467,yes,PBMC,monocyte,21763,111457,19.53
sample02467,yes,PBMC,nk_cell,20498,111457,18.39
sample02468,yes,PBMC,b_cell,6925,103442,6.69
sample02468,yes,PBMC,cd4_t_cell,32871,103442,31.78
sample02468,yes,PBMC,cd8_t_cell,22124,103442,21.39
sample02468,yes,PBMC,monocyte,28368,103442,27.42
sample02468,yes,PBMC,nk_cell,13154,103442,12.72
sample02478,no,PBMC,b_cell,12437,108880,11.42
sample02478,no,PBMC,cd4_t_cell,45057,108880,41.38
sample02478,no,PBMC,cd8_t_cell,17014,108880,15.63
sample02478,no,PBMC,monocyte,23443,108880,21.53
sample02478,no,PBMC,nk_cell,10929,108880,10.04
sample02479,no,PBMC,b_cell,10215,90381,11.3
sample02479,no,PBMC,cd4_t_cell,24407,90381,27.0
sample02479,no,PBMC,cd8_t_cell,20550,90381,22.74
sample02479,no,PBMC,monocyte,16636,90381,18.41
sample02479,no,PBMC,nk_cell,18573,90381,20.55
sample02480,no,PBMC,b_cell,12482,98695,12.65
sample02480,no,PBMC,cd4_t_cell,31787,98695,32.21
sample02480,no,PBMC,cd8_t_cell,20798,98695,21.07
sample02480,no,PBMC,monocyte,18272,98695,18.51
sample02480,no,PBMC,nk_cell,15356,98695,15.56
sample02481,yes,PBMC,b_cell,10951,98315,11.14
sample02481,yes,PBMC,cd4_t_cell,41188,98315,41.89
sample02481,yes,PBMC,cd8_t_cell,17460,98315,17.76
sample02481,yes,PBMC,monocyte,13512,98315,13.74
sample02481,yes,PBMC,nk_cell,15204,98315,15.46
sample02482,yes,PBMC,b_cell,12486,103424,12.07
sample02482,yes,PBMC,cd4_t_cell,30187,103424,29.19
sample02482,yes,PBMC,cd8_t_cell,26823,103424,25.93
sample02482,yes,PBMC,monocyte,22453,103424,21.71
sample02482,yes,PBMC,nk_cell,11475,103424,11.1
sample02483,yes,PBMC,b_cell,8027,94166,8.52
sample02483,yes,PBMC,cd4_t_cell,31777,94166,33.75
sample02483,yes,PBMC,cd8_t_cell,21585,94166,22.92
sample02483,yes,PBMC,monocyte,17671,94166,18.77
sample02483,yes,PBMC,nk_cell,15106,94166,16.04
sample02490,yes,PBMC,b_cell,10046,101823,9.87
sample02490,yes,PBMC,cd4_t_cell,27100,101823,26.61
sample02490,yes,PBMC,cd8_t_cell,26681,101823,26.2
sample02490,yes,PBMC,monocyte,19507,101823,19.16
sample02490,yes,PBMC,nk_cell,18489,101823,18.16
sample02491,yes,PBMC,b_cell,6744,97627,6.91
sample02491,yes,PBMC,cd4_t_cell,34439,97627,35.28
sample02491,yes,PBMC,cd8_t_cell,21972,97627,22.51
sample02491,yes,PBMC,monocyte,21329,97627,21.85
sample02491,yes,PBMC,nk_cell,13143,97627,13.46
sample02492,yes,PBMC,b_cell,8226,110915,7.42
sample02492,yes,PBMC,cd4_t_cell,39242,110915,35.38
sample02492,yes,PBMC,cd8_t_cell,33654,110915,30.34
sample02492,yes,PBMC,monocyte,17056,110915,15.38
sample02492,yes,PBMC,nk_cell,12737,110915,11.48
sample02499,yes,PBMC,b_cell,12604,94449,13.34
sample02499,yes,PBMC,cd4_t_cell,32318,94449,34.22
sample02499,yes,PBMC,cd8_t_cell,19839,94449,21.0
sample02499,yes,PBMC,monocyte,23539,94449,24.92
sample02499,yes,PBMC,nk_cell,6149,94449,6.51
sample02500,yes,PBMC,b_cell,9553,95981,9.95
sample02500,yes,PBMC,cd4_t_cell,29006,95981,30.22
sample02500,yes,PBMC,cd8_t_cell,22283,95981,23.22
sample02500,yes,PBMC,monocyte,18746,95981,19.53
sample02500,yes,PBMC,nk_cell,16393,95981,17.08
sample02501,yes,PBMC,b_cell,9442,96176,9.82
sample02501,yes,PBMC,cd4_t_cell,32608,96176,33.9
sample02501,yes,PBMC,cd8_t_cell,25534,96176,26.55
sample02501,yes,PBMC,monocyte,13537,96176,14.08
sample02501,yes,PBMC,nk_cell,15055,96176,15.65
sample02517,yes,PBMC,b_cell,9484,91960,10.31
sample02517,yes,PBMC,cd4_t_cell,39557,91960,43.02
sample02517,yes,PBMC,cd8_t_cell,19652,91960,21.37
sample02517,yes,PBMC,monocyte,11632,91960,12.65
sample02517,yes,PBMC,nk_cell,11635,91960,12.65
sample02518,yes,PBMC,b_cell,8068,98934,8.15
sample02518,yes,PBMC,cd4_t_cell,30562,98934,30.89
sample02518,yes,PBMC,cd8_t_cell,27235,98934,27.53
sample02518,yes,PBMC,monocyte,19143,98934,19.35
sample02518,yes,PBMC,nk_cell,13926,98934,14.08
sample02519,yes,PBMC,b_cell,17892,110636,16.17
sample02519,yes,PBMC,cd4_t_cell,33878,110636,30.62
sample02519,yes,PBMC,cd8_t_cell,24330,110636,21.99
sample02519,yes,PBMC,monocyte,19898,110636,17.99
sample02519,yes,PBMC,nk_cell,14638,110636,13.23
sample02541,no,PBMC,b_cell,7008,101032,6.94
sample02541,no,PBMC,cd4_t_cell,33247,101032,32.91
sample02541,no,PBMC,cd8_t_cell,22443,101032,22.21
sample02541,no,PBMC,monocyte,22756,101032,22.52
sample02541,no,PBMC,nk_cell,15578,101032,15.42
sample02542,no,PBMC,b_cell,10635,104032,10.22
sample02542,no,PBMC,cd4_t_cell,33379,104032,32.09
sample02542,no,PBMC,cd8_t_cell,27048,104032,26.0
sample02542,no,PBMC,monocyte,21850,104032,21.0
sample02542,no,PBMC,nk_cell,11120,104032,10.69
sample02543,no,PBMC,b_cell,8651,96093,9.0
sample02543,no,PBMC,cd4_t_cell,24764,96093,25.77
sample02543,no,PBMC,cd8_t_cell,19780,96093,20.58
sample02543,no,PBMC,monocyte,25033,96093,26.05
sample02543,no,PBMC,nk_cell,17865,96093,18.59
sample02562,yes,PBMC,b_cell,7955,102783,7.74
sample02562,yes,PBMC,cd4_t_cell,35608,102783,34.64
sample02562,yes,PBMC,cd8_t_cell,21426,102783,20.85
sample02562,yes,PBMC,monocyte,24636,102783,23.97
sample02562,yes,PBMC,nk_cell,13158,102783,12.8
sample02563,yes,PBMC,b_cell,9917,103780,9.56
sample02563,yes,PBMC,cd4_t_cell,34622,103780,33.36
sample02563,yes,PBMC,cd8_t_cell,28359,103780,27.33
sample02563,yes,PBMC,monocyte,20650,103780,19.9
sample02563,yes,PBMC,nk_cell,10232,103780,9.86
sample02564,yes,PBMC,b_cell,4620,100787,4.58
sample02564,yes,PBMC,cd4_t_cell,38606,100787,38.3
sample02564,yes,PBMC,cd8_t_cell,21074,100787,20.91
sample02564,yes,PBMC,monocyte,16282,100787,16.15
sample02564,yes,PBMC,nk_cell,20205,100787,20.05
sample02574,yes,PBMC,b_cell,4812,91843,5.24
sample02574,yes,PBMC,cd4_t_cell,34048,91843,37.07
sample02574,yes,PBMC,cd8_t_cell,21622,91843,23.54
sample02574,yes,PBMC,monocyte,17587,91843,19.15
sample02574,yes,PBMC,nk_cell,13774,91843,15.0
sample02575,yes,PBMC,b_cell,10446,99095,10.54
sample02575,yes,PBMC,cd4_t_cell,30735,99095,31.02
sample02575,yes,PBMC,cd8_t_cell,25633,99095,25.87
sample02575,yes,PBMC,monocyte,17297,99095,17.45
sample02575,yes,PBMC,nk_cell,14984,99095,15.12
sample02576,yes,PBMC,b_cell,14823,112012,13.23
sample02576,yes,PBMC,cd4_t_cell,26497,112012,23.66
sample02576,yes,PBMC,cd8_t_cell,31440,112012,28.07
sample02576,yes,PBMC,monocyte,17618,112012,15.73
sample02576,yes,PBMC,nk_cell,21634,112012,19.31
sample02583,no,PBMC,b_cell,10732,98705,10.87
sample02583,no,PBMC,cd4_t_cell,38822,98705,39.33
sample02583,no,PBMC,cd8_t_cell,23093,98705,23.4
sample02583,no,PBMC,monocyte,14143,98705,14.33
sample02583,no,PBMC,nk_cell,11915,98705,12.07
sample02584,no,PBMC,b_cell,6627,94002,7.05
sample02584,no,PBMC,cd4_t_cell,32664,94002,34.75
sample02584,no,PBMC,cd8_t_cell,21585,94002,22.96
sample02584,no,PBMC,monocyte,15662,94002,16.66
sample02584,no,PBMC,nk_cell,17464,94002,18.58
sample02585,no,PBMC,b_cell,7975,99132,8.04
sample02585,no,PBMC,cd4_t_cell,32300,99132,32.58
sample02585,no,PBMC,cd8_t_cell,27264,99132,27.5
sample02585,no,PBMC,monocyte,19198,99132,19.37
sample02585,no,PBMC,nk_cell,12395,99132,12.5
sample02586,yes,PBMC,b_cell,11851,110607,10.71
sample02586,yes,PBMC,cd4_t_cell,41587,110607,37.6
sample02586,yes,PBMC,cd8_t_cell,21616,110607,19.54
sample02586,yes,PBMC,monocyte,18486,110607,16.71
sample02586,yes,PBMC,nk_cell,17067,110607,15.43
sample02587,yes,PBMC,b_cell,11276,96621,11.67
sample02587,yes,PBMC,cd4_t_cell,29971,96621,31.02
sample02587,yes,PBMC,cd8_t_cell,29686,96621,30.72
sample02587,yes,PBMC,monocyte,14717,96621,15.23
sample02587,yes,PBMC,nk_cell,10971,96621,11.35
sample02588,yes,PBMC,b_cell,9707,99688,9.74
sample02588,yes,PBMC,cd4_t_cell,30730,99688,30.83
sample02588,yes,PBMC,cd8_t_cell,27113,99688,27.2
sample02588,yes,PBMC,monocyte,18940,99688,19.0
sample02588,yes,PBMC,nk_cell,13198,99688,13.24
sample02589,yes,PBMC,b_cell,7009,104080,6.73
sample02589,yes,PBMC,cd4_t_cell,25968,104080,24.95
sample02589,yes,PBMC,cd8_t_cell,27265,104080,26.2
sample02589,yes,PBMC,monocyte,20224,104080,19.43
sample02589,yes,PBMC,nk_cell,23614,104080,22.69
sample02590,yes,PBMC,b_cell,8724,109595,7.96
sample02590,yes,PBMC,cd4_t_cell,25182,109595,22.98
sample02590,yes,PBMC,cd8_t_cell,39141,109595,35.71
sample02590,yes,PBMC,monocyte,21395,109595,19.52
sample02590,yes,PBMC,nk_cell,15153,109595,13.83
sample02591,yes,PBMC,b_cell,9671,104087,9.29
sample02591,yes,PBMC,cd4_t_cell,40727,104087,39.13
sample02591,yes,PBMC,cd8_t_cell,21120,104087,20.29
sample02591,yes,PBMC,monocyte,13173,104087,12.66
sample02591,yes,PBMC,nk_cell,19396,104087,18.63
sample02592,no,PBMC,b_cell,10629,104251,10.2
sample02592,no,PBMC,cd4_t_cell,27473,104251,26.35
sample02592,no,PBMC,cd8_t_cell,24794,104251,23.78
sample02592,no,PBMC,monocyte,23331,104251,22.38
sample02592,no,PBMC,nk_cell,18024,104251,17.29
sample02593,no,PBMC,b_cell,10440,103176,10.12
sample02593,no,PBMC,cd4_t_cell,24556,103176,23.8
sample02593,no,PBMC,cd8_t_cell,37941,103176,36.77
sample02593,no,PBMC,monocyte,21720,103176,21.05
sample02593,no,PBMC,nk_cell,8519,103176,8.26
sample02594,no,PBMC,b_cell,9332,91047,10.25
sample02594,no,PBMC,cd4_t_cell,25988,91047,28.54
sample02594,no,PBMC,cd8_t_cell,21324,91047,23.42
sample02594,no,PBMC,monocyte,25182,91047,27.66
sample02594,no,PBMC,nk_cell,9221,91047,10.13
sample02619,no,PBMC,b_cell,8877,100603,8.82
sample02619,no,PBMC,cd4_t_cell,27333,100603,27.17
sample02619,no,PBMC,cd8_t_cell,27933,100603,27.77
sample02619,no,PBMC,monocyte,23424,100603,23.28
sample02619,no,PBMC,nk_cell,13036,100603,12.96
sample02620,no,PBMC,b_cell,17903,106958,16.74
sample02620,no,PBMC,cd4_t_cell,26640,106958,24.91
sample02620,no,PBMC,cd8_t_cell,23460,106958,21.93
sample02620,no,PBMC,monocyte,28113,106958,26.28
sample02620,no,PBMC,nk_cell,10842,106958,10.14
sample02621,no,PBMC,b_cell,11611,101615,11.43
sample02621,no,PBMC,cd4_t_cell,23204,101615,22.84
sample02621,no,PBMC,cd8_t_cell,29030,101615,28.57
sample02621,no,PBMC,monocyte,22161,101615,21.81
sample02621,no,PBMC,nk_cell,15609,101615,15.36
sample02625,yes,PBMC,b_cell,8990,102515,8.77
sample02625,yes,PBMC,cd4_t_cell,43415,102515,42.35
sample02625,yes,PBMC,cd8_t_cell,20463,102515,19.96
sample02625,yes,PBMC,monocyte,19563,102515,19.08
sample02625,yes,PBMC,nk_cell,10084,102515,9.84
sample02626,yes,PBMC,b_cell,10714,111950,9.57
sample02626,yes,PBMC,cd4_t_cell,27418,111950,24.49
sample02626,yes,PBMC,cd8_t_cell,25753,111950,23.0
sample02626,yes,PBMC,monocyte,24544,111950,21.92
sample02626,yes,PBMC,nk_cell,23521,111950,21.01
sample02627,yes,PBMC,b_cell,7286,103558,7.04
sample02627,yes,PBMC,cd4_t_cell,27222,103558,26.29
sample02627,yes,PBMC,cd8_t_cell,20963,103558,20.24
sample02627,yes,PBMC,monocyte,24513,103558,23.67
sample02627,yes,PBMC,nk_cell,23574,103558,22.76
sample02640,yes,PBMC,b_cell,6286,104000,6.04
sample02640,yes,PBMC,cd4_t_cell,40139,104000,38.6
sample02640,yes,PBMC,cd8_t_cell,15277,104000,14.69
sample02640,yes,PBMC,monocyte,18535,104000,17.82
sample02640,yes,PBMC,nk_cell,23763,104000,22.85
sample02641,yes,PBMC,b_cell,7159,110166,6.5
sample02641,yes,PBMC,cd4_t_cell,35897,110166,32.58
sample02641,yes,PBMC,cd8_t_cell,30969,110166,28.11
sample02641,yes,PBMC,monocyte,25826,110166,23.44
sample02641,yes,PBMC,nk_cell,10315,110166,9.36
sample02642,yes,PBMC,b_cell,7394,92204,8.02
sample02642,yes,PBMC,cd4_t_cell,32924,92204,35.71
sample02642,yes,PBMC,cd8_t_cell,20237,92204,21.95
sample02642,yes,PBMC,monocyte,18895,92204,20.49
sample02642,yes,PBMC,nk_cell,12754,92204,13.83
sample02646,no,PBMC,b_cell,11008,95983,11.47
sample02646,no,PBMC,cd4_t_cell,22089,95983,23.01
sample02646,no,PBMC,cd8_t_cell,24194,95983,25.21
sample02646,no,PBMC,monocyte,19758,95983,20.58
sample02646,no,PBMC,nk_cell,18934,95983,19.73
sample02647,no,PBMC,b_cell,10388,96996,10.71
sample02647,no,PBMC,cd4_t_cell,35568,96996,36.67
sample02647,no,PBMC,cd8_t_cell,19562,96996,20.17
sample02647,no,PBMC,monocyte,18732,96996,19.31
sample02647,no,PBMC,nk_cell,12746,96996,13.14
sample02648,no,PBMC,b_cell,9903,95230,10.4
sample02648,no,PBMC,cd4_t_cell,25558,95230,26.84
sample02648,no,PBMC,cd8_t_cell,28866,95230,30.31
sample02648,no,PBMC,monocyte,21832,95230,22.93
sample02648,no,PBMC,nk_cell,9071,95230,9.53
sample02655,yes,PBMC,b_cell,6042,105004,5.75
sample02655,yes,PBMC,cd4_t_cell,31614,105004,30.11
sample02655,yes,PBMC,cd8_t_cell,30235,105004,28.79
sample02655,yes,PBMC,monocyte,21181,105004,20.17
sample02655,yes,PBMC,nk_cell,15932,105004,15.17
sample02656,yes,PBMC,b_cell,9059,102647,8.83
sample02656,yes,PBMC,cd4_t_cell,32149,102647,31.32
sample02656,yes,PBMC,cd8_t_cell,25860,102647,25.19
sample02656,yes,PBMC,monocyte,18421,102647,17.95
sample02656,yes,PBMC,nk_cell,17158,102647,16.72
sample02657,yes,PBMC,b_cell,13034,107830,12.09
sample02657,yes,PBMC,cd4_t_cell,25433,107830,23.59
sample02657,yes,PBMC,cd8_t_cell,27887,107830,25.86
sample02657,yes,PBMC,monocyte,26862,107830,24.91
sample02657,yes,PBMC,nk_cell,14614,107830,13.55
sample02661,no,PBMC,b_cell,11369,100085,11.36
sample02661,no,PBMC,cd4_t_cell,28805,100085,28.78
sample02661,no,PBMC,cd8_t_cell,24023,100085,24.0
sample02661,no,PBMC,monocyte,18170,100085,18.15
sample02661,no,PBMC,nk_cell,17718,100085,17.7
sample02662,no,PBMC,b_cell,7064,91765,7.7
sample02662,no,PBMC,cd4_t_cell,28863,91765,31.45
sample02662,no,PBMC,cd8_t_cell,25313,91765,27.58
sample02662,no,PBMC,monocyte,20373,91765,22.2
sample02662,no,PBMC,nk_cell,10152,91765,11.06
sample02663,no,PBMC,b_cell,12954,91496,14.16
sample02663,no,PBMC,cd4_t_cell,33913,91496,37.07
sample02663,no,PBMC,cd8_t_cell,14523,91496,15.87
sample02663,no,PBMC,monocyte,18086,91496,19.77
sample02663,no,PBMC,nk_cell,12020,91496,13.14
sample02664,no,PBMC,b_cell,7201,102240,7.04
sample02664,no,PBMC,cd4_t_cell,31050,102240,30.37
sample02664,no,PBMC,cd8_t_cell,31384,102240,30.7
sample02664,no,PBMC,monocyte,18820,102240,18.41
sample02664,no,PBMC,nk_cell,13785,102240,13.48
sample02665,no,PBMC,b_cell,9832,92723,10.6
sample02665,no,PBMC,cd4_t_cell,29318,92723,31.62
sample02665,no,PBMC,cd8_t_cell,16995,92723,18.33
sample02665,no,PBMC,monocyte,20593,92723,22.21
sample02665,no,PBMC,nk_cell,15985,92723,17.24
sample02666,no,PBMC,b_cell,6660,100607,6.62
sample02666,no,PBMC,cd4_t_cell,23672,100607,23.53
sample02666,no,PBMC,cd8_t_cell,27114,100607,26.95
sample02666,no,PBMC,monocyte,23076,100607,22.94
sample02666,no,PBMC,nk_cell,20085,100607,19.96
sample02667,no,PBMC,b_cell,12877,90006,14.31
sample02667,no,PBMC,cd4_t_cell,25090,90006,27.88
sample02667,no,PBMC,cd8_t_cell,22358,90006,24.84
sample02667,no,PBMC,monocyte,19361,90006,21.51
sample02667,no,PBMC,nk_cell,10320,90006,11.47
sample02668,no,PBMC,b_cell,9548,90039,10.6
sample02668,no,PBMC,cd4_t_cell,29889,90039,33.2
sample02668,no,PBMC,cd8_t_cell,19393,90039,21.54
sample02668,no,PBMC,monocyte,17884,90039,19.86
sample02668,no,PBMC,nk_cell,13325,90039,14.8
sample02669,no,PBMC,b_cell,7314,108133,6.76
sample02669,no,PBMC,cd4_t_cell,26961,108133,24.93
sample02669,no,PBMC,cd8_t_cell,24659,108133,22.8
sample02669,no,PBMC,monocyte,26750,108133,24.74
sample02669,no,PBMC,nk_cell,22449,108133,20.76
sample02673,yes,PBMC,b_cell,8093,95603,8.47
sample02673,yes,PBMC,cd4_t_cell,29525,95603,30.88
sample02673,yes,PBMC,cd8_t_cell,20931,95603,21.89
sample02673,yes,PBMC,monocyte,24014,95603,25.12
sample02673,yes,PBMC,nk_cell,13040,95603,13.64
sample02674,yes,PBMC,b_cell,9561,105240,9.08
sample02674,yes,PBMC,cd4_t_cell,30492,105240,28.97
sample02674,yes,PBMC,cd8_t_cell,20755,105240,19.72
sample02674,yes,PBMC,monocyte,19683,105240,18.7
sample02674,yes,PBMC,nk_cell,24749,105240,23.52
sample02675,yes,PBMC,b_cell,7286,109520,6.65
sample02675,yes,PBMC,cd4_t_cell,25213,109520,23.02
sample02675,yes,PBMC,cd8_t_cell,30589,109520,27.93
sample02675,yes,PBMC,monocyte,30784,109520,28.11
sample02675,yes,PBMC,nk_cell,15648,109520,14.29
sample02682,no,PBMC,b_cell,6885,98716,6.97
sample02682,no,PBMC,cd4_t_cell,32336,98716,32.76
sample02682,no,PBMC,cd8_t_cell,13829,98716,14.01
sample02682,no,PBMC,monocyte,21789,98716,22.07
sample02682,no,PBMC,nk_cell,23877,98716,24.19
sample02683,no,PBMC,b_cell,9505,96098,9.89
sample02683,no,PBMC,cd4_t_cell,27788,96098,28.92
sample02683,no,PBMC,cd8_t_cell,23231,96098,24.17
sample02683,no,PBMC,monocyte,24898,96098,25.91
sample02683,no,PBMC,nk_cell,10676,96098,11.11
sample02684,no,PBMC,b_cell,9972,107673,9.26
sample02684,no,PBMC,cd4_t_cell,27284,107673,25.34
sample02684,no,PBMC,cd8_t_cell,31679,107673,29.42
sample02684,no,PBMC,monocyte,20057,107673,18.63
sample02684,no,PBMC,nk_cell,18681,107673,17.35
sample02700,no,PBMC,b_cell,10080,103298,9.76
sample02700,no,PBMC,cd4_t_cell,37751,103298,36.55
sample02700,no,PBMC,cd8_t_cell,23553,103298,22.8
sample02700,no,PBMC,monocyte,14891,103298,14.42
sample02700,no,PBMC,nk_cell,17023,103298,16.48
sample02701,no,PBMC,b_cell,9069,108275,8.38
sample02701,no,PBMC,cd4_t_cell,34282,108275,31.66
sample02701,no,PBMC,cd8_t_cell,22459,108275,20.74
sample02701,no,PBMC,monocyte,28368,108275,26.2
sample02701,no,PBMC,nk_cell,14097,108275,13.02
sample02702,no,PBMC,b_cell,8217,91635,8.97
sample02702,no,PBMC,cd4_t_cell,20844,91635,22.75
sample02702,no,PBMC,cd8_t_cell,31187,91635,34.03
sample02702,no,PBMC,monocyte,20117,91635,21.95
sample02702,no,PBMC,nk_cell,11270,91635,12.3
sample02706,no,PBMC,b_cell,7578,90279,8.39
sample02706,no,PBMC,cd4_t_cell,26574,90279,29.44
sample02706,no,PBMC,cd8_t_cell,21105,90279,23.38
sample02706,no,PBMC,monocyte,21188,90279,23.47
sample02706,no,PBMC,nk_cell,13834,90279,15.32
sample02707,no,PBMC,b_cell,5643,96394,5.85
sample02707,no,PBMC,cd4_t_cell,30936,96394,32.09
sample02707,no,PBMC,cd8_t_cell,25194,96394,26.14
sample02707,no,PBMC,monocyte,25867,96394,26.83
sample02707,no,PBMC,nk_cell,8754,96394,9.08
sample02708,no,PBMC,b_cell,10100,96350,10.48
sample02708,no,PBMC,cd4_t_cell,28394,96350,29.47
sample02708,no,PBMC,cd8_t_cell,21487,96350,22.3
sample02708,no,PBMC,monocyte,22658,96350,23.52
sample02708,no,PBMC,nk_cell,13711,96350,14.23
sample02718,no,PBMC,b_cell,11764,106103,11.09
sample02718,no,PBMC,cd4_t_cell,29492,106103,27.8
sample02718,no,PBMC,cd8_t_cell,28579,106103,26.94
sample02718,no,PBMC,monocyte,22359,106103,21.07
sample02718,no,PBMC,nk_cell,13909,106103,13.11
sample02719,no,PBMC,b_cell,5319,106129,5.01
sample02719,no,PBMC,cd4_t_cell,41989,106129,39.56
sample02719,no,PBMC,cd8_t_cell,20829,106129,19.63
sample02719,no,PBMC,monocyte,21205,106129,19.98
sample02719,no,PBMC,nk_cell,16787,106129,15.82
sample02720,no,PBMC,b_cell,7761,86650,8.96
sample02720,no,PBMC,cd4_t_cell,33557,86650,38.73
sample02720,no,PBMC,cd8_t_cell,16750,86650,19.33
sample02720,no,PBMC,monocyte,20268,86650,23.39
sample02720,no,PBMC,nk_cell,8314,86650,9.59
sample02736,yes,PBMC,b_cell,8451,109832,7.69
sample02736,yes,PBMC,cd4_t_cell,28400,109832,25.86
sample02736,yes,PBMC,cd8_t_cell,37572,109832,34.21
sample02736,yes,PBMC,monocyte,20973,109832,19.1
sample02736,yes,PBMC,nk_cell,14436,109832,13.14
sample02737,yes,PBMC,b_cell,9548,103407,9.23
sample02737,yes,PBMC,cd4_t_cell,23275,103407,22.51
sample02737,yes,PBMC,cd8_t_cell,24365,103407,23.56
sample02737,yes,PBMC,monocyte,27132,103407,26.24
sample02737,yes,PBMC,nk_cell,19087,103407,18.46
sample02738,yes,PBMC,b_cell,7083,95263,7.44
sample02738,yes,PBMC,cd4_t_cell,25082,95263,26.33
sample02738,yes,PBMC,cd8_t_cell,26625,95263,27.95
sample02738,yes,PBMC,monocyte,28315,95263,29.72
sample02738,yes,PBMC,nk_cell,8158,95263,8.56
sample02742,no,PBMC,b_cell,8560,99692,8.59
sample02742,no,PBMC,cd4_t_cell,32051,99692,32.15
sample02742,no,PBMC,cd8_t_cell,19297,99692,19.36
sample02742,no,PBMC,monocyte,20889,99692,20.95
sample02742,no,PBMC,nk_cell,18895,99692,18.95
sample02743,no,PBMC,b_cell,5059,96458,5.24
sample02743,no,PBMC,cd4_t_cell,33339,96458,34.56
sample02743,no,PBMC,cd8_t_cell,30814,96458,31.95
sample02743,no,PBMC,monocyte,19506,96458,20.22
sample02743,no,PBMC,nk_cell,7740,96458,8.02
sample02744,no,PBMC,b_cell,9125,102996,8.86
sample02744,no,PBMC,cd4_t_cell,25965,102996,25.21
sample02744,no,PBMC,cd8_t_cell,30708,102996,29.81
sample02744,no,PBMC,monocyte,22155,102996,21.51
sample02744,no,PBMC,nk_cell,15043,102996,14.61
sample02754,yes,PBMC,b_cell,11656,96294,12.1
sample02754,yes,PBMC,cd4_t_cell,33344,96294,34.63
sample02754,yes,PBMC,cd8_t_cell,16469,96294,17.1
sample02754,yes,PBMC,monocyte,11436,96294,11.88
sample02754,yes,PBMC,nk_cell,23389,96294,24.29
sample02755,yes,PBMC,b_cell,11953,106285,11.25
sample02755,yes,PBMC,cd4_t_cell,28379,106285,26.7
sample02755,yes,PBMC,cd8_t_cell,26752,106285,25.17
sample02755,yes,PBMC,monocyte,21598,106285,20.32
sample02755,yes,PBMC,nk_cell,17603,106285,16.56
sample02756,yes,PBMC,b_cell,8067,96104,8.39
sample02756,yes,PBMC,cd4_t_cell,38054,96104,39.6
sample02756,yes,PBMC,cd8_t_cell,15874,96104,16.52
sample02756,yes,PBMC,monocyte,20165,96104,20.98
sample02756,yes,PBMC,nk_cell,13944,96104,14.51
sample02760,yes,PBMC,b_cell,9210,94578,9.74
sample02760,yes,PBMC,cd4_t_cell,25413,94578,26.87
sample02760,yes,PBMC,cd8_t_cell,19445,94578,20.56
sample02760,yes,PBMC,monocyte,23956,94578,25.33
sample02760,yes,PBMC,nk_cell,16554,94578,17.5
sample02761,yes,PBMC,b_cell,6698,107008,6.26
sample02761,yes,PBMC,cd4_t_cell,29931,107008,27.97
sample02761,yes,PBMC,cd8_t_cell,20097,107008,18.78
sample02761,yes,PBMC,monocyte,22937,107008,21.43
sample02761,yes,PBMC,nk_cell,27345,107008,25.55
sample02762,yes,PBMC,b_cell,3665,102034,3.59
sample02762,yes,PBMC,cd4_t_cell,42352,102034,41.51
sample02762,yes,PBMC,cd8_t_cell,18432,102034,18.06
sample02762,yes,PBMC,monocyte,21405,102034,20.98
sample02762,yes,PBMC,nk_cell,16180,102034,15.86
sample02766,yes,PBMC,b_cell,4892,95992,5.1
sample02766,yes,PBMC,cd4_t_cell,35038,95992,36.5
sample02766,yes,PBMC,cd8_t_cell,27483,95992,28.63
sample02766,yes,PBMC,monocyte,17887,95992,18.63
sample02766,yes,PBMC,nk_cell,10692,95992,11.14
sample02767,yes,PBMC,b_cell,9073,93215,9.73
sample02767,yes,PBMC,cd4_t_cell,22611,93215,24.26
sample02767,yes,PBMC,cd8_t_cell,20913,93215,22.44
sample02767,yes,PBMC,monocyte,29804,93215,31.97
sample02767,yes,PBMC,nk_cell,10814,93215,11.6
sample02768,yes,PBMC,b_cell,11482,99922,11.49
sample02768,yes,PBMC,cd4_t_cell,17442,99922,17.46
sample02768,yes,PBMC,cd8_t_cell,31242,99922,31.27
sample02768,yes,PBMC,monocyte,24642,99922,24.66
sample02768,yes,PBMC,nk_cell,15114,99922,15.13
sample02772,yes,PBMC,b_cell,12960,107219,12.09
sample02772,yes,PBMC,cd4_t_cell,43201,107219,40.29
sample02772,yes,PBMC,cd8_t_cell,19579,107219,18.26
sample02772,yes,PBMC,monocyte,18885,107219,17.61
sample02772,yes,PBMC,nk_cell,12594,107219,11.75
sample02773,yes,PBMC,b_cell,18574,108125,17.18
sample02773,yes,PBMC,cd4_t_cell,29843,108125,27.6
sample02773,yes,PBMC,cd8_t_cell,18775,108125,17.36
sample02773,yes,PBMC,monocyte,23102,108125,21.37
sample02773,yes,PBMC,nk_cell,17831,108125,16.49
sample02774,yes,PBMC,b_cell,10372,98364,10.54
sample02774,yes,PBMC,cd4_t_cell,30663,98364,31.17
sample02774,yes,PBMC,cd8_t_cell,28389,98364,28.86
sample02774,yes,PBMC,monocyte,21051,98364,21.4
sample02774,yes,PBMC,nk_cell,7889,98364,8.02
sample02775,no,PBMC,b_cell,12731,91733,13.88
sample02775,no,PBMC,cd4_t_cell,26570,91733,28.96
sample02775,no,PBMC,cd8_t_cell,26696,91733,29.1
sample02775,no,PBMC,monocyte,13306,91733,14.51
sample02775,no,PBMC,nk_cell,12430,91733,13.55
sample02776,no,PBMC,b_cell,16985,98069,17.32
sample02776,no,PBMC,cd4_t_cell,24356,98069,24.84
sample02776,no,PBMC,cd8_t_cell,22263,98069,22.7
sample02776,no,PBMC,monocyte,20564,98069,20.97
sample02776,no,PBMC,nk_cell,13901,98069,14.17
sample02777,no,PBMC,b_cell,11657,92883,12.55
sample02777,no,PBMC,cd4_t_cell,23185,92883,24.96
sample02777,no,PBMC,cd8_t_cell,34053,92883,36.66
sample02777,no,PBMC,monocyte,12459,92883,13.41
sample02777,no,PBMC,nk_cell,11529,92883,12.41
sample02781,yes,PBMC,b_cell,6949,100405,6.92
sample02781,yes,PBMC,cd4_t_cell,32028,100405,31.9
sample02781,yes,PBMC,cd8_t_cell,32093,100405,31.96
sample02781,yes,PBMC,monocyte,15472,100405,15.41
sample02781,yes,PBMC,nk_cell,13863,100405,13.81
sample02782,yes,PBMC,b_cell,8199,111029,7.38
sample02782,yes,PBMC,cd4_t_cell,33751,111029,30.4
sample02782,yes,PBMC,cd8_t_cell,26488,111029,23.86
sample02782,yes,PBMC,monocyte,22660,111029,20.41
sample02782,yes,PBMC,nk_cell,19931,111029,17.95
sample02783,yes,PBMC,b_cell,15923,98298,16.2
sample02783,yes,PBMC,cd4_t_cell,25340,98298,25.78
sample02783,yes,PBMC,cd8_t_cell,25939,98298,26.39
sample02783,yes,PBMC,monocyte,21414,98298,21.78
sample02783,yes,PBMC,nk_cell,9682,98298,9.85
sample02799,no,PBMC,b_cell,14269,93723,15.22
sample02799,no,PBMC,cd4_t_cell,33626,93723,35.88
sample02799,no,PBMC,cd8_t_cell,16606,93723,17.72
sample02799,no,PBMC,monocyte,19796,93723,21.12
sample02799,no,PBMC,nk_cell,9426,93723,10.06
sample02800,no,PBMC,b_cell,13645,104863,13.01
sample02800,no,PBMC,cd4_t_cell,33413,104863,31.86
sample02800,no,PBMC,cd8_t_cell,21335,104863,20.35
sample02800,no,PBMC,monocyte,17191,104863,16.39
sample02800,no,PBMC,nk_cell,19279,104863,18.38
sample02801,no,PBMC,b_cell,13098,96440,13.58
sample02801,no,PBMC,cd4_t_cell,35670,96440,36.99
sample02801,no,PBMC,cd8_t_cell,21306,96440,22.09
sample02801,no,PBMC,monocyte,9903,96440,10.27
sample02801,no,PBMC,nk_cell,16463,96440,17.07
sample02808,yes,PBMC,b_cell,18342,103811,17.67
sample02808,yes,PBMC,cd4_t_cell,25614,103811,24.67
sample02808,yes,PBMC,cd8_t_cell,19508,103811,18.79
sample02808,yes,PBMC,monocyte,21618,103811,20.82
sample02808,yes,PBMC,nk_cell,18729,103811,18.04
sample02809,yes,PBMC,b_cell,9219,101913,9.05
sample02809,yes,PBMC,cd4_t_cell,29988,101913,29.43
sample02809,yes,PBMC,cd8_t_cell,22654,101913,22.23
sample02809,yes,PBMC,monocyte,20932,101913,20.54
sample02809,yes,PBMC,nk_cell,19120,101913,18.76
sample02810,yes,PBMC,b_cell,7766,108117,7.18
sample02810,yes,PBMC,cd4_t_cell,35095,108117,32.46
sample02810,yes,PBMC,cd8_t_cell,35229,108117,32.58
sample02810,yes,PBMC,monocyte,17536,108117,16.22
sample02810,yes,PBMC,nk_cell,12491,108117,11.55
sample02811,no,PBMC,b_cell,9902,94253,10.51
sample02811,no,PBMC,cd4_t_cell,32263,94253,34.23
sample02811,no,PBMC,cd8_t_cell,21949,94253,23.29
sample02811,no,PBMC,monocyte,20217,94253,21.45
sample02811,no,PBMC,nk_cell,9922,94253,10.53
sample02812,no,PBMC,b_cell,6625,97219,6.81
sample02812,no,PBMC,cd4_t_cell,37703,97219,38.78
sample02812,no,PBMC,cd8_t_cell,16173,97219,16.64
sample02812,no,PBMC,monocyte,24873,97219,25.58
sample02812,no,PBMC,nk_cell,11845,97219,12.18
sample02813,no,PBMC,b_cell,6720,96600,6.96
sample02813,no,PBMC,cd4_t_cell,34990,96600,36.22
sample02813,no,PBMC,cd8_t_cell,18744,96600,19.4
sample02813,no,PBMC,monocyte,20504,96600,21.23
sample02813,no,PBMC,nk_cell,15642,96600,16.19
sample02823,yes,PBMC,b_cell,20157,104524,19.28
sample02823,yes,PBMC,cd4_t_cell,34097,104524,32.62
sample02823,yes,PBMC,cd8_t_cell,11796,104524,11.29
sample02823,yes,PBMC,monocyte,24818,104524,23.74
sample02823,yes,PBMC,nk_cell,13656,104524,13.06
sample02824,yes,PBMC,b_cell,4425,92506,4.78
sample02824,yes,PBMC,cd4_t_cell,34142,92506,36.91
sample02824,yes,PBMC,cd8_t_cell,26427,92506,28.57
sample02824,yes,PBMC,monocyte,12099,92506,13.08
sample02824,yes,PBMC,nk_cell,15413,92506,16.66
sample02825,yes,PBMC,b_cell,12200,101097,12.07
sample02825,yes,PBMC,cd4_t_cell,35074,101097,34.69
sample02825,yes,PBMC,cd8_t_cell,26648,101097,26.36
sample02825,yes,PBMC,monocyte,15077,101097,14.91
sample02825,yes,PBMC,nk_cell,12098,101097,11.97
sample02829,no,PBMC,b_cell,11367,104439,10.88
sample02829,no,PBMC,cd4_t_cell,38782,104439,37.13
sample02829,no,PBMC,cd8_t_cell,21890,104439,20.96
sample02829,no,PBMC,monocyte,19377,104439,18.55
sample02829,no,PBMC,nk_cell,13023,104439,12.47
sample02830,no,PBMC,b_cell,5817,104310,5.58
sample02830,no,PBMC,cd4_t_cell,26400,104310,25.31
sample02830,no,PBMC,cd8_t_cell,32429,104310,31.09
sample02830,no,PBMC,monocyte,20514,104310,19.67
sample02830,no,PBMC,nk_cell,19150,104310,18.36
sample02831,no,PBMC,b_cell,8227,90279,9.11
sample02831,no,PBMC,cd4_t_cell,27804,90279,30.8
sample02831,no,PBMC,cd8_t_cell,19366,90279,21.45
sample02831,no,PBMC,monocyte,26582,90279,29.44
sample02831,no,PBMC,nk_cell,8300,90279,9.19
sample02838,yes,PBMC,b_cell,15133,106495,14.21
sample02838,yes,PBMC,cd4_t_cell,36994,106495,34.74
sample02838,yes,PBMC,cd8_t_cell,27149,106495,25.49
sample02838,yes,PBMC,monocyte,15436,106495,14.49
sample02838,yes,PBMC,nk_cell,11783,106495,11.06
sample02839,yes,PBMC,b_cell,18097,106721,16.96
sample02839,yes,PBMC,cd4_t_cell,36498,106721,34.2
sample02839,yes,PBMC,cd8_t_cell,21847,106721,20.47
sample02839,yes,PBMC,monocyte,16613,106721,15.57
sample02839,yes,PBMC,nk_cell,13666,106721,12.81
sample02840,yes,PBMC,b_cell,6008,91985,6.53
sample02840,yes,PBMC,cd4_t_cell,31118,91985,33.83
sample02840,yes,PBMC,cd8_t_cell,25904,91985,28.16
sample02840,yes,PBMC,monocyte,17700,91985,19.24
sample02840,yes,PBMC,nk_cell,11255,91985,12.24
sample02847,yes,PBMC,b_cell,12708,99912,12.72
sample02847,yes,PBMC,cd4_t_cell,26444,99912,26.47
sample02847,yes,PBMC,cd8_t_cell,24085,99912,24.11
sample02847,yes,PBMC,monocyte,18410,99912,18.43
sample02847,yes,PBMC,nk_cell,18265,99912,18.28
sample02848,yes,PBMC,b_cell,15395,104049,14.8
sample02848,yes,PBMC,cd4_t_cell,29772,104049,28.61
sample02848,yes,PBMC,cd8_t_cell,20878,104049,20.07
sample02848,yes,PBMC,monocyte,15461,104049,14.86
sample02848,yes,PBMC,nk_cell,22543,104049,21.67
sample02849,yes,PBMC,b_cell,9929,110004,9.03
sample02849,yes,PBMC,cd4_t_cell,36780,110004,33.44
sample02849,yes,PBMC,cd8_t_cell,22137,110004,20.12
sample02849,yes,PBMC,monocyte,28475,110004,25.89
sample02849,yes,PBMC,nk_cell,12683,110004,11.53
sample02856,yes,PBMC,b_cell,5378,96230,5.59
sample02856,yes,PBMC,cd4_t_cell,34104,96230,35.44
sample02856,yes,PBMC,cd8_t_cell,23112,96230,24.02
sample02856,yes,PBMC,monocyte,13382,96230,13.91
sample02856,yes,PBMC,nk_cell,20254,96230,21.05
sample02857,yes,PBMC,b_cell,5950,108675,5.48
sample02857,yes,PBMC,cd4_t_cell,35734,108675,32.88
sample02857,yes,PBMC,cd8_t_cell,31728,108675,29.2
sample02857,yes,PBMC,monocyte,18953,108675,17.44
sample02857,yes,PBMC,nk_cell,16310,108675,15.01
sample02858,yes,PBMC,b_cell,7975,108805,7.33
sample02858,yes,PBMC,cd4_t_cell,35228,108805,32.38
sample02858,yes,PBMC,cd8_t_cell,19107,108805,17.56
sample02858,yes,PBMC,monocyte,37073,108805,34.07
sample02858,yes,PBMC,nk_cell,9422,108805,8.66
sample02874,yes,PBMC,b_cell,5370,104429,5.14
sample02874,yes,PBMC,cd4_t_cell,28585,104429,27.37
sample02874,yes,PBMC,cd8_t_cell,38955,104429,37.3
sample02874,yes,PBMC,monocyte,21274,104429,20.37
sample02874,yes,PBMC,nk_cell,10245,104429,9.81
sample02875,yes,PBMC,b_cell,11313,93275,12.13
sample02875,yes,PBMC,cd4_t_cell,20970,93275,22.48
sample02875,yes,PBMC,cd8_t_cell,32731,93275,35.09
sample02875,yes,PBMC,monocyte,18279,93275,19.6
sample02875,yes,PBMC,nk_cell,9982,93275,10.7
sample02876,yes,PBMC,b_cell,10696,110266,9.7
sample02876,yes,PBMC,cd4_t_cell,32010,110266,29.03
sample02876,yes,PBMC,cd8_t_cell,22765,110266,20.65
sample02876,yes,PBMC,monocyte,18807,110266,17.06
sample02876,yes,PBMC,nk_cell,25988,110266,23.57
sample02886,no,PBMC,b_cell,11010,106909,10.3
sample02886,no,PBMC,cd4_t_cell,29358,106909,27.46
sample02886,no,PBMC,cd8_t_cell,27270,106909,25.51
sample02886,no,PBMC,monocyte,24503,106909,22.92
sample02886,no,PBMC,nk_cell,14768,106909,13.81
sample02887,no,PBMC,b_cell,10522,96314,10.92
sample02887,no,PBMC,cd4_t_cell,22389,96314,23.25
sample02887,no,PBMC,cd8_t_cell,25837,96314,26.83
sample02887,no,PBMC,monocyte,22642,96314,23.51
sample02887,no,PBMC,nk_cell,14924,96314,15.5
sample02888,no,PBMC,b_cell,8399,91484,9.18
sample02888,no,PBMC,cd4_t_cell,20068,91484,21.94
sample02888,no,PBMC,cd8_t_cell,27129,91484,29.65
sample02888,no,PBMC,monocyte,17412,91484,19.03
sample02888,no,PBMC,nk_cell,18476,91484,20.2
sample02889,no,PBMC,b_cell,11592,89416,12.96
sample02889,no,PBMC,cd4_t_cell,23019,89416,25.74
sample02889,no,PBMC,cd8_t_cell,27357,89416,30.6
sample02889,no,PBMC,monocyte,15581,89416,17.43
sample02889,no,PBMC,nk_cell,11867,89416,13.27
sample02890,no,PBMC,b_cell,5600,105908,5.29
sample02890,no,PBMC,cd4_t_cell,25697,105908,24.26
sample02890,no,PBMC,cd8_t_cell,33458,105908,31.59
sample02890,no,PBMC,monocyte,20923,105908,19.76
sample02890,no,PBMC,nk_cell,20230,105908,19.1
sample02891,no,PBMC,b_cell,11699,89620,13.05
sample02891,no,PBMC,cd4_t_cell,24861,89620,27.74
sample02891,no,PBMC,cd8_t_cell,28786,89620,32.12
sample02891,no,PBMC,monocyte,16386,89620,18.28
sample02891,no,PBMC,nk_cell,7888,89620,8.8
sample02901,no,PBMC,b_cell,14340,103714,13.83
sample02901,no,PBMC,cd4_t_cell,24847,103714,23.96
sample02901,no,PBMC,cd8_t_cell,24339,103714,23.47
sample02901,no,PBMC,monocyte,22128,103714,21.34
sample02901,no,PBMC,nk_cell,18060,103714,17.41
sample02902,no,PBMC,b_cell,11222,95611,11.74
sample02902,no,PBMC,cd4_t_cell,31594,95611,33.04
sample02902,no,PBMC,cd8_t_cell,26467,95611,27.68
sample02902,no,PBMC,monocyte,14471,95611,15.14
sample02902,no,PBMC,nk_cell,11857,95611,12.4
sample02903,no,PBMC,b_cell,9130,102009,8.95
sample02903,no,PBMC,cd4_t_cell,35415,102009,34.72
sample02903,no,PBMC,cd8_t_cell,21645,102009,21.22
sample02903,no,PBMC,monocyte,20175,102009,19.78
sample02903,no,PBMC,nk_cell,15644,102009,15.34
sample02910,yes,PBMC,b_cell,8140,100447,8.1
sample02910,yes,PBMC,cd4_t_cell,29673,100447,29.54
sample02910,yes,PBMC,cd8_t_cell,32478,100447,32.33
sample02910,yes,PBMC,monocyte,14218,100447,14.15
sample02910,yes,PBMC,nk_cell,15938,100447,15.87
sample02911,yes,PBMC,b_cell,9176,109792,8.36
sample02911,yes,PBMC,cd4_t_cell,32502,109792,29.6
sample02911,yes,PBMC,cd8_t_cell,24903,109792,22.68
sample02911,yes,PBMC,monocyte,25329,109792,23.07
sample02911,yes,PBMC,nk_cell,17882,109792,16.29
sample02912,yes,PBMC,b_cell,7007,108860,6.44
sample02912,yes,PBMC,cd4_t_cell,38135,108860,35.03
sample02912,yes,PBMC,cd8_t_cell,26797,108860,24.62
sample02912,yes,PBMC,monocyte,20392,108860,18.73
sample02912,yes,PBMC,nk_cell,16529,108860,15.18
sample02916,yes,PBMC,b_cell,15096,101311,14.9
sample02916,yes,PBMC,cd4_t_cell,32456,101311,32.04
sample02916,yes,PBMC,cd8_t_cell,25019,101311,24.7
sample02916,yes,PBMC,monocyte,20239,101311,19.98
sample02916,yes,PBMC,nk_cell,8501,101311,8.39
sample02917,yes,PBMC,b_cell,7455,98090,7.6
sample02917,yes,PBMC,cd4_t_cell,35928,98090,36.63
sample02917,yes,PBMC,cd8_t_cell,18038,98090,18.39
sample02917,yes,PBMC,monocyte,18007,98090,18.36
sample02917,yes,PBMC,nk_cell,18662,98090,19.03
sample02918,yes,PBMC,b_cell,9811,107332,9.14
sample02918,yes,PBMC,cd4_t_cell,34411,107332,32.06
sample02918,yes,PBMC,cd8_t_cell,31428,107332,29.28
sample02918,yes,PBMC,monocyte,14133,107332,13.17
sample02918,yes,PBMC,nk_cell,17549,107332,16.35
sample02925,yes,PBMC,b_cell,5880,108188,5.43
sample02925,yes,PBMC,cd4_t_cell,36417,108188,33.66
sample02925,yes,PBMC,cd8_t_cell,29612,108188,27.37
sample02925,yes,PBMC,monocyte,17314,108188,16.0
sample02925,yes,PBMC,nk_cell,18965,108188,17.53
sample02926,yes,PBMC,b_cell,5930,110271,5.38
sample02926,yes,PBMC,cd4_t_cell,35452,110271,32.15
sample02926,yes,PBMC,cd8_t_cell,32631,110271,29.59
sample02926,yes,PBMC,monocyte,17033,110271,15.45
sample02926,yes,PBMC,nk_cell,19225,110271,17.43
sample02927,yes,PBMC,b_cell,11330,97155,11.66
sample02927,yes,PBMC,cd4_t_cell,30635,97155,31.53
sample02927,yes,PBMC,cd8_t_cell,25884,97155,26.64
sample02927,yes,PBMC,monocyte,18737,97155,19.29
sample02927,yes,PBMC,nk_cell,10569,97155,10.88
sample02928,yes,PBMC,b_cell,6977,92703,7.53
sample02928,yes,PBMC,cd4_t_cell,28953,92703,31.23
sample02928,yes,PBMC,cd8_t_cell,23580,92703,25.44
sample02928,yes,PBMC,monocyte,18794,92703,20.27
sample02928,yes,PBMC,nk_cell,14399,92703,15.53
sample02929,yes,PBMC,b_cell,11281,96572,11.68
sample02929,yes,PBMC,cd4_t_cell,27430,96572,28.4
sample02929,yes,PBMC,cd8_t_cell,29581,96572,30.63
sample02929,yes,PBMC,monocyte,21054,96572,21.8
sample02929,yes,PBMC,nk_cell,7226,96572,7.48
sample02930,yes,PBMC,b_cell,7552,99254,7.61
sample02930,yes,PBMC,cd4_t_cell,37089,99254,37.37
sample02930,yes,PBMC,cd8_t_cell,20420,99254,20.57
sample02930,yes,PBMC,monocyte,19372,99254,19.52
sample02930,yes,PBMC,nk_cell,14821,99254,14.93
sample02961,no,PBMC,b_cell,13434,96418,13.93
sample02961,no,PBMC,cd4_t_cell,31398,96418,32.56
sample02961,no,PBMC,cd8_t_cell,24264,96418,25.17
sample02961,no,PBMC,monocyte,16734,96418,17.36
sample02961,no,PBMC,nk_cell,10588,96418,10.98
sample02962,no,PBMC,b_cell,13869,106937,12.97
sample02962,no,PBMC,cd4_t_cell,30450,106937,28.47
sample02962,no,PBMC,cd8_t_cell,25829,106937,24.15
sample02962,no,PBMC,monocyte,15806,106937,14.78
sample02962,no,PBMC,nk_cell,20983,106937,19.62
sample02963,no,PBMC,b_cell,3908,85355,4.58
sample02963,no,PBMC,cd4_t_cell,26168,85355,30.66
sample02963,no,PBMC,cd8_t_cell,18703,85355,21.91
sample02963,no,PBMC,monocyte,19693,85355,23.07
sample02963,no,PBMC,nk_cell,16883,85355,19.78
sample02970,no,PBMC,b_cell,10385,87698,11.84
sample02970,no,PBMC,cd4_t_cell,24439,87698,27.87
sample02970,no,PBMC,cd8_t_cell,21241,87698,24.22
sample02970,no,PBMC,monocyte,23726,87698,27.05
sample02970,no,PBMC,nk_cell,7907,87698,9.02
sample02971,no,PBMC,b_cell,5881,91716,6.41
sample02971,no,PBMC,cd4_t_cell,28575,91716,31.16
sample02971,no,PBMC,cd8_t_cell,22334,91716,24.35
sample02971,no,PBMC,monocyte,17244,91716,18.8
sample02971,no,PBMC,nk_cell,17682,91716,19.28
sample02972,no,PBMC,b_cell,5133,100224,5.12
sample02972,no,PBMC,cd4_t_cell,35152,100224,35.07
sample02972,no,PBMC,cd8_t_cell,29592,100224,29.53
sample02972,no,PBMC,monocyte,15355,100224,15.32
sample02972,no,PBMC,nk_cell,14992,100224,14.96
sample02976,yes,PBMC,b_cell,8517,110894,7.68
sample02976,yes,PBMC,cd4_t_cell,40454,110894,36.48
sample02976,yes,PBMC,cd8_t_cell,31969,110894,28.83
sample02976,yes,PBMC,monocyte,15144,110894,13.66
sample02976,yes,PBMC,nk_cell,14810,110894,13.36
sample02977,yes,PBMC,b_cell,15695,98494,15.93
sample02977,yes,PBMC,cd4_t_cell,24531,98494,24.91
sample02977,yes,PBMC,cd8_t_cell,20659,98494,20.97
sample02977,yes,PBMC,monocyte,16613,98494,16.87
sample02977,yes,PBMC,nk_cell,20996,98494,21.32
sample02978,yes,PBMC,b_cell,9570,107263,8.92
sample02978,yes,PBMC,cd4_t_cell,40662,107263,37.91
sample02978,yes,PBMC,cd8_t_cell,14820,107263,13.82
sample02978,yes,PBMC,monocyte,24499,107263,22.84
sample02978,yes,PBMC,nk_cell,17712,107263,16.51
sample02991,yes,PBMC,b_cell,15395,105976,14.53
sample02991,yes,PBMC,cd4_t_cell,29123,105976,27.48
sample02991,yes,PBMC,cd8_t_cell,23006,105976,21.71
sample02991,yes,PBMC,monocyte,24092,105976,22.73
sample02991,yes,PBMC,nk_cell,14360,105976,13.55
sample02992,yes,PBMC,b_cell,6210,95778,6.48
sample02992,yes,PBMC,cd4_t_cell,33150,95778,34.61
sample02992,yes,PBMC,cd8_t_cell,26893,95778,28.08
sample02992,yes,PBMC,monocyte,22662,95778,23.66
sample02992,yes,PBMC,nk_cell,6863,95778,7.17
sample02993,yes,PBMC,b_cell,11565,100518,11.51
sample02993,yes,PBMC,cd4_t_cell,38391,100518,38.19
sample02993,yes,PBMC,cd8_t_cell,19292,100518,19.19
sample02993,yes,PBMC,monocyte,19264,100518,19.16
sample02993,yes,PBMC,nk_cell,12006,100518,11.94
sample02997,yes,PBMC,b_cell,12364,110003,11.24
sample02997,yes,PBMC,cd4_t_cell,27530,110003,25.03
sample02997,yes,PBMC,cd8_t_cell,28683,110003,26.07
sample02997,yes,PBMC,monocyte,25797,110003,23.45
sample02997,yes,PBMC,nk_cell,15629,110003,14.21
sample02998,yes,PBMC,b_cell,9106,101672,8.96
sample02998,yes,PBMC,cd4_t_cell,26593,101672,26.16
sample02998,yes,PBMC,cd8_t_cell,32356,101672,31.82
sample02998,yes,PBMC,monocyte,21748,101672,21.39
sample02998,yes,PBMC,nk_cell,11869,101672,11.67
sample02999,yes,PBMC,b_cell,12168,93914,12.96
sample02999,yes,PBMC,cd4_t_cell,28917,93914,30.79
sample02999,yes,PBMC,cd8_t_cell,18795,93914,20.01
sample02999,yes,PBMC,monocyte,19985,93914,21.28
sample02999,yes,PBMC,nk_cell,14049,93914,14.96
sample03000,yes,PBMC,b_cell,12870,104910,12.27
sample03000,yes,PBMC,cd4_t_cell,29864,104910,28.47
sample03000,yes,PBMC,cd8_t_cell,23062,104910,21.98
sample03000,yes,PBMC,monocyte,20148,104910,19.21
sample03000,yes,PBMC,nk_cell,18966,104910,18.08
sample03001,yes,PBMC,b_cell,5320,93364,5.7
sample03001,yes,PBMC,cd4_t_cell,40010,93364,42.85
sample03001,yes,PBMC,cd8_t_cell,23294,93364,24.95
sample03001,yes,PBMC,monocyte,15060,93364,16.13
sample03001,yes,PBMC,nk_cell,9680,93364,10.37
sample03002,yes,PBMC,b_cell,9127,101025,9.03
sample03002,yes,PBMC,cd4_t_cell,33474,101025,33.13
sample03002,yes,PBMC,cd8_t_cell,22036,101025,21.81
sample03002,yes,PBMC,monocyte,22082,101025,21.86
sample03002,yes,PBMC,nk_cell,14306,101025,14.16
sample03006,no,PBMC,b_cell,8700,93776,9.28
sample03006,no,PBMC,cd4_t_cell,31176,93776,33.25
sample03006,no,PBMC,cd8_t_cell,23325,93776,24.87
sample03006,no,PBMC,monocyte,20449,93776,21.81
sample03006,no,PBMC,nk_cell,10126,93776,10.8
sample03007,no,PBMC,b_cell,10700,101602,10.53
sample03007,no,PBMC,cd4_t_cell,21638,101602,21.3
sample03007,no,PBMC,cd8_t_cell,29267,101602,28.81
sample03007,no,PBMC,monocyte,25181,101602,24.78
sample03007,no,PBMC,nk_cell,14816,101602,14.58
sample03008,no,PBMC,b_cell,8097,88537,9.15
sample03008,no,PBMC,cd4_t_cell,33003,88537,37.28
sample03008,no,PBMC,cd8_t_cell,19458,88537,21.98
sample03008,no,PBMC,monocyte,12736,88537,14.38
sample03008,no,PBMC,nk_cell,15243,88537,17.22
sample03021,yes,PBMC,b_cell,4587,98326,4.67
sample03021,yes,PBMC,cd4_t_cell,33014,98326,33.58
sample03021,yes,PBMC,cd8_t_cell,27727,98326,28.2
sample03021,yes,PBMC,monocyte,20993,98326,21.35
sample03021,yes,PBMC,nk_cell,12005,98326,12.21
sample03022,yes,PBMC,b_cell,11893,98186,12.11
sample03022,yes,PBMC,cd4_t_cell,24936,98186,25.4
sample03022,yes,PBMC,cd8_t_cell,24383,98186,24.83
sample03022,yes,PBMC,monocyte,22041,98186,22.45
sample03022,yes,PBMC,nk_cell,14933,98186,15.21
sample03023,yes,PBMC,b_cell,10199,95652,10.66
sample03023,yes,PBMC,cd4_t_cell,23930,95652,25.02
sample03023,yes,PBMC,cd8_t_cell,24814,95652,25.94
sample03023,yes,PBMC,monocyte,18084,95652,18.91
sample03023,yes,PBMC,nk_cell,18625,95652,19.47
sample03024,yes,PBMC,b_cell,9448,97642,9.68
sample03024,yes,PBMC,cd4_t_cell,23854,97642,24.43
sample03024,yes,PBMC,cd8_t_cell,22514,97642,23.06
sample03024,yes,PBMC,monocyte,25172,97642,25.78
sample03024,yes,PBMC,nk_cell,16654,97642,17.06
sample03025,yes,PBMC,b_cell,10065,102668,9.8
sample03025,yes,PBMC,cd4_t_cell,38161,102668,37.17
sample03025,yes,PBMC,cd8_t_cell,29367,102668,28.6
sample03025,yes,PBMC,monocyte,13855,102668,13.49
sample03025,yes,PBMC,nk_cell,11220,102668,10.93
sample03026,yes,PBMC,b_cell,4490,91163,4.93
sample03026,yes,PBMC,cd4_t_cell,32189,91163,35.31
sample03026,yes,PBMC,cd8_t_cell,27003,91163,29.62
sample03026,yes,PBMC,monocyte,18011,91163,19.76
sample03026,yes,PBMC,nk_cell,9470,91163,10.39
sample03030,no,PBMC,b_cell,5759,99163,5.81
sample03030,no,PBMC,cd4_t_cell,29559,99163,29.81
sample03030,no,PBMC,cd8_t_cell,33642,99163,33.93
sample03030,no,PBMC,monocyte,16541,99163,16.68
sample03030,no,PBMC,nk_cell,13662,99163,13.78
sample03031,no,PBMC,b_cell,13271,104706,12.67
sample03031,no,PBMC,cd4_t_cell,23854,104706,22.78
sample03031,no,PBMC,cd8_t_cell,32545,104706,31.08
sample03031,no,PBMC,monocyte,22676,104706,21.66
sample03031,no,PBMC,nk_cell,12360,104706,11.8
sample03032,no,PBMC,b_cell,12884,102321,12.59
sample03032,no,PBMC,cd4_t_cell,33512,102321,32.75
sample03032,no,PBMC,cd8_t_cell,34937,102321,34.14
sample03032,no,PBMC,monocyte,14369,102321,14.04
sample03032,no,PBMC,nk_cell,6619,102321,6.47
sample03039,yes,PBMC,b_cell,5848,102122,5.73
sample03039,yes,PBMC,cd4_t_cell,42034,102122,41.16
sample03039,yes,PBMC,cd8_t_cell,28741,102122,28.14
sample03039,yes,PBMC,monocyte,16182,102122,15.85
sample03039,yes,PBMC,nk_cell,9317,102122,9.12
sample03040,yes,PBMC,b_cell,12325,96300,12.8
sample03040,yes,PBMC,cd4_t_cell,33359,96300,34.64
sample03040,yes,PBMC,cd8_t_cell,16693,96300,17.33
sample03040,yes,PBMC,monocyte,25246,96300,26.22
sample03040,yes,PBMC,nk_cell,8677,96300,9.01
sample03041,yes,PBMC,b_cell,7879,106424,7.4
sample03041,yes,PBMC,cd4_t_cell,29540,106424,27.76
sample03041,yes,PBMC,cd8_t_cell,24288,106424,22.82
sample03041,yes,PBMC,monocyte,26582,106424,24.98
sample03041,yes,PBMC,nk_cell,18135,106424,17.04
sample03051,no,PBMC,b_cell,12270,106203,11.55
sample03051,no,PBMC,cd4_t_cell,28334,106203,26.68
sample03051,no,PBMC,cd8_t_cell,29446,106203,27.73
sample03051,no,PBMC,monocyte,17675,106203,16.64
sample03051,no,PBMC,nk_cell,18478,106203,17.4
sample03052,no,PBMC,b_cell,11001,98858,11.13
sample03052,no,PBMC,cd4_t_cell,28969,98858,29.3
sample03052,no,PBMC,cd8_t_cell,23756,98858,24.03
sample03052,no,PBMC,monocyte,20014,98858,20.25
sample03052,no,PBMC,nk_cell,15118,98858,15.29
sample03053,no,PBMC,b_cell,15552,92544,16.8
sample03053,no,PBMC,cd4_t_cell,23984,92544,25.92
sample03053,no,PBMC,cd8_t_cell,22865,92544,24.71
sample03053,no,PBMC,monocyte,16646,92544,17.99
sample03053,no,PBMC,nk_cell,13497,92544,14.58
sample03066,yes,PBMC,b_cell,6813,100939,6.75
sample03066,yes,PBMC,cd4_t_cell,33576,100939,33.26
sample03066,yes,PBMC,cd8_t_cell,26847,100939,26.6
sample03066,yes,PBMC,monocyte,19850,100939,19.67
sample03066,yes,PBMC,nk_cell,13853,100939,13.72
sample03067,yes,PBMC,b_cell,8206,111291,7.37
sample03067,yes,PBMC,cd4_t_cell,45259,111291,40.67
sample03067,yes,PBMC,cd8_t_cell,20751,111291,18.65
sample03067,yes,PBMC,monocyte,18162,111291,16.32
sample03067,yes,PBMC,nk_cell,18913,111291,16.99
sample03068,yes,PBMC,b_cell,8205,103278,7.94
sample03068,yes,PBMC,cd4_t_cell,30854,103278,29.87
sample03068,yes,PBMC,cd8_t_cell,30473,103278,29.51
sample03068,yes,PBMC,monocyte,15891,103278,15.39
sample03068,yes,PBMC,nk_cell,17855,103278,17.29
sample03093,yes,PBMC,b_cell,12099,109414,11.06
sample03093,yes,PBMC,cd4_t_cell,30780,109414,28.13
sample03093,yes,PBMC,cd8_t_cell,30144,109414,27.55
sample03093,yes,PBMC,monocyte,21291,109414,19.46
sample03093,yes,PBMC,nk_cell,15100,109414,13.8
sample03094,yes,PBMC,b_cell,15090,101671,14.84
sample03094,yes,PBMC,cd4_t_cell,32749,101671,32.21
sample03094,yes,PBMC,cd8_t_cell,27734,101671,27.28
sample03094,yes,PBMC,monocyte,15522,101671,15.27
sample03094,yes,PBMC,nk_cell,10576,101671,10.4
sample03095,yes,PBMC,b_cell,5353,107388,4.98
sample03095,yes,PBMC,cd4_t_cell,35815,107388,33.35
sample03095,yes,PBMC,cd8_t_cell,26993,107388,25.14
sample03095,yes,PBMC,monocyte,21538,107388,20.06
sample03095,yes,PBMC,nk_cell,17689,107388,16.47
sample03096,no,PBMC,b_cell,10535,91974,11.45
sample03096,no,PBMC,cd4_t_cell,22997,91974,25.0
sample03096,no,PBMC,cd8_t_cell,27262,91974,29.64
sample03096,no,PBMC,monocyte,22398,91974,24.35
sample03096,no,PBMC,nk_cell,8782,91974,9.55
sample03097,no,PBMC,b_cell,7872,95349,8.26
sample03097,no,PBMC,cd4_t_cell,31818,95349,33.37
sample03097,no,PBMC,cd8_t_cell,25433,95349,26.67
sample03097,no,PBMC,monocyte,19066,95349,20.0
sample03097,no,PBMC,nk_cell,11160,95349,11.7
sample03098,no,PBMC,b_cell,5336,92740,5.75
sample03098,no,PBMC,cd4_t_cell,31326,92740,33.78
sample03098,no,PBMC,cd8_t_cell,18463,92740,19.91
sample03098,no,PBMC,monocyte,15361,92740,16.56
sample03098,no,PBMC,nk_cell,22254,92740,24.0
sample03108,no,PBMC,b_cell,9741,107745,9.04
sample03108,no,PBMC,cd4_t_cell,37636,107745,34.93
sample03108,no,PBMC,cd8_t_cell,22185,107745,20.59
sample03108,no,PBMC,monocyte,22660,107745,21.03
sample03108,no,PBMC,nk_cell,15523,107745,14.41
sample03109,no,PBMC,b_cell,8496,94419,9.0
sample03109,no,PBMC,cd4_t_cell,28233,94419,29.9
sample03109,no,PBMC,cd8_t_cell,29952,94419,31.72
sample03109,no,PBMC,monocyte,17280,94419,18.3
sample03109,no,PBMC,nk_cell,10458,94419,11.08
sample03110,no,PBMC,b_cell,10457,105259,9.93
sample03110,no,PBMC,cd4_t_cell,30476,105259,28.95
sample03110,no,PBMC,cd8_t_cell,28088,105259,26.68
sample03110,no,PBMC,monocyte,20357,105259,19.34
sample03110,no,PBMC,nk_cell,15881,105259,15.09
sample03120,yes,PBMC,b_cell,9542,108504,8.79
sample03120,yes,PBMC,cd4_t_cell,27660,108504,25.49
sample03120,yes,PBMC,cd8_t_cell,35603,108504,32.81
sample03120,yes,PBMC,monocyte,22417,108504,20.66
sample03120,yes,PBMC,nk_cell,13282,108504,12.24
sample03121,yes,PBMC,b_cell,8005,96253,8.32
sample03121,yes,PBMC,cd4_t_cell,27078,96253,28.13
sample03121,yes,PBMC,cd8_t_cell,32948,96253,34.23
sample03121,yes,PBMC,monocyte,19526,96253,20.29
sample03121,yes,PBMC,nk_cell,8696,96253,9.03
sample03122,yes,PBMC,b_cell,10233,110501,9.26
sample03122,yes,PBMC,cd4_t_cell,35347,110501,31.99
sample03122,yes,PBMC,cd8_t_cell,26789,110501,24.24
sample03122,yes,PBMC,monocyte,29216,110501,26.44
sample03122,yes,PBMC,nk_cell,8916,110501,8.07
sample03132,no,PBMC,b_cell,7742,106250,7.29
sample03132,no,PBMC,cd4_t_cell,20019,106250,18.84
sample03132,no,PBMC,cd8_t_cell,32260,106250,30.36
sample03132,no,PBMC,monocyte,25951,106250,24.42
sample03132,no,PBMC,nk_cell,20278,106250,19.09
sample03133,no,PBMC,b_cell,15837,95973,16.5
sample03133,no,PBMC,cd4_t_cell,27410,95973,28.56
sample03133,no,PBMC,cd8_t_cell,24831,95973,25.87
sample03133,no,PBMC,monocyte,16848,95973,17.55
sample03133,no,PBMC,nk_cell,11047,95973,11.51
sample03134,no,PBMC,b_cell,11013,102745,10.72
sample03134,no,PBMC,cd4_t_cell,26480,102745,25.77
sample03134,no,PBMC,cd8_t_cell,26031,102745,25.34
sample03134,no,PBMC,monocyte,17818,102745,17.34
sample03134,no,PBMC,nk_cell,21403,102745,20.83
sample03159,yes,PBMC,b_cell,6306,100156,6.3
sample03159,yes,PBMC,cd4_t_cell,45909,100156,45.84
sample03159,yes,PBMC,cd8_t_cell,21794,100156,21.76
sample03159,yes,PBMC,monocyte,16530,100156,16.5
sample03159,yes,PBMC,nk_cell,9617,100156,9.6
sample03160,yes,PBMC,b_cell,15792,111173,14.2
sample03160,yes,PBMC,cd4_t_cell,32279,111173,29.03
sample03160,yes,PBMC,cd8_t_cell,30908,111173,27.8
sample03160,yes,PBMC,monocyte,16822,111173,15.13
sample03160,yes,PBMC,nk_cell,15372,111173,13.83
sample03161,yes,PBMC,b_cell,8322,99108,8.4
sample03161,yes,PBMC,cd4_t_cell,32633,99108,32.93
sample03161,yes,PBMC,cd8_t_cell,23508,99108,23.72
sample03161,yes,PBMC,monocyte,23425,99108,23.64
sample03161,yes,PBMC,nk_cell,11220,99108,11.32
sample03183,yes,PBMC,b_cell,9002,112003,8.04
sample03183,yes,PBMC,cd4_t_cell,37342,112003,33.34
sample03183,yes,PBMC,cd8_t_cell,27253,112003,24.33
sample03183,yes,PBMC,monocyte,22421,112003,20.02
sample03183,yes,PBMC,nk_cell,15985,112003,14.27
sample03184,yes,PBMC,b_cell,12706,105655,12.03
sample03184,yes,PBMC,cd4_t_cell,29477,105655,27.9
sample03184,yes,PBMC,cd8_t_cell,26093,105655,24.7
sample03184,yes,PBMC,monocyte,22608,105655,21.4
sample03184,yes,PBMC,nk_cell,14771,105655,13.98
sample03185,yes,PBMC,b_cell,16023,99815,16.05
sample03185,yes,PBMC,cd4_t_cell,27992,99815,28.04
sample03185,yes,PBMC,cd8_t_cell,19991,99815,20.03
sample03185,yes,PBMC,monocyte,22690,99815,22.73
sample03185,yes,PBMC,nk_cell,13119,99815,13.14
sample03186,no,PBMC,b_cell,8762,97251,9.01
sample03186,no,PBMC,cd4_t_cell,37324,97251,38.38
sample03186,no,PBMC,cd8_t_cell,24313,97251,25.0
sample03186,no,PBMC,monocyte,17786,97251,18.29
sample03186,no,PBMC,nk_cell,9066,97251,9.32
sample03187,no,PBMC,b_cell,9831,104464,9.41
sample03187,no,PBMC,cd4_t_cell,41028,104464,39.27
sample03187,no,PBMC,cd8_t_cell,24232,104464,23.2
sample03187,no,PBMC,monocyte,17359,104464,16.62
sample03187,no,PBMC,nk_cell,12014,104464,11.5
sample03188,no,PBMC,b_cell,11985,91491,13.1
sample03188,no,PBMC,cd4_t_cell,21896,91491,23.93
sample03188,no,PBMC,cd8_t_cell,23333,91491,25.5
sample03188,no,PBMC,monocyte,21572,91491,23.58
sample03188,no,PBMC,nk_cell,12705,91491,13.89
sample03195,yes,PBMC,b_cell,6758,100362,6.73
sample03195,yes,PBMC,cd4_t_cell,32009,100362,31.89
sample03195,yes,PBMC,cd8_t_cell,24484,100362,24.4
sample03195,yes,PBMC,monocyte,17675,100362,17.61
sample03195,yes,PBMC,nk_cell,19436,100362,19.37
sample03196,yes,PBMC,b_cell,15248,96456,15.81
sample03196,yes,PBMC,cd4_t_cell,23162,96456,24.01
sample03196,yes,PBMC,cd8_t_cell,22314,96456,23.13
sample03196,yes,PBMC,monocyte,28019,96456,29.05
sample03196,yes,PBMC,nk_cell,7713,96456,8.0
sample03197,yes,PBMC,b_cell,5715,94407,6.05
sample03197,yes,PBMC,cd4_t_cell,24599,94407,26.06
sample03197,yes,PBMC,cd8_t_cell,24229,94407,25.66
sample03197,yes,PBMC,monocyte,23323,94407,24.7
sample03197,yes,PBMC,nk_cell,16541,94407,17.52
sample03198,no,PBMC,b_cell,12445,99060,12.56
sample03198,no,PBMC,cd4_t_cell,26941,99060,27.2
sample03198,no,PBMC,cd8_t_cell,19554,99060,19.74
sample03198,no,PBMC,monocyte,27334,99060,27.59
sample03198,no,PBMC,nk_cell,12786,99060,12.91
sample03199,no,PBMC,b_cell,9890,88236,11.21
sample03199,no,PBMC,cd4_t_cell,23319,88236,26.43
sample03199,no,PBMC,cd8_t_cell,26637,88236,30.19
sample03199,no,PBMC,monocyte,14132,88236,16.02
sample03199,no,PBMC,nk_cell,14258,88236,16.16
sample03200,no,PBMC,b_cell,9878,92864,10.64
sample03200,no,PBMC,cd4_t_cell,24880,92864,26.79
sample03200,no,PBMC,cd8_t_cell,24693,92864,26.59
sample03200,no,PBMC,monocyte,20709,92864,22.3
sample03200,no,PBMC,nk_cell,12704,92864,13.68
sample03213,no,PBMC,b_cell,9069,90324,10.04
sample03213,no,PBMC,cd4_t_cell,32153,90324,35.6
sample03213,no,PBMC,cd8_t_cell,18846,90324,20.86
sample03213,no,PBMC,monocyte,13340,90324,14.77
sample03213,no,PBMC,nk_cell,16916,90324,18.73
sample03214,no,PBMC,b_cell,8443,102545,8.23
sample03214,no,PBMC,cd4_t_cell,34759,102545,33.9
sample03214,no,PBMC,cd8_t_cell,23107,102545,22.53
sample03214,no,PBMC,monocyte,16362,102545,15.96
sample03214,no,PBMC,nk_cell,19874,102545,19.38
sample03215,no,PBMC,b_cell,11629,108078,10.76
sample03215,no,PBMC,cd4_t_cell,32028,108078,29.63
sample03215,no,PBMC,cd8_t_cell,26711,108078,24.71
sample03215,no,PBMC,monocyte,19308,108078,17.86
sample03215,no,PBMC,nk_cell,18402,108078,17.03
sample03246,yes,PBMC,b_cell,10118,99252,10.19
sample03246,yes,PBMC,cd4_t_cell,35436,99252,35.7
sample03246,yes,PBMC,cd8_t_cell,28147,99252,28.36
sample03246,yes,PBMC,monocyte,15698,99252,15.82
sample03246,yes,PBMC,nk_cell,9853,99252,9.93
sample03247,yes,PBMC,b_cell,7272,108682,6.69
sample03247,yes,PBMC,cd4_t_cell,27300,108682,25.12
sample03247,yes,PBMC,cd8_t_cell,22029,108682,20.27
sample03247,yes,PBMC,monocyte,31303,108682,28.8
sample03247,yes,PBMC,nk_cell,20778,108682,19.12
sample03248,yes,PBMC,b_cell,5463,93048,5.87
sample03248,yes,PBMC,cd4_t_cell,27307,93048,29.35
sample03248,yes,PBMC,cd8_t_cell,27811,93048,29.89
sample03248,yes,PBMC,monocyte,24885,93048,26.74
sample03248,yes,PBMC,nk_cell,7582,93048,8.15
sample03252,no,PBMC,b_cell,4442,91889,4.83
sample03252,no,PBMC,cd4_t_cell,33044,91889,35.96
sample03252,no,PBMC,cd8_t_cell,17394,91889,18.93
sample03252,no,PBMC,monocyte,15988,91889,17.4
sample03252,no,PBMC,nk_cell,21021,91889,22.88
sample03253,no,PBMC,b_cell,7643,107739,7.09
sample03253,no,PBMC,cd4_t_cell,36234,107739,33.63
sample03253,no,PBMC,cd8_t_cell,25342,107739,23.52
sample03253,no,PBMC,monocyte,21739,107739,20.18
sample03253,no,PBMC,nk_cell,16781,107739,15.58
sample03254,no,PBMC,b_cell,8524,96330,8.85
sample03254,no,PBMC,cd4_t_cell,28803,96330,29.9
sample03254,no,PBMC,cd8_t_cell,28719,96330,29.81
sample03254,no,PBMC,monocyte,19469,96330,20.21
sample03254,no,PBMC,nk_cell,10815,96330,11.23
sample03258,no,PBMC,b_cell,10181,90418,11.26
sample03258,no,PBMC,cd4_t_cell,23207,90418,25.67
sample03258,no,PBMC,cd8_t_cell,28333,90418,31.34
sample03258,no,PBMC,monocyte,17721,90418,19.6
sample03258,no,PBMC,nk_cell,10976,90418,12.14
sample03259,no,PBMC,b_cell,9104,102565,8.88
sample03259,no,PBMC,cd4_t_cell,33185,102565,32.36
sample03259,no,PBMC,cd8_t_cell,24907,102565,24.28
sample03259,no,PBMC,monocyte,20036,102565,19.53
sample03259,no,PBMC,nk_cell,15333,102565,14.95
sample03260,no,PBMC,b_cell,8388,93710,8.95
sample03260,no,PBMC,cd4_t_cell,18277,93710,19.5
sample03260,no,PBMC,cd8_t_cell,28365,93710,30.27
sample03260,no,PBMC,monocyte,25096,93710,26.78
sample03260,no,PBMC,nk_cell,13584,93710,14.5
sample03264,yes,PBMC,b_cell,11866,110609,10.73
sample03264,yes,PBMC,cd4_t_cell,30366,110609,27.45
sample03264,yes,PBMC,cd8_t_cell,15707,110609,14.2
sample03264,yes,PBMC,monocyte,31921,110609,28.86
sample03264,yes,PBMC,nk_cell,20749,110609,18.76
sample03265,yes,PBMC,b_cell,11419,103162,11.07
sample03265,yes,PBMC,cd4_t_cell,37168,103162,36.03
sample03265,yes,PBMC,cd8_t_cell,22998,103162,22.29
sample03265,yes,PBMC,monocyte,11412,103162,11.06
sample03265,yes,PBMC,nk_cell,20165,103162,19.55
sample03266,yes,PBMC,b_cell,12948,101227,12.79
sample03266,yes,PBMC,cd4_t_cell,31150,101227,30.77
sample03266,yes,PBMC,cd8_t_cell,26649,101227,26.33
sample03266,yes,PBMC,monocyte,17852,101227,17.64
sample03266,yes,PBMC,nk_cell,12628,101227,12.47
sample03267,yes,PBMC,b_cell,16439,102753,16.0
sample03267,yes,PBMC,cd4_t_cell,26908,102753,26.19
sample03267,yes,PBMC,cd8_t_cell,25983,102753,25.29
sample03267,yes,PBMC,monocyte,19101,102753,18.59
sample03267,yes,PBMC,nk_cell,14322,102753,13.94
sample03268,yes,PBMC,b_cell,8267,93984,8.8
sample03268,yes,PBMC,cd4_t_cell,26926,93984,28.65
sample03268,yes,PBMC,cd8_t_cell,30720,93984,32.69
sample03268,yes,PBMC,monocyte,15946,93984,16.97
sample03268,yes,PBMC,nk_cell,12125,93984,12.9
sample03269,yes,PBMC,b_cell,10226,105647,9.68
sample03269,yes,PBMC,cd4_t_cell,31493,105647,29.81
sample03269,yes,PBMC,cd8_t_cell,38195,105647,36.15
sample03269,yes,PBMC,monocyte,16315,105647,15.44
sample03269,yes,PBMC,nk_cell,9418,105647,8.91
sample03273,yes,PBMC,b_cell,7561,112483,6.72
sample03273,yes,PBMC,cd4_t_cell,36992,112483,32.89
sample03273,yes,PBMC,cd8_t_cell,26053,112483,23.16
sample03273,yes,PBMC,monocyte,26210,112483,23.3
sample03273,yes,PBMC,nk_cell,15667,112483,13.93
sample03274,yes,PBMC,b_cell,3886,110862,3.51
sample03274,yes,PBMC,cd4_t_cell,34706,110862,31.31
sample03274,yes,PBMC,cd8_t_cell,28634,110862,25.83
sample03274,yes,PBMC,monocyte,31600,110862,28.5
sample03274,yes,PBMC,nk_cell,12036,110862,10.86
sample03275,yes,PBMC,b_cell,15316,95210,16.09
sample03275,yes,PBMC,cd4_t_cell,25853,95210,27.15
sample03275,yes,PBMC,cd8_t_cell,16835,95210,17.68
sample03275,yes,PBMC,monocyte,15995,95210,16.8
sample03275,yes,PBMC,nk_cell,21211,95210,22.28
sample03285,yes,PBMC,b_cell,6256,99379,6.3
sample03285,yes,PBMC,cd4_t_cell,31269,99379,31.46
sample03285,yes,PBMC,cd8_t_cell,19665,99379,19.79
sample03285,yes,PBMC,monocyte,15586,99379,15.68
sample03285,yes,PBMC,nk_cell,26603,99379,26.77
sample03286,yes,PBMC,b_cell,11295,96477,11.71
sample03286,yes,PBMC,cd4_t_cell,27941,96477,28.96
sample03286,yes,PBMC,cd8_t_cell,24711,96477,25.61
sample03286,yes,PBMC,monocyte,20747,96477,21.5
sample03286,yes,PBMC,nk_cell,11783,96477,12.21
sample03287,yes,PBMC,b_cell,19949,108609,18.37
sample03287,yes,PBMC,cd4_t_cell,24232,108609,22.31
sample03287,yes,PBMC,cd8_t_cell,27544,108609,25.36
sample03287,yes,PBMC,monocyte,20585,108609,18.95
sample03287,yes,PBMC,nk_cell,16299,108609,15.01
sample03297,yes,PBMC,b_cell,15654,111772,14.01
sample03297,yes,PBMC,cd4_t_cell,39044,111772,34.93
sample03297,yes,PBMC,cd8_t_cell,28642,111772,25.63
sample03297,yes,PBMC,monocyte,16606,111772,14.86
sample03297,yes,PBMC,nk_cell,11826,111772,10.58
sample03298,yes,PBMC,b_cell,6231,100456,6.2
sample03298,yes,PBMC,cd4_t_cell,26837,100456,26.72
sample03298,yes,PBMC,cd8_t_cell,40034,100456,39.85
sample03298,yes,PBMC,monocyte,19520,100456,19.43
sample03298,yes,PBMC,nk_cell,7834,100456,7.8
sample03299,yes,PBMC,b_cell,10407,109354,9.52
sample03299,yes,PBMC,cd4_t_cell,33378,109354,30.52
sample03299,yes,PBMC,cd8_t_cell,20638,109354,18.87
sample03299,yes,PBMC,monocyte,18578,109354,16.99
sample03299,yes,PBMC,nk_cell,26353,109354,24.1
sample03303,yes,PBMC,b_cell,6934,100668,6.89
sample03303,yes,PBMC,cd4_t_cell,28944,100668,28.75
sample03303,yes,PBMC,cd8_t_cell,23330,100668,23.18
sample03303,yes,PBMC,monocyte,24940,100668,24.77
sample03303,yes,PBMC,nk_cell,16520,100668,16.41
sample03304,yes,PBMC,b_cell,7490,99353,7.54
sample03304,yes,PBMC,cd4_t_cell,31379,99353,31.58
sample03304,yes,PBMC,cd8_t_cell,23801,99353,23.96
sample03304,yes,PBMC,monocyte,25170,99353,25.33
sample03304,yes,PBMC,nk_cell,11513,99353,11.59
sample03305,yes,PBMC,b_cell,12864,106083,12.13
sample03305,yes,PBMC,cd4_t_cell,23939,106083,22.57
sample03305,yes,PBMC,cd8_t_cell,18988,106083,17.9
sample03305,yes,PBMC,monocyte,24206,106083,22.82
sample03305,yes,PBMC,nk_cell,26086,106083,24.59
sample03318,no,PBMC,b_cell,13157,95758,13.74
sample03318,no,PBMC,cd4_t_cell,25983,95758,27.13
sample03318,no,PBMC,cd8_t_cell,25238,95758,26.36
sample03318,no,PBMC,monocyte,13882,95758,14.5
sample03318,no,PBMC,nk_cell,17498,95758,18.27
sample03319,no,PBMC,b_cell,14439,98064,14.72
sample03319,no,PBMC,cd4_t_cell,29098,98064,29.67
sample03319,no,PBMC,cd8_t_cell,16903,98064,17.24
sample03319,no,PBMC,monocyte,25723,98064,26.23
sample03319,no,PBMC,nk_cell,11901,98064,12.14
sample03320,no,PBMC,b_cell,10564,102769,10.28
sample03320,no,PBMC,cd4_t_cell,33683,102769,32.78
sample03320,no,PBMC,cd8_t_cell,30967,102769,30.13
sample03320,no,PBMC,monocyte,17031,102769,16.57
sample03320,no,PBMC,nk_cell,10524,102769,10.24
sample03321,no,PBMC,b_cell,4882,94459,5.17
sample03321,no,PBMC,cd4_t_cell,32268,94459,34.16
sample03321,no,PBMC,cd8_t_cell,20179,94459,21.36
sample03321,no,PBMC,monocyte,13623,94459,14.42
sample03321,no,PBMC,nk_cell,23507,94459,24.89
sample03322,no,PBMC,b_cell,5466,89278,6.12
sample03322,no,PBMC,cd4_t_cell,32313,89278,36.19
sample03322,no,PBMC,cd8_t_cell,19100,89278,21.39
sample03322,no,PBMC,monocyte,17853,89278,20.0
sample03322,no,PBMC,nk_cell,14546,89278,16.29
sample03323,no,PBMC,b_cell,5814,104189,5.58
sample03323,no,PBMC,cd4_t_cell,30511,104189,29.28
sample03323,no,PBMC,cd8_t_cell,24975,104189,23.97
sample03323,no,PBMC,monocyte,29520,104189,28.33
sample03323,no,PBMC,nk_cell,13369,104189,12.83
sample03333,no,PBMC,b_cell,10995,94834,11.59
sample03333,no,PBMC,cd4_t_cell,36418,94834,38.4
sample03333,no,PBMC,cd8_t_cell,20000,94834,21.09
sample03333,no,PBMC,monocyte,16450,94834,17.35
sample03333,no,PBMC,nk_cell,10971,94834,11.57
sample03334,no,PBMC,b_cell,14270,112131,12.73
sample03334,no,PBMC,cd4_t_cell,42023,112131,37.48
sample03334,no,PBMC,cd8_t_cell,17193,112131,15.33
sample03334,no,PBMC,monocyte,17869,112131,15.94
sample03334,no,PBMC,nk_cell,20776,112131,18.53
sample03335,no,PBMC,b_cell,7289,108158,6.74
sample03335,no,PBMC,cd4_t_cell,35795,108158,33.1
sample03335,no,PBMC,cd8_t_cell,23356,108158,21.59
sample03335,no,PBMC,monocyte,27351,108158,25.29
sample03335,no,PBMC,nk_cell,14367,108158,13.28
sample03363,no,PBMC,b_cell,8978,96317,9.32
sample03363,no,PBMC,cd4_t_cell,23909,96317,24.82
sample03363,no,PBMC,cd8_t_cell,22765,96317,23.64
sample03363,no,PBMC,monocyte,16148,96317,16.77
sample03363,no,PBMC,nk_cell,24517,96317,25.45
sample03364,no,PBMC,b_cell,9973,94541,10.55
sample03364,no,PBMC,cd4_t_cell,34100,94541,36.07
sample03364,no,PBMC,cd8_t_cell,28501,94541,30.15
sample03364,no,PBMC,monocyte,15970,94541,16.89
sample03364,no,PBMC,nk_cell,5997,94541,6.34
sample03365,no,PBMC,b_cell,5326,96622,5.51
sample03365,no,PBMC,cd4_t_cell,31804,96622,32.92
sample03365,no,PBMC,cd8_t_cell,28830,96622,29.84
sample03365,no,PBMC,monocyte,18232,96622,18.87
sample03365,no,PBMC,nk_cell,12430,96622,12.86
sample03375,yes,PBMC,b_cell,13590,98832,13.75
sample03375,yes,PBMC,cd4_t_cell,26803,98832,27.12
sample03375,yes,PBMC,cd8_t_cell,21026,98832,21.27
sample03375,yes,PBMC,monocyte,12823,98832,12.97
sample03375,yes,PBMC,nk_cell,24590,98832,24.88
sample03376,yes,PBMC,b_cell,5743,100646,5.71
sample03376,yes,PBMC,cd4_t_cell,27435,100646,27.26
sample03376,yes,PBMC,cd8_t_cell,25045,100646,24.88
sample03376,yes,PBMC,monocyte,20725,100646,20.59
sample03376,yes,PBMC,nk_cell,21698,100646,21.56
sample03377,yes,PBMC,b_cell,8291,101050,8.2
sample03377,yes,PBMC,cd4_t_cell,23844,101050,23.6
sample03377,yes,PBMC,cd8_t_cell,30191,101050,29.88
sample03377,yes,PBMC,monocyte,27764,101050,27.48
sample03377,yes,PBMC,nk_cell,10960,101050,10.85
sample03381,yes,PBMC,b_cell,12592,93872,13.41
sample03381,yes,PBMC,cd4_t_cell,28966,93872,30.86
sample03381,yes,PBMC,cd8_t_cell,21818,93872,23.24
sample03381,yes,PBMC,monocyte,13920,93872,14.83
sample03381,yes,PBMC,nk_cell,16576,93872,17.66
sample03382,yes,PBMC,b_cell,9071,96622,9.39
sample03382,yes,PBMC,cd4_t_cell,23371,96622,24.19
sample03382,yes,PBMC,cd8_t_cell,23798,96622,24.63
sample03382,yes,PBMC,monocyte,20320,96622,21.03
sample03382,yes,PBMC,nk_cell,20062,96622,20.76
sample03383,yes,PBMC,b_cell,11414,107112,10.66
sample03383,yes,PBMC,cd4_t_cell,40526,107112,37.84
sample03383,yes,PBMC,cd8_t_cell,21699,107112,20.26
sample03383,yes,PBMC,monocyte,21680,107112,20.24
sample03383,yes,PBMC,nk_cell,11793,107112,11.01
sample03384,no,PBMC,b_cell,12037,92427,13.02
sample03384,no,PBMC,cd4_t_cell,28126,92427,30.43
sample03384,no,PBMC,cd8_t_cell,26167,92427,28.31
sample03384,no,PBMC,monocyte,13804,92427,14.94
sample03384,no,PBMC,nk_cell,12293,92427,13.3
sample03385,no,PBMC,b_cell,12620,107308,11.76
sample03385,no,PBMC,cd4_t_cell,27406,107308,25.54
sample03385,no,PBMC,cd8_t_cell,22724,107308,21.18
sample03385,no,PBMC,monocyte,32914,107308,30.67
sample03385,no,PBMC,nk_cell,11644,107308,10.85
sample03386,no,PBMC,b_cell,20043,106367,18.84
sample03386,no,PBMC,cd4_t_cell,32874,106367,30.91
sample03386,no,PBMC,cd8_t_cell,23201,106367,21.81
sample03386,no,PBMC,monocyte,14169,106367,13.32
sample03386,no,PBMC,nk_cell,16080,106367,15.12
sample03390,no,PBMC,b_cell,7482,101806,7.35
sample03390,no,PBMC,cd4_t_cell,28500,101806,27.99
sample03390,no,PBMC,cd8_t_cell,24396,101806,23.96
sample03390,no,PBMC,monocyte,21569,101806,21.19
sample03390,no,PBMC,nk_cell,19859,101806,19.51
sample03391,no,PBMC,b_cell,14403,102547,14.05
sample03391,no,PBMC,cd4_t_cell,36568,102547,35.66
sample03391,no,PBMC,cd8_t_cell,18615,102547,18.15
sample03391,no,PBMC,monocyte,19626,102547,19.14
sample03391,no,PBMC,nk_cell,13335,102547,13.0
sample03392,no,PBMC,b_cell,10313,92777,11.12
sample03392,no,PBMC,cd4_t_cell,26931,92777,29.03
sample03392,no,PBMC,cd8_t_cell,18597,92777,20.04
sample03392,no,PBMC,monocyte,21176,92777,22.82
sample03392,no,PBMC,nk_cell,15760,92777,16.99
sample03402,no,PBMC,b_cell,6324,100780,6.28
sample03402,no,PBMC,cd4_t_cell,42311,100780,41.98
sample03402,no,PBMC,cd8_t_cell,22918,100780,22.74
sample03402,no,PBMC,monocyte,13029,100780,12.93
sample03402,no,PBMC,nk_cell,16198,100780,16.07
sample03403,no,PBMC,b_cell,9504,101005,9.41
sample03403,no,PBMC,cd4_t_cell,41346,101005,40.93
sample03403,no,PBMC,cd8_t_cell,21257,101005,21.05
sample03403,no,PBMC,monocyte,18017,101005,17.84
sample03403,no,PBMC,nk_cell,10881,101005,10.77
sample03404,no,PBMC,b_cell,7355,104117,7.06
sample03404,no,PBMC,cd4_t_cell,29405,104117,28.24
sample03404,no,PBMC,cd8_t_cell,27083,104117,26.01
sample03404,no,PBMC,monocyte,19544,104117,18.77
sample03404,no,PBMC,nk_cell,20730,104117,19.91
sample03405,yes,PBMC,b_cell,13293,110869,11.99
sample03405,yes,PBMC,cd4_t_cell,30914,110869,27.88
sample03405,yes,PBMC,cd8_t_cell,32714,110869,29.51
sample03405,yes,PBMC,monocyte,23283,110869,21.0
sample03405,yes,PBMC,nk_cell,10665,110869,9.62
sample03406,yes,PBMC,b_cell,13862,96299,14.39
sample03406,yes,PBMC,cd4_t_cell,27295,96299,28.34
sample03406,yes,PBMC,cd8_t_cell,18300,96299,19.0
sample03406,yes,PBMC,monocyte,22335,96299,23.19
sample03406,yes,PBMC,nk_cell,14507,96299,15.06
sample03407,yes,PBMC,b_cell,11860,105278,11.27
sample03407,yes,PBMC,cd4_t_cell,33504,105278,31.82
sample03407,yes,PBMC,cd8_t_cell,30461,105278,28.93
sample03407,yes,PBMC,monocyte,17213,105278,16.35
sample03407,yes,PBMC,nk_cell,12240,105278,11.63
sample03414,no,PBMC,b_cell,9806,97437,10.06
sample03414,no,PBMC,cd4_t_cell,29964,97437,30.75
sample03414,no,PBMC,cd8_t_cell,25744,97437,26.42
sample03414,no,PBMC,monocyte,17742,97437,18.21
sample03414,no,PBMC,nk_cell,14181,97437,14.55
sample03415,no,PBMC,b_cell,10119,101306,9.99
sample03415,no,PBMC,cd4_t_cell,31618,101306,31.21
sample03415,no,PBMC,cd8_t_cell,23421,101306,23.12
sample03415,no,PBMC,monocyte,21669,101306,21.39
sample03415,no,PBMC,nk_cell,14479,101306,14.29
sample03416,no,PBMC,b_cell,9330,89584,10.41
sample03416,no,PBMC,cd4_t_cell,31123,89584,34.74
sample03416,no,PBMC,cd8_t_cell,19406,89584,21.66
sample03416,no,PBMC,monocyte,19966,89584,22.29
sample03416,no,PBMC,nk_cell,9759,89584,10.89
sample03420,no,PBMC,b_cell,9375,106923,8.77
sample03420,no,PBMC,cd4_t_cell,37529,106923,35.1
sample03420,no,PBMC,cd8_t_cell,27706,106923,25.91
sample03420,no,PBMC,monocyte,23605,106923,22.08
sample03420,no,PBMC,nk_cell,8708,106923,8.14
sample03421,no,PBMC,b_cell,10092,103617,9.74
sample03421,no,PBMC,cd4_t_cell,38543,103617,37.2
sample03421,no,PBMC,cd8_t_cell,17352,103617,16.75
sample03421,no,PBMC,monocyte,17988,103617,17.36
sample03421,no,PBMC,nk_cell,19642,103617,18.96
sample03422,no,PBMC,b_cell,7476,94751,7.89
sample03422,no,PBMC,cd4_t_cell,26560,94751,28.03
sample03422,no,PBMC,cd8_t_cell,20785,94751,21.94
sample03422,no,PBMC,monocyte,20570,94751,21.71
sample03422,no,PBMC,nk_cell,19360,94751,20.43
sample03432,no,PBMC,b_cell,7834,102989,7.61
sample03432,no,PBMC,cd4_t_cell,33865,102989,32.88
sample03432,no,PBMC,cd8_t_cell,25664,102989,24.92
sample03432,no,PBMC,monocyte,17756,102989,17.24
sample03432,no,PBMC,nk_cell,17870,102989,17.35
sample03433,no,PBMC,b_cell,6219,107729,5.77
sample03433,no,PBMC,cd4_t_cell,39407,107729,36.58
sample03433,no,PBMC,cd8_t_cell,27959,107729,25.95
sample03433,no,PBMC,monocyte,17368,107729,16.12
sample03433,no,PBMC,nk_cell,16776,107729,15.57
sample03434,no,PBMC,b_cell,4767,101888,4.68
sample03434,no,PBMC,cd4_t_cell,31287,101888,30.71
sample03434,no,PBMC,cd8_t_cell,29197,101888,28.66
sample03434,no,PBMC,monocyte,22134,101888,21.72
sample03434,no,PBMC,nk_cell,14503,101888,14.23
sample03453,yes,PBMC,b_cell,17890,92222,19.4
sample03453,yes,PBMC,cd4_t_cell,16381,92222,17.76
sample03453,yes,PBMC,cd8_t_cell,21889,92222,23.74
sample03453,yes,PBMC,monocyte,22046,92222,23.91
sample03453,yes,PBMC,nk_cell,14016,92222,15.2
sample03454,yes,PBMC,b_cell,5098,110461,4.62
sample03454,yes,PBMC,cd4_t_cell,37097,110461,33.58
sample03454,yes,PBMC,cd8_t_cell,28601,110461,25.89
sample03454,yes,PBMC,monocyte,27479,110461,24.88
sample03454,yes,PBMC,nk_cell,12186,110461,11.03
sample03455,yes,PBMC,b_cell,12333,104408,11.81
sample03455,yes,PBMC,cd4_t_cell,28192,104408,27.0
sample03455,yes,PBMC,cd8_t_cell,25059,104408,24.0
sample03455,yes,PBMC,monocyte,24040,104408,23.03
sample03455,yes,PBMC,nk_cell,14784,104408,14.16
sample03465,yes,PBMC,b_cell,8093,101506,7.97
sample03465,yes,PBMC,cd4_t_cell,29079,101506,28.65
sample03465,yes,PBMC,cd8_t_cell,31961,101506,31.49
sample03465,yes,PBMC,monocyte,17969,101506,17.7
sample03465,yes,PBMC,nk_cell,14404,101506,14.19
sample03466,yes,PBMC,b_cell,5503,104121,5.29
sample03466,yes,PBMC,cd4_t_cell,32772,104121,31.47
sample03466,yes,PBMC,cd8_t_cell,34587,104121,33.22
sample03466,yes,PBMC,monocyte,12017,104121,11.54
sample03466,yes,PBMC,nk_cell,19242,104121,18.48
sample03467,yes,PBMC,b_cell,13853,106721,12.98
sample03467,yes,PBMC,cd4_t_cell,41865,106721,39.23
sample03467,yes,PBMC,cd8_t_cell,19552,106721,18.32
sample03467,yes,PBMC,monocyte,21053,106721,19.73
sample03467,yes,PBMC,nk_cell,10398,106721,9.74
sample03474,no,PBMC,b_cell,4856,85892,5.65
sample03474,no,PBMC,cd4_t_cell,21555,85892,25.1
sample03474,no,PBMC,cd8_t_cell,25722,85892,29.95
sample03474,no,PBMC,monocyte,22133,85892,25.77
sample03474,no,PBMC,nk_cell,11626,85892,13.54
sample03475,no,PBMC,b_cell,10590,102867,10.29
sample03475,no,PBMC,cd4_t_cell,24998,102867,24.3
sample03475,no,PBMC,cd8_t_cell,21886,102867,21.28
sample03475,no,PBMC,monocyte,27052,102867,26.3
sample03475,no,PBMC,nk_cell,18341,102867,17.83
sample03476,no,PBMC,b_cell,8982,89285,10.06
sample03476,no,PBMC,cd4_t_cell,25133,89285,28.15
sample03476,no,PBMC,cd8_t_cell,28246,89285,31.64
sample03476,no,PBMC,monocyte,15880,89285,17.79
sample03476,no,PBMC,nk_cell,11044,89285,12.37
sample03486,yes,PBMC,b_cell,13392,96558,13.87
sample03486,yes,PBMC,cd4_t_cell,29572,96558,30.63
sample03486,yes,PBMC,cd8_t_cell,22428,96558,23.23
sample03486,yes,PBMC,monocyte,17347,96558,17.97
sample03486,yes,PBMC,nk_cell,13819,96558,14.31
sample03487,yes,PBMC,b_cell,8936,93190,9.59
sample03487,yes,PBMC,cd4_t_cell,29186,93190,31.32
sample03487,yes,PBMC,cd8_t_cell,27550,93190,29.56
sample03487,yes,PBMC,monocyte,13553,93190,14.54
sample03487,yes,PBMC,nk_cell,13965,93190,14.99
sample03488,yes,PBMC,b_cell,7057,93683,7.53
sample03488,yes,PBMC,cd4_t_cell,38024,93683,40.59
sample03488,yes,PBMC,cd8_t_cell,18416,93683,19.66
sample03488,yes,PBMC,monocyte,20224,93683,21.59
sample03488,yes,PBMC,nk_cell,9962,93683,10.63
sample03489,no,PBMC,b_cell,11229,99048,11.34
sample03489,no,PBMC,cd4_t_cell,37416,99048,37.78
sample03489,no,PBMC,cd8_t_cell,18495,99048,18.67
sample03489,no,PBMC,monocyte,17532,99048,17.7
sample03489,no,PBMC,nk_cell,14376,99048,14.51
sample03490,no,PBMC,b_cell,11370,94186,12.07
sample03490,no,PBMC,cd4_t_cell,22696,94186,24.1
sample03490,no,PBMC,cd8_t_cell,30031,94186,31.88
sample03490,no,PBMC,monocyte,16833,94186,17.87
sample03490,no,PBMC,nk_cell,13256,94186,14.07
sample03491,no,PBMC,b_cell,13692,89067,15.37
sample03491,no,PBMC,cd4_t_cell,27839,89067,31.26
sample03491,no,PBMC,cd8_t_cell,23396,89067,26.27
sample03491,no,PBMC,monocyte,17577,89067,19.73
sample03491,no,PBMC,nk_cell,6563,89067,7.37
sample03492,yes,PBMC,b_cell,7028,109345,6.43
sample03492,yes,PBMC,cd4_t_cell,39589,109345,36.21
sample03492,yes,PBMC,cd8_t_cell,28199,109345,25.79
sample03492,yes,PBMC,monocyte,20707,109345,18.94
sample03492,yes,PBMC,nk_cell,13822,109345,12.64
sample03493,yes,PBMC,b_cell,19482,109921,17.72
sample03493,yes,PBMC,cd4_t_cell,23391,109921,21.28
sample03493,yes,PBMC,cd8_t_cell,25057,109921,22.8
sample03493,yes,PBMC,monocyte,26577,109921,24.18
sample03493,yes,PBMC,nk_cell,15414,109921,14.02
sample03494,yes,PBMC,b_cell,12662,111627,11.34
sample03494,yes,PBMC,cd4_t_cell,33969,111627,30.43
sample03494,yes,PBMC,cd8_t_cell,26865,111627,24.07
sample03494,yes,PBMC,monocyte,21901,111627,19.62
sample03494,yes,PBMC,nk_cell,16230,111627,14.54
sample03531,yes,PBMC,b_cell,7797,94026,8.29
sample03531,yes,PBMC,cd4_t_cell,29889,94026,31.79
sample03531,yes,PBMC,cd8_t_cell,20412,94026,21.71
sample03531,yes,PBMC,monocyte,25624,94026,27.25
sample03531,yes,PBMC,nk_cell,10304,94026,10.96
sample03532,yes,PBMC,b_cell,11936,92562,12.9
sample03532,yes,PBMC,cd4_t_cell,21937,92562,23.7
sample03532,yes,PBMC,cd8_t_cell,17756,92562,19.18
sample03532,yes,PBMC,monocyte,16509,92562,17.84
sample03532,yes,PBMC,nk_cell,24424,92562,26.39
sample03533,yes,PBMC,b_cell,16242,102535,15.84
sample03533,yes,PBMC,cd4_t_cell,34671,102535,33.81
sample03533,yes,PBMC,cd8_t_cell,20183,102535,19.68
sample03533,yes,PBMC,monocyte,22215,102535,21.67
sample03533,yes,PBMC,nk_cell,9224,102535,9.0
sample03552,no,PBMC,b_cell,8837,100140,8.82
sample03552,no,PBMC,cd4_t_cell,34471,100140,34.42
sample03552,no,PBMC,cd8_t_cell,23981,100140,23.95
sample03552,no,PBMC,monocyte,16886,100140,16.86
sample03552,no,PBMC,nk_cell,15965,100140,15.94
sample03553,no,PBMC,b_cell,9202,109484,8.4
sample03553,no,PBMC,cd4_t_cell,28713,109484,26.23
sample03553,no,PBMC,cd8_t_cell,30899,109484,28.22
sample03553,no,PBMC,monocyte,23726,109484,21.67
sample03553,no,PBMC,nk_cell,16944,109484,15.48
sample03554,no,PBMC,b_cell,11237,90562,12.41
sample03554,no,PBMC,cd4_t_cell,31974,90562,35.31
sample03554,no,PBMC,cd8_t_cell,15260,90562,16.85
sample03554,no,PBMC,monocyte,19953,90562,22.03
sample03554,no,PBMC,nk_cell,12138,90562,13.4
sample03576,yes,PBMC,b_cell,11486,100605,11.42
sample03576,yes,PBMC,cd4_t_cell,26011,100605,25.85
sample03576,yes,PBMC,cd8_t_cell,22450,100605,22.31
sample03576,yes,PBMC,monocyte,31912,100605,31.72
sample03576,yes,PBMC,nk_cell,8746,100605,8.69
sample03577,yes,PBMC,b_cell,9531,103316,9.23
sample03577,yes,PBMC,cd4_t_cell,39524,103316,38.26
sample03577,yes,PBMC,cd8_t_cell,15835,103316,15.33
sample03577,yes,PBMC,monocyte,28896,103316,27.97
sample03577,yes,PBMC,nk_cell,9530,103316,9.22
sample03578,yes,PBMC,b_cell,8883,92344,9.62
sample03578,yes,PBMC,cd4_t_cell,28291,92344,30.64
sample03578,yes,PBMC,cd8_t_cell,24861,92344,26.92
sample03578,yes,PBMC,monocyte,14158,92344,15.33
sample03578,yes,PBMC,nk_cell,16151,92344,17.49
sample03579,no,PBMC,b_cell,5249,94336,5.56
sample03579,no,PBMC,cd4_t_cell,31895,94336,33.81
sample03579,no,PBMC,cd8_t_cell,31050,94336,32.91
sample03579,no,PBMC,monocyte,13921,94336,14.76
sample03579,no,PBMC,nk_cell,12221,94336,12.95
sample03580,no,PBMC,b_cell,9719,106786,9.1
sample03580,no,PBMC,cd4_t_cell,32352,106786,30.3
sample03580,no,PBMC,cd8_t_cell,31133,106786,29.15
sample03580,no,PBMC,monocyte,18584,106786,17.4
sample03580,no,PBMC,nk_cell,14998,106786,14.04
sample03581,no,PBMC,b_cell,12785,98239,13.01
sample03581,no,PBMC,cd4_t_cell,23115,98239,23.53
sample03581,no,PBMC,cd8_t_cell,25041,98239,25.49
sample03581,no,PBMC,monocyte,19463,98239,19.81
sample03581,no,PBMC,nk_cell,17835,98239,18.15
sample03588,yes,PBMC,b_cell,10133,95193,10.64
sample03588,yes,PBMC,cd4_t_cell,27673,95193,29.07
sample03588,yes,PBMC,cd8_t_cell,23731,95193,24.93
sample03588,yes,PBMC,monocyte,18839,95193,19.79
sample03588,yes,PBMC,nk_cell,14817,95193,15.57
sample03589,yes,PBMC,b_cell,9032,96146,9.39
sample03589,yes,PBMC,cd4_t_cell,20292,96146,21.11
sample03589,yes,PBMC,cd8_t_cell,31219,96146,32.47
sample03589,yes,PBMC,monocyte,22896,96146,23.81
sample03589,yes,PBMC,nk_cell,12707,96146,13.22
sample03590,yes,PBMC,b_cell,6425,100387,6.4
sample03590,yes,PBMC,cd4_t_cell,23730,100387,23.64
sample03590,yes,PBMC,cd8_t_cell,30034,100387,29.92
sample03590,yes,PBMC,monocyte,19367,100387,19.29
sample03590,yes,PBMC,nk_cell,20831,100387,20.75
sample03591,yes,PBMC,b_cell,19451,99409,19.57
sample03591,yes,PBMC,cd4_t_cell,32400,99409,32.59
sample03591,yes,PBMC,cd8_t_cell,17432,99409,17.54
sample03591,yes,PBMC,monocyte,14958,99409,15.05
sample03591,yes,PBMC,nk_cell,15168,99409,15.26
sample03592,yes,PBMC,b_cell,6836,98624,6.93
sample03592,yes,PBMC,cd4_t_cell,28467,98624,28.86
sample03592,yes,PBMC,cd8_t_cell,27532,98624,27.92
sample03592,yes,PBMC,monocyte,26412,98624,26.78
sample03592,yes,PBMC,nk_cell,9377,98624,9.51
sample03593,yes,PBMC,b_cell,7755,92322,8.4
sample03593,yes,PBMC,cd4_t_cell,31463,92322,34.08
sample03593,yes,PBMC,cd8_t_cell,22878,92322,24.78
sample03593,yes,PBMC,monocyte,12848,92322,13.92
sample03593,yes,PBMC,nk_cell,17378,92322,18.82
sample03615,no,PBMC,b_cell,10355,105140,9.85
sample03615,no,PBMC,cd4_t_cell,45271,105140,43.06
sample03615,no,PBMC,cd8_t_cell,22544,105140,21.44
sample03615,no,PBMC,monocyte,13514,105140,12.85
sample03615,no,PBMC,nk_cell,13456,105140,12.8
sample03616,no,PBMC,b_cell,7637,86781,8.8
sample03616,no,PBMC,cd4_t_cell,23603,86781,27.2
sample03616,no,PBMC,cd8_t_cell,21118,86781,24.33
sample03616,no,PBMC,monocyte,20244,86781,23.33
sample03616,no,PBMC,nk_cell,14179,86781,16.34
sample03617,no,PBMC,b_cell,11272,107712,10.46
sample03617,no,PBMC,cd4_t_cell,33028,107712,30.66
sample03617,no,PBMC,cd8_t_cell,22265,107712,20.67
sample03617,no,PBMC,monocyte,27609,107712,25.63
sample03617,no,PBMC,nk_cell,13538,107712,12.57
sample03621,yes,PBMC,b_cell,10810,95262,11.35
sample03621,yes,PBMC,cd4_t_cell,28177,95262,29.58
sample03621,yes,PBMC,cd8_t_cell,19447,95262,20.41
sample03621,yes,PBMC,monocyte,23723,95262,24.9
sample03621,yes,PBMC,nk_cell,13105,95262,13.76
sample03622,yes,PBMC,b_cell,7497,95897,7.82
sample03622,yes,PBMC,cd4_t_cell,25564,95897,26.66
sample03622,yes,PBMC,cd8_t_cell,28143,95897,29.35
sample03622,yes,PBMC,monocyte,21437,95897,22.35
sample03622,yes,PBMC,nk_cell,13256,95897,13.82
sample03623,yes,PBMC,b_cell,14173,108938,13.01
sample03623,yes,PBMC,cd4_t_cell,37998,108938,34.88
sample03623,yes,PBMC,cd8_t_cell,18928,108938,17.38
sample03623,yes,PBMC,monocyte,15392,108938,14.13
sample03623,yes,PBMC,nk_cell,22447,108938,20.61
sample03624,yes,PBMC,b_cell,13644,105323,12.95
sample03624,yes,PBMC,cd4_t_cell,44508,105323,42.26
sample03624,yes,PBMC,cd8_t_cell,17485,105323,16.6
sample03624,yes,PBMC,monocyte,13158,105323,12.49
sample03624,yes,PBMC,nk_cell,16528,105323,15.69
sample03625,yes,PBMC,b_cell,5045,97116,5.19
sample03625,yes,PBMC,cd4_t_cell,29806,97116,30.69
sample03625,yes,PBMC,cd8_t_cell,21629,97116,22.27
sample03625,yes,PBMC,monocyte,26305,97116,27.09
sample03625,yes,PBMC,nk_cell,14331,97116,14.76
sample03626,yes,PBMC,b_cell,12555,110815,11.33
sample03626,yes,PBMC,cd4_t_cell,31993,110815,28.87
sample03626,yes,PBMC,cd8_t_cell,30117,110815,27.18
sample03626,yes,PBMC,monocyte,18767,110815,16.94
sample03626,yes,PBMC,nk_cell,17383,110815,15.69
sample03633,no,PBMC,b_cell,14013,104367,13.43
sample03633,no,PBMC,cd4_t_cell,26976,104367,25.85
sample03633,no,PBMC,cd8_t_cell,24653,104367,23.62
sample03633,no,PBMC,monocyte,21403,104367,20.51
sample03633,no,PBMC,nk_cell,17322,104367,16.6
sample03634,no,PBMC,b_cell,9040,98349,9.19
sample03634,no,PBMC,cd4_t_cell,25172,98349,25.59
sample03634,no,PBMC,cd8_t_cell,26806,98349,27.26
sample03634,no,PBMC,monocyte,26796,98349,27.25
sample03634,no,PBMC,nk_cell,10535,98349,10.71
sample03635,no,PBMC,b_cell,6151,103725,5.93
sample03635,no,PBMC,cd4_t_cell,33974,103725,32.75
sample03635,no,PBMC,cd8_t_cell,21431,103725,20.66
sample03635,no,PBMC,monocyte,23249,103725,22.41
sample03635,no,PBMC,nk_cell,18920,103725,18.24
sample03666,no,PBMC,b_cell,15632,109178,14.32
sample03666,no,PBMC,cd4_t_cell,32061,109178,29.37
sample03666,no,PBMC,cd8_t_cell,28299,109178,25.92
sample03666,no,PBMC,monocyte,22405,109178,20.52
sample03666,no,PBMC,nk_cell,10781,109178,9.87
sample03667,no,PBMC,b_cell,14718,106760,13.79
sample03667,no,PBMC,cd4_t_cell,26151,106760,24.5
sample03667,no,PBMC,cd8_t_cell,29340,106760,27.48
sample03667,no,PBMC,monocyte,21519,106760,20.16
sample03667,no,PBMC,nk_cell,15032,106760,14.08
sample03668,no,PBMC,b_cell,11748,102934,11.41
sample03668,no,PBMC,cd4_t_cell,38545,102934,37.45
sample03668,no,PBMC,cd8_t_cell,23070,102934,22.41
sample03668,no,PBMC,monocyte,14023,102934,13.62
sample03668,no,PBMC,nk_cell,15548,102934,15.1
sample03681,no,PBMC,b_cell,6434,104448,6.16
sample03681,no,PBMC,cd4_t_cell,22926,104448,21.95
sample03681,no,PBMC,cd8_t_cell,35457,104448,33.95
sample03681,no,PBMC,monocyte,25672,104448,24.58
sample03681,no,PBMC,nk_cell,13959,104448,13.36
sample03682,no,PBMC,b_cell,7399,100770,7.34
sample03682,no,PBMC,cd4_t_cell,29379,100770,29.15
sample03682,no,PBMC,cd8_t_cell,19175,100770,19.03
sample03682,no,PBMC,monocyte,23724,100770,23.54
sample03682,no,PBMC,nk_cell,21093,100770,20.93
sample03683,no,PBMC,b_cell,10351,101517,10.2
sample03683,no,PBMC,cd4_t_cell,25246,101517,24.87
sample03683,no,PBMC,cd8_t_cell,26109,101517,25.72
sample03683,no,PBMC,monocyte,23953,101517,23.6
sample03683,no,PBMC,nk_cell,15858,101517,15.62
sample03684,no,PBMC,b_cell,9967,99728,9.99
sample03684,no,PBMC,cd4_t_cell,31690,99728,31.78
sample03684,no,PBMC,cd8_t_cell,25629,99728,25.7
sample03684,no,PBMC,monocyte,17715,99728,17.76
sample03684,no,PBMC,nk_cell,14727,99728,14.77
sample03685,no,PBMC,b_cell,7415,94128,7.88
sample03685,no,PBMC,cd4_t_cell,28251,94128,30.01
sample03685,no,PBMC,cd8_t_cell,22540,94128,23.95
sample03685,no,PBMC,monocyte,15317,94128,16.27
sample03685,no,PBMC,nk_cell,20605,94128,21.89
sample03686,no,PBMC,b_cell,5596,100694,5.56
sample03686,no,PBMC,cd4_t_cell,26437,100694,26.25
sample03686,no,PBMC,cd8_t_cell,36262,100694,36.01
sample03686,no,PBMC,monocyte,15492,100694,15.39
sample03686,no,PBMC,nk_cell,16907,100694,16.79
sample03699,no,PBMC,b_cell,7581,109333,6.93
sample03699,no,PBMC,cd4_t_cell,36186,109333,33.1
sample03699,no,PBMC,cd8_t_cell,34832,109333,31.86
sample03699,no,PBMC,monocyte,17352,109333,15.87
sample03699,no,PBMC,nk_cell,13382,109333,12.24
sample03700,no,PBMC,b_cell,11714,90851,12.89
sample03700,no,PBMC,cd4_t_cell,18925,90851,20.83
sample03700,no,PBMC,cd8_t_cell,29252,90851,32.2
sample03700,no,PBMC,monocyte,20936,90851,23.04
sample03700,no,PBMC,nk_cell,10024,90851,11.03
sample03701,no,PBMC,b_cell,6843,105327,6.5
sample03701,no,PBMC,cd4_t_cell,35103,105327,33.33
sample03701,no,PBMC,cd8_t_cell,22532,105327,21.39
sample03701,no,PBMC,monocyte,24404,105327,23.17
sample03701,no,PBMC,nk_cell,16445,105327,15.61
sample03717,no,PBMC,b_cell,7643,100140,7.63
sample03717,no,PBMC,cd4_t_cell,32817,100140,32.77
sample03717,no,PBMC,cd8_t_cell,25216,100140,25.18
sample03717,no,PBMC,monocyte,20869,100140,20.84
sample03717,no,PBMC,nk_cell,13595,100140,13.58
sample03718,no,PBMC,b_cell,7439,109810,6.77
sample03718,no,PBMC,cd4_t_cell,30540,109810,27.81
sample03718,no,PBMC,cd8_t_cell,26958,109810,24.55
sample03718,no,PBMC,monocyte,22044,109810,20.07
sample03718,no,PBMC,nk_cell,22829,109810,20.79
sample03719,no,PBMC,b_cell,14439,99366,14.53
sample03719,no,PBMC,cd4_t_cell,35332,99366,35.56
sample03719,no,PBMC,cd8_t_cell,22471,99366,22.61
sample03719,no,PBMC,monocyte,17500,99366,17.61
sample03719,no,PBMC,nk_cell,9624,99366,9.69
sample03720,no,PBMC,b_cell,11612,96822,11.99
sample03720,no,PBMC,cd4_t_cell,26500,96822,27.37
sample03720,no,PBMC,cd8_t_cell,25373,96822,26.21
sample03720,no,PBMC,monocyte,17305,96822,17.87
sample03720,no,PBMC,nk_cell,16032,96822,16.56
sample03721,no,PBMC,b_cell,7640,91924,8.31
sample03721,no,PBMC,cd4_t_cell,28953,91924,31.5
sample03721,no,PBMC,cd8_t_cell,25597,91924,27.85
sample03721,no,PBMC,monocyte,14542,91924,15.82
sample03721,no,PBMC,nk_cell,15192,91924,16.53
sample03722,no,PBMC,b_cell,10093,104536,9.66
sample03722,no,PBMC,cd4_t_cell,26663,104536,25.51
sample03722,no,PBMC,cd8_t_cell,32563,104536,31.15
sample03722,no,PBMC,monocyte,24075,104536,23.03
sample03722,no,PBMC,nk_cell,11142,104536,10.66
sample03738,no,PBMC,b_cell,9396,99380,9.45
sample03738,no,PBMC,cd4_t_cell,29047,99380,29.23
sample03738,no,PBMC,cd8_t_cell,30106,99380,30.29
sample03738,no,PBMC,monocyte,16895,99380,17.0
sample03738,no,PBMC,nk_cell,13936,99380,14.02
sample03739,no,PBMC,b_cell,7534,101861,7.4
sample03739,no,PBMC,cd4_t_cell,32339,101861,31.75
sample03739,no,PBMC,cd8_t_cell,21778,101861,21.38
sample03739,no,PBMC,monocyte,23665,101861,23.23
sample03739,no,PBMC,nk_cell,16545,101861,16.24
sample03740,no,PBMC,b_cell,7502,98516,7.62
sample03740,no,PBMC,cd4_t_cell,32936,98516,33.43
sample03740,no,PBMC,cd8_t_cell,24450,98516,24.82
sample03740,no,PBMC,monocyte,21210,98516,21.53
sample03740,no,PBMC,nk_cell,12418,98516,12.61
sample03747,yes,PBMC,b_cell,13483,101150,13.33
sample03747,yes,PBMC,cd4_t_cell,24237,101150,23.96
sample03747,yes,PBMC,cd8_t_cell,30884,101150,30.53
sample03747,yes,PBMC,monocyte,22828,101150,22.57
sample03747,yes,PBMC,nk_cell,9718,101150,9.61
sample03748,yes,PBMC,b_cell,13432,102107,13.15
sample03748,yes,PBMC,cd4_t_cell,34178,102107,33.47
sample03748,yes,PBMC,cd8_t_cell,21289,102107,20.85
sample03748,yes,PBMC,monocyte,21508,102107,21.06
sample03748,yes,PBMC,nk_cell,11700,102107,11.46
sample03749,yes,PBMC,b_cell,10031,101769,9.86
sample03749,yes,PBMC,cd4_t_cell,31942,101769,31.39
sample03749,yes,PBMC,cd8_t_cell,21316,101769,20.95
sample03749,yes,PBMC,monocyte,22418,101769,22.03
sample03749,yes,PBMC,nk_cell,16062,101769,15.78
sample03765,yes,PBMC,b_cell,12877,99275,12.97
sample03765,yes,PBMC,cd4_t_cell,27174,99275,27.37
sample03765,yes,PBMC,cd8_t_cell,28234,99275,28.44
sample03765,yes,PBMC,monocyte,15506,99275,15.62
sample03765,yes,PBMC,nk_cell,15484,99275,15.6
sample03766,yes,PBMC,b_cell,9211,102228,9.01
sample03766,yes,PBMC,cd4_t_cell,29023,102228,28.39
sample03766,yes,PBMC,cd8_t_cell,26056,102228,25.49
sample03766,yes,PBMC,monocyte,21103,102228,20.64
sample03766,yes,PBMC,nk_cell,16835,102228,16.47
sample03767,yes,PBMC,b_cell,8029,107850,7.44
sample03767,yes,PBMC,cd4_t_cell,34436,107850,31.93
sample03767,yes,PBMC,cd8_t_cell,29326,107850,27.19
sample03767,yes,PBMC,monocyte,15515,107850,14.39
sample03767,yes,PBMC,nk_cell,20544,107850,19.05
sample03768,no,PBMC,b_cell,12459,105144,11.85
sample03768,no,PBMC,cd4_t_cell,33959,105144,32.3
sample03768,no,PBMC,cd8_t_cell,28041,105144,26.67
sample03768,no,PBMC,monocyte,11704,105144,11.13
sample03768,no,PBMC,nk_cell,18981,105144,18.05
sample03769,no,PBMC,b_cell,5439,92439,5.88
sample03769,no,PBMC,cd4_t_cell,35520,92439,38.43
sample03769,no,PBMC,cd8_t_cell,22219,92439,24.04
sample03769,no,PBMC,monocyte,20273,92439,21.93
sample03769,no,PBMC,nk_cell,8988,92439,9.72
sample03770,no,PBMC,b_cell,8038,89002,9.03
sample03770,no,PBMC,cd4_t_cell,30980,89002,34.81
sample03770,no,PBMC,cd8_t_cell,25181,89002,28.29
sample03770,no,PBMC,monocyte,15392,89002,17.29
sample03770,no,PBMC,nk_cell,9411,89002,10.57
sample03774,no,PBMC,b_cell,6927,92446,7.49
sample03774,no,PBMC,cd4_t_cell,23716,92446,25.65
sample03774,no,PBMC,cd8_t_cell,22030,92446,23.83
sample03774,no,PBMC,monocyte,16749,92446,18.12
sample03774,no,PBMC,nk_cell,23024,92446,24.91
sample03775,no,PBMC,b_cell,10708,92404,11.59
sample03775,no,PBMC,cd4_t_cell,24994,92404,27.05
sample03775,no,PBMC,cd8_t_cell,17596,92404,19.04
sample03775,no,PBMC,monocyte,17576,92404,19.02
sample03775,no,PBMC,nk_cell,21530,92404,23.3
sample03776,no,PBMC,b_cell,12934,100480,12.87
sample03776,no,PBMC,cd4_t_cell,35338,100480,35.17
sample03776,no,PBMC,cd8_t_cell,24940,100480,24.82
sample03776,no,PBMC,monocyte,16927,100480,16.85
sample03776,no,PBMC,nk_cell,10341,100480,10.29
sample03789,yes,PBMC,b_cell,15934,99716,15.98
sample03789,yes,PBMC,cd4_t_cell,23300,99716,23.37
sample03789,yes,PBMC,cd8_t_cell,27835,99716,27.91
sample03789,yes,PBMC,monocyte,21601,99716,21.66
sample03789,yes,PBMC,nk_cell,11046,99716,11.08
sample03790,yes,PBMC,b_cell,6375,97521,6.54
sample03790,yes,PBMC,cd4_t_cell,23363,97521,23.96
sample03790,yes,PBMC,cd8_t_cell,27470,97521,28.17
sample03790,yes,PBMC,monocyte,24625,97521,25.25
sample03790,yes,PBMC,nk_cell,15688,97521,16.09
sample03791,yes,PBMC,b_cell,12462,110161,11.31
sample03791,yes,PBMC,cd4_t_cell,29105,110161,26.42
sample03791,yes,PBMC,cd8_t_cell,27885,110161,25.31
sample03791,yes,PBMC,monocyte,26628,110161,24.17
sample03791,yes,PBMC,nk_cell,14081,110161,12.78
sample03804,yes,PBMC,b_cell,9660,102491,9.43
sample03804,yes,PBMC,cd4_t_cell,23793,102491,23.21
sample03804,yes,PBMC,cd8_t_cell,23277,102491,22.71
sample03804,yes,PBMC,monocyte,25321,102491,24.71
sample03804,yes,PBMC,nk_cell,20440,102491,19.94
sample03805,yes,PBMC,b_cell,9631,104784,9.19
sample03805,yes,PBMC,cd4_t_cell,28188,104784,26.9
sample03805,yes,PBMC,cd8_t_cell,32378,104784,30.9
sample03805,yes,PBMC,monocyte,18426,104784,17.58
sample03805,yes,PBMC,nk_cell,16161,104784,15.42
sample03806,yes,PBMC,b_cell,8104,97154,8.34
sample03806,yes,PBMC,cd4_t_cell,36761,97154,37.84
sample03806,yes,PBMC,cd8_t_cell,22722,97154,23.39
sample03806,yes,PBMC,monocyte,18737,97154,19.29
sample03806,yes,PBMC,nk_cell,10830,97154,11.15
sample03816,no,PBMC,b_cell,14315,95927,14.92
sample03816,no,PBMC,cd4_t_cell,18892,95927,19.69
sample03816,no,PBMC,cd8_t_cell,21893,95927,22.82
sample03816,no,PBMC,monocyte,20021,95927,20.87
sample03816,no,PBMC,nk_cell,20806,95927,21.69
sample03817,no,PBMC,b_cell,12009,93187,12.89
sample03817,no,PBMC,cd4_t_cell,21359,93187,22.92
sample03817,no,PBMC,cd8_t_cell,21039,93187,22.58
sample03817,no,PBMC,monocyte,24605,93187,26.4
sample03817,no,PBMC,nk_cell,14175,93187,15.21
sample03818,no,PBMC,b_cell,9566,104612,9.14
sample03818,no,PBMC,cd4_t_cell,38608,104612,36.91
sample03818,no,PBMC,cd8_t_cell,26456,104612,25.29
sample03818,no,PBMC,monocyte,17778,104612,16.99
sample03818,no,PBMC,nk_cell,12204,104612,11.67
sample03819,yes,PBMC,b_cell,4123,95384,4.32
sample03819,yes,PBMC,cd4_t_cell,32376,95384,33.94
sample03819,yes,PBMC,cd8_t_cell,24824,95384,26.03
sample03819,yes,PBMC,monocyte,16002,95384,16.78
sample03819,yes,PBMC,nk_cell,18059,95384,18.93
sample03820,yes,PBMC,b_cell,8745,111228,7.86
sample03820,yes,PBMC,cd4_t_cell,30179,111228,27.13
sample03820,yes,PBMC,cd8_t_cell,13636,111228,12.26
sample03820,yes,PBMC,monocyte,30939,111228,27.82
sample03820,yes,PBMC,nk_cell,27729,111228,24.93
sample03821,yes,PBMC,b_cell,7732,104432,7.4
sample03821,yes,PBMC,cd4_t_cell,23866,104432,22.85
sample03821,yes,PBMC,cd8_t_cell,25711,104432,24.62
sample03821,yes,PBMC,monocyte,35184,104432,33.69
sample03821,yes,PBMC,nk_cell,11939,104432,11.43
sample03846,yes,PBMC,b_cell,11349,100230,11.32
sample03846,yes,PBMC,cd4_t_cell,30821,100230,30.75
sample03846,yes,PBMC,cd8_t_cell,28476,100230,28.41
sample03846,yes,PBMC,monocyte,19501,100230,19.46
sample03846,yes,PBMC,nk_cell,10083,100230,10.06
sample03847,yes,PBMC,b_cell,11885,97940,12.13
sample03847,yes,PBMC,cd4_t_cell,28929,97940,29.54
sample03847,yes,PBMC,cd8_t_cell,25396,97940,25.93
sample03847,yes,PBMC,monocyte,16045,97940,16.38
sample03847,yes,PBMC,nk_cell,15685,97940,16.01
sample03848,yes,PBMC,b_cell,10981,109847,10.0
sample03848,yes,PBMC,cd4_t_cell,33906,109847,30.87
sample03848,yes,PBMC,cd8_t_cell,27339,109847,24.89
sample03848,yes,PBMC,monocyte,23102,109847,21.03
sample03848,yes,PBMC,nk_cell,14519,109847,13.22
sample03852,yes,PBMC,b_cell,7888,104555,7.54
sample03852,yes,PBMC,cd4_t_cell,28174,104555,26.95
sample03852,yes,PBMC,cd8_t_cell,27723,104555,26.52
sample03852,yes,PBMC,monocyte,20641,104555,19.74
sample03852,yes,PBMC,nk_cell,20129,104555,19.25
sample03853,yes,PBMC,b_cell,7533,96680,7.79
sample03853,yes,PBMC,cd4_t_cell,20383,96680,21.08
sample03853,yes,PBMC,cd8_t_cell,27444,96680,28.39
sample03853,yes,PBMC,monocyte,18137,96680,18.76
sample03853,yes,PBMC,nk_cell,23183,96680,23.98
sample03854,yes,PBMC,b_cell,6922,96613,7.16
sample03854,yes,PBMC,cd4_t_cell,25008,96613,25.88
sample03854,yes,PBMC,cd8_t_cell,20140,96613,20.85
sample03854,yes,PBMC,monocyte,23468,96613,24.29
sample03854,yes,PBMC,nk_cell,21075,96613,21.81
sample03861,yes,PBMC,b_cell,9091,107496,8.46
sample03861,yes,PBMC,cd4_t_cell,36373,107496,33.84
sample03861,yes,PBMC,cd8_t_cell,35701,107496,33.21
sample03861,yes,PBMC,monocyte,15394,107496,14.32
sample03861,yes,PBMC,nk_cell,10937,107496,10.17
sample03862,yes,PBMC,b_cell,15742,105428,14.93
sample03862,yes,PBMC,cd4_t_cell,34854,105428,33.06
sample03862,yes,PBMC,cd8_t_cell,21857,105428,20.73
sample03862,yes,PBMC,monocyte,17269,105428,16.38
sample03862,yes,PBMC,nk_cell,15706,105428,14.9
sample03863,yes,PBMC,b_cell,7048,95804,7.36
sample03863,yes,PBMC,cd4_t_cell,27413,95804,28.61
sample03863,yes,PBMC,cd8_t_cell,33371,95804,34.83
sample03863,yes,PBMC,monocyte,20177,95804,21.06
sample03863,yes,PBMC,nk_cell,7795,95804,8.14
sample03885,yes,PBMC,b_cell,13347,96267,13.86
sample03885,yes,PBMC,cd4_t_cell,25730,96267,26.73
sample03885,yes,PBMC,cd8_t_cell,19666,96267,20.43
sample03885,yes,PBMC,monocyte,21818,96267,22.66
sample03885,yes,PBMC,nk_cell,15706,96267,16.32
sample03886,yes,PBMC,b_cell,13817,99420,13.9
sample03886,yes,PBMC,cd4_t_cell,25271,99420,25.42
sample03886,yes,PBMC,cd8_t_cell,29286,99420,29.46
sample03886,yes,PBMC,monocyte,19442,99420,19.56
sample03886,yes,PBMC,nk_cell,11604,99420,11.67
sample03887,yes,PBMC,b_cell,10634,93930,11.32
sample03887,yes,PBMC,cd4_t_cell,33793,93930,35.98
sample03887,yes,PBMC,cd8_t_cell,24742,93930,26.34
sample03887,yes,PBMC,monocyte,12871,93930,13.7
sample03887,yes,PBMC,nk_cell,11890,93930,12.66
sample03891,no,PBMC,b_cell,10141,97613,10.39
sample03891,no,PBMC,cd4_t_cell,34196,97613,35.03
sample03891,no,PBMC,cd8_t_cell,26166,97613,26.81
sample03891,no,PBMC,monocyte,12139,97613,12.44
sample03891,no,PBMC,nk_cell,14971,97613,15.34
sample03892,no,PBMC,b_cell,7227,105690,6.84
sample03892,no,PBMC,cd4_t_cell,34074,105690,32.24
sample03892,no,PBMC,cd8_t_cell,19387,105690,18.34
sample03892,no,PBMC,monocyte,33487,105690,31.68
sample03892,no,PBMC,nk_cell,11515,105690,10.9
sample03893,no,PBMC,b_cell,12366,89473,13.82
sample03893,no,PBMC,cd4_t_cell,27463,89473,30.69
sample03893,no,PBMC,cd8_t_cell,21835,89473,24.4
sample03893,no,PBMC,monocyte,13358,89473,14.93
sample03893,no,PBMC,nk_cell,14451,89473,16.15
sample03936,yes,PBMC,b_cell,16830,94088,17.89
sample03936,yes,PBMC,cd4_t_cell,30768,94088,32.7
sample03936,yes,PBMC,cd8_t_cell,18144,94088,19.28
sample03936,yes,PBMC,monocyte,9607,94088,10.21
sample03936,yes,PBMC,nk_cell,18739,94088,19.92
sample03937,yes,PBMC,b_cell,10397,114634,9.07
sample03937,yes,PBMC,cd4_t_cell,32076,114634,27.98
sample03937,yes,PBMC,cd8_t_cell,25248,114634,22.02
sample03937,yes,PBMC,monocyte,27137,114634,23.67
sample03937,yes,PBMC,nk_cell,19776,114634,17.25
sample03938,yes,PBMC,b_cell,12959,98992,13.09
sample03938,yes,PBMC,cd4_t_cell,37376,98992,37.76
sample03938,yes,PBMC,cd8_t_cell,26114,98992,26.38
sample03938,yes,PBMC,monocyte,14253,98992,14.4
sample03938,yes,PBMC,nk_cell,8290,98992,8.37
sample03939,no,PBMC,b_cell,7433,102721,7.24
sample03939,no,PBMC,cd4_t_cell,33427,102721,32.54
sample03939,no,PBMC,cd8_t_cell,22413,102721,21.82
sample03939,no,PBMC,monocyte,27653,102721,26.92
sample03939,no,PBMC,nk_cell,11795,102721,11.48
sample03940,no,PBMC,b_cell,7113,90148,7.89
sample03940,no,PBMC,cd4_t_cell,25085,90148,27.83
sample03940,no,PBMC,cd8_t_cell,19419,90148,21.54
sample03940,no,PBMC,monocyte,20948,90148,23.24
sample03940,no,PBMC,nk_cell,17583,90148,19.5
sample03941,no,PBMC,b_cell,11612,93507,12.42
sample03941,no,PBMC,cd4_t_cell,28467,93507,30.44
sample03941,no,PBMC,cd8_t_cell,22295,93507,23.84
sample03941,no,PBMC,monocyte,14081,93507,15.06
sample03941,no,PBMC,nk_cell,17052,93507,18.24
sample03942,yes,PBMC,b_cell,11006,106061,10.38
sample03942,yes,PBMC,cd4_t_cell,23495,106061,22.15
sample03942,yes,PBMC,cd8_t_cell,36383,106061,34.3
sample03942,yes,PBMC,monocyte,23819,106061,22.46
sample03942,yes,PBMC,nk_cell,11358,106061,10.71
sample03943,yes,PBMC,b_cell,8718,107899,8.08
sample03943,yes,PBMC,cd4_t_cell,34209,107899,31.7
sample03943,yes,PBMC,cd8_t_cell,29295,107899,27.15
sample03943,yes,PBMC,monocyte,19317,107899,17.9
sample03943,yes,PBMC,nk_cell,16360,107899,15.16
sample03944,yes,PBMC,b_cell,8233,113114,7.28
sample03944,yes,PBMC,cd4_t_cell,24873,113114,21.99
sample03944,yes,PBMC,cd8_t_cell,25561,113114,22.6
sample03944,yes,PBMC,monocyte,34723,113114,30.7
sample03944,yes,PBMC,nk_cell,19724,113114,17.44
sample03951,yes,PBMC,b_cell,14652,113880,12.87
sample03951,yes,PBMC,cd4_t_cell,35986,113880,31.6
sample03951,yes,PBMC,cd8_t_cell,22596,113880,19.84
sample03951,yes,PBMC,monocyte,19190,113880,16.85
sample03951,yes,PBMC,nk_cell,21456,113880,18.84
sample03952,yes,PBMC,b_cell,13948,95617,14.59
sample03952,yes,PBMC,cd4_t_cell,26924,95617,28.16
sample03952,yes,PBMC,cd8_t_cell,27915,95617,29.19
sample03952,yes,PBMC,monocyte,17784,95617,18.6
sample03952,yes,PBMC,nk_cell,9046,95617,9.46
sample03953,yes,PBMC,b_cell,6340,91762,6.91
sample03953,yes,PBMC,cd4_t_cell,28677,91762,31.25
sample03953,yes,PBMC,cd8_t_cell,21005,91762,22.89
sample03953,yes,PBMC,monocyte,23266,91762,25.35
sample03953,yes,PBMC,nk_cell,12474,91762,13.59
sample03963,yes,PBMC,b_cell,7377,98638,7.48
sample03963,yes,PBMC,cd4_t_cell,33453,98638,33.91
sample03963,yes,PBMC,cd8_t_cell,22800,98638,23.11
sample03963,yes,PBMC,monocyte,18066,98638,18.32
sample03963,yes,PBMC,nk_cell,16942,98638,17.18
sample03964,yes,PBMC,b_cell,11831,107120,11.04
sample03964,yes,PBMC,cd4_t_cell,35214,107120,32.87
sample03964,yes,PBMC,cd8_t_cell,25877,107120,24.16
sample03964,yes,PBMC,monocyte,20036,107120,18.7
sample03964,yes,PBMC,nk_cell,14162,107120,13.22
sample03965,yes,PBMC,b_cell,7859,108858,7.22
sample03965,yes,PBMC,cd4_t_cell,23488,108858,21.58
sample03965,yes,PBMC,cd8_t_cell,25640,108858,23.55
sample03965,yes,PBMC,monocyte,35436,108858,32.55
sample03965,yes,PBMC,nk_cell,16435,108858,15.1
sample03972,no,PBMC,b_cell,11872,98388,12.07
sample03972,no,PBMC,cd4_t_cell,34357,98388,34.92
sample03972,no,PBMC,cd8_t_cell,15516,98388,15.77
sample03972,no,PBMC,monocyte,25427,98388,25.84
sample03972,no,PBMC,nk_cell,11216,98388,11.4
sample03973,no,PBMC,b_cell,10771,99843,10.79
sample03973,no,PBMC,cd4_t_cell,29094,99843,29.14
sample03973,no,PBMC,cd8_t_cell,19862,99843,19.89
sample03973,no,PBMC,monocyte,20589,99843,20.62
sample03973,no,PBMC,nk_cell,19527,99843,19.56
sample03974,no,PBMC,b_cell,4001,107136,3.73
sample03974,no,PBMC,cd4_t_cell,44435,107136,41.48
sample03974,no,PBMC,cd8_t_cell,16678,107136,15.57
sample03974,no,PBMC,monocyte,19917,107136,18.59
sample03974,no,PBMC,nk_cell,22105,107136,20.63
sample03981,yes,PBMC,b_cell,8449,92704,9.11
sample03981,yes,PBMC,cd4_t_cell,26136,92704,28.19
sample03981,yes,PBMC,cd8_t_cell,24574,92704,26.51
sample03981,yes,PBMC,monocyte,18322,92704,19.76
sample03981,yes,PBMC,nk_cell,15223,92704,16.42
sample03982,yes,PBMC,b_cell,12323,111070,11.09
sample03982,yes,PBMC,cd4_t_cell,32129,111070,28.93
sample03982,yes,PBMC,cd8_t_cell,33033,111070,29.74
sample03982,yes,PBMC,monocyte,18147,111070,16.34
sample03982,yes,PBMC,nk_cell,15438,111070,13.9
sample03983,yes,PBMC,b_cell,6900,104813,6.58
sample03983,yes,PBMC,cd4_t_cell,36601,104813,34.92
sample03983,yes,PBMC,cd8_t_cell,23724,104813,22.63
sample03983,yes,PBMC,monocyte,17411,104813,16.61
sample03983,yes,PBMC,nk_cell,20177,104813,19.25
sample04014,yes,PBMC,b_cell,8141,109698,7.42
sample04014,yes,PBMC,cd4_t_cell,29069,109698,26.5
sample04014,yes,PBMC,cd8_t_cell,41967,109698,38.26
sample04014,yes,PBMC,monocyte,15380,109698,14.02
sample04014,yes,PBMC,nk_cell,15141,109698,13.8
sample04015,yes,PBMC,b_cell,8903,100823,8.83
sample04015,yes,PBMC,cd4_t_cell,26532,100823,26.32
sample04015,yes,PBMC,cd8_t_cell,25837,100823,25.63
sample04015,yes,PBMC,monocyte,23585,100823,23.39
sample04015,yes,PBMC,nk_cell,15966,100823,15.84
sample04016,yes,PBMC,b_cell,18124,111287,16.29
sample04016,yes,PBMC,cd4_t_cell,27433,111287,24.65
sample04016,yes,PBMC,cd8_t_cell,34161,111287,30.7
sample04016,yes,PBMC,monocyte,10310,111287,9.26
sample04016,yes,PBMC,nk_cell,21259,111287,19.1
sample04035,yes,PBMC,b_cell,6399,109953,5.82
sample04035,yes,PBMC,cd4_t_cell,21019,109953,19.12
sample04035,yes,PBMC,cd8_t_cell,43319,109953,39.4
sample04035,yes,PBMC,monocyte,25495,109953,23.19
sample04035,yes,PBMC,nk_cell,13721,109953,12.48
sample04036,yes,PBMC,b_cell,13282,104305,12.73
sample04036,yes,PBMC,cd4_t_cell,31593,104305,30.29
sample04036,yes,PBMC,cd8_t_cell,24920,104305,23.89
sample04036,yes,PBMC,monocyte,15314,104305,14.68
sample04036,yes,PBMC,nk_cell,19196,104305,18.4
sample04037,yes,PBMC,b_cell,13721,95425,14.38
sample04037,yes,PBMC,cd4_t_cell,30628,95425,32.1
sample04037,yes,PBMC,cd8_t_cell,21680,95425,22.72
sample04037,yes,PBMC,monocyte,14898,95425,15.61
sample04037,yes,PBMC,nk_cell,14498,95425,15.19
sample04047,yes,PBMC,b_cell,7712,106037,7.27
sample04047,yes,PBMC,cd4_t_cell,25905,106037,24.43
sample04047,yes,PBMC,cd8_t_cell,25873,106037,24.4
sample04047,yes,PBMC,monocyte,26102,106037,24.62
sample04047,yes,PBMC,nk_cell,20445,106037,19.28
sample04048,yes,PBMC,b_cell,5169,98959,5.22
sample04048,yes,PBMC,cd4_t_cell,33545,98959,33.9
sample04048,yes,PBMC,cd8_t_cell,29748,98959,30.06
sample04048,yes,PBMC,monocyte,20117,98959,20.33
sample04048,yes,PBMC,nk_cell,10380,98959,10.49
sample04049,yes,PBMC,b_cell,9418,95378,9.87
sample04049,yes,PBMC,cd4_t_cell,30667,95378,32.15
sample04049,yes,PBMC,cd8_t_cell,27058,95378,28.37
sample04049,yes,PBMC,monocyte,16041,95378,16.82
sample04049,yes,PBMC,nk_cell,12194,95378,12.78
sample04062,no,PBMC,b_cell,6565,106367,6.17
sample04062,no,PBMC,cd4_t_cell,34226,106367,32.18
sample04062,no,PBMC,cd8_t_cell,21720,106367,20.42
sample04062,no,PBMC,monocyte,26687,106367,25.09
sample04062,no,PBMC,nk_cell,17169,106367,16.14
sample04063,no,PBMC,b_cell,18247,99320,18.37
sample04063,no,PBMC,cd4_t_cell,28893,99320,29.09
sample04063,no,PBMC,cd8_t_cell,19051,99320,19.18
sample04063,no,PBMC,monocyte,18868,99320,19.0
sample04063,no,PBMC,nk_cell,14261,99320,14.36
sample04064,no,PBMC,b_cell,8677,90827,9.55
sample04064,no,PBMC,cd4_t_cell,33173,90827,36.52
sample04064,no,PBMC,cd8_t_cell,19139,90827,21.07
sample04064,no,PBMC,monocyte,15279,90827,16.82
sample04064,no,PBMC,nk_cell,14559,90827,16.03
sample04068,yes,PBMC,b_cell,9747,93367,10.44
sample04068,yes,PBMC,cd4_t_cell,26597,93367,28.49
sample04068,yes,PBMC,cd8_t_cell,21491,93367,23.02
sample04068,yes,PBMC,monocyte,20499,93367,21.96
sample04068,yes,PBMC,nk_cell,15033,93367,16.1
sample04069,yes,PBMC,b_cell,9083,91511,9.93
sample04069,yes,PBMC,cd4_t_cell,31065,91511,33.95
sample04069,yes,PBMC,cd8_t_cell,26892,91511,29.39
sample04069,yes,PBMC,monocyte,15360,91511,16.78
sample04069,yes,PBMC,nk_cell,9111,91511,9.96
sample04070,yes,PBMC,b_cell,15906,103842,15.32
sample04070,yes,PBMC,cd4_t_cell,31862,103842,30.68
sample04070,yes,PBMC,cd8_t_cell,28972,103842,27.9
sample04070,yes,PBMC,monocyte,17995,103842,17.33
sample04070,yes,PBMC,nk_cell,9107,103842,8.77
sample04074,no,PBMC,b_cell,11438,107019,10.69
sample04074,no,PBMC,cd4_t_cell,26662,107019,24.91
sample04074,no,PBMC,cd8_t_cell,31928,107019,29.83
sample04074,no,PBMC,monocyte,15756,107019,14.72
sample04074,no,PBMC,nk_cell,21235,107019,19.84
sample04075,no,PBMC,b_cell,12865,97286,13.22
sample04075,no,PBMC,cd4_t_cell,34691,97286,35.66
sample04075,no,PBMC,cd8_t_cell,18256,97286,18.77
sample04075,no,PBMC,monocyte,16989,97286,17.46
sample04075,no,PBMC,nk_cell,14485,97286,14.89
sample04076,no,PBMC,b_cell,11420,101344,11.27
sample04076,no,PBMC,cd4_t_cell,20963,101344,20.68
sample04076,no,PBMC,cd8_t_cell,29135,101344,28.75
sample04076,no,PBMC,monocyte,20916,101344,20.64
sample04076,no,PBMC,nk_cell,18910,101344,18.66
sample04095,no,PBMC,b_cell,10500,95659,10.98
sample04095,no,PBMC,cd4_t_cell,31688,95659,33.13
sample04095,no,PBMC,cd8_t_cell,21018,95659,21.97
sample04095,no,PBMC,monocyte,19018,95659,19.88
sample04095,no,PBMC,nk_cell,13435,95659,14.04
sample04096,no,PBMC,b_cell,9659,107377,9.0
sample04096,no,PBMC,cd4_t_cell,29199,107377,27.19
sample04096,no,PBMC,cd8_t_cell,29515,107377,27.49
sample04096,no,PBMC,monocyte,23891,107377,22.25
sample04096,no,PBMC,nk_cell,15113,107377,14.07
sample04097,no,PBMC,b_cell,18946,108545,17.45
sample04097,no,PBMC,cd4_t_cell,27979,108545,25.78
sample04097,no,PBMC,cd8_t_cell,21768,108545,20.05
sample04097,no,PBMC,monocyte,25712,108545,23.69
sample04097,no,PBMC,nk_cell,14140,108545,13.03
sample04128,yes,PBMC,b_cell,17169,100689,17.05
sample04128,yes,PBMC,cd4_t_cell,24888,100689,24.72
sample04128,yes,PBMC,cd8_t_cell,26579,100689,26.4
sample04128,yes,PBMC,monocyte,18839,100689,18.71
sample04128,yes,PBMC,nk_cell,13214,100689,13.12
sample04129,yes,PBMC,b_cell,7591,101874,7.45
sample04129,yes,PBMC,cd4_t_cell,38295,101874,37.59
sample04129,yes,PBMC,cd8_t_cell,25398,101874,24.93
sample04129,yes,PBMC,monocyte,19666,101874,19.3
sample04129,yes,PBMC,nk_cell,10924,101874,10.72
sample04130,yes,PBMC,b_cell,7250,98134,7.39
sample04130,yes,PBMC,cd4_t_cell,25919,98134,26.41
sample04130,yes,PBMC,cd8_t_cell,25870,98134,26.36
sample04130,yes,PBMC,monocyte,21782,98134,22.2
sample04130,yes,PBMC,nk_cell,17313,98134,17.64
sample04134,no,PBMC,b_cell,9464,105105,9.0
sample04134,no,PBMC,cd4_t_cell,30780,105105,29.29
sample04134,no,PBMC,cd8_t_cell,26325,105105,25.05
sample04134,no,PBMC,monocyte,25898,105105,24.64
sample04134,no,PBMC,nk_cell,12638,105105,12.02
sample04135,no,PBMC,b_cell,15719,88790,17.7
sample04135,no,PBMC,cd4_t_cell,28890,88790,32.54
sample04135,no,PBMC,cd8_t_cell,23727,88790,26.72
sample04135,no,PBMC,monocyte,12540,88790,14.12
sample04135,no,PBMC,nk_cell,7914,88790,8.91
sample04136,no,PBMC,b_cell,13873,88915,15.6
sample04136,no,PBMC,cd4_t_cell,22546,88915,25.36
sample04136,no,PBMC,cd8_t_cell,18955,88915,21.32
sample04136,no,PBMC,monocyte,19736,88915,22.2
sample04136,no,PBMC,nk_cell,13805,88915,15.53
sample04143,no,PBMC,b_cell,11191,93555,11.96
sample04143,no,PBMC,cd4_t_cell,27762,93555,29.67
sample04143,no,PBMC,cd8_t_cell,21402,93555,22.88
sample04143,no,PBMC,monocyte,20380,93555,21.78
sample04143,no,PBMC,nk_cell,12820,93555,13.7
sample04144,no,PBMC,b_cell,9731,92629,10.51
sample04144,no,PBMC,cd4_t_cell,28422,92629,30.68
sample04144,no,PBMC,cd8_t_cell,21761,92629,23.49
sample04144,no,PBMC,monocyte,14322,92629,15.46
sample04144,no,PBMC,nk_cell,18393,92629,19.86
sample04145,no,PBMC,b_cell,11543,101485,11.37
sample04145,no,PBMC,cd4_t_cell,23122,101485,22.78
sample04145,no,PBMC,cd8_t_cell,24676,101485,24.31
sample04145,no,PBMC,monocyte,20351,101485,20.05
sample04145,no,PBMC,nk_cell,21793,101485,21.47
sample04155,yes,PBMC,b_cell,14103,99812,14.13
sample04155,yes,PBMC,cd4_t_cell,27199,99812,27.25
sample04155,yes,PBMC,cd8_t_cell,27166,99812,27.22
sample04155,yes,PBMC,monocyte,16304,99812,16.33
sample04155,yes,PBMC,nk_cell,15040,99812,15.07
sample04156,yes,PBMC,b_cell,13356,98431,13.57
sample04156,yes,PBMC,cd4_t_cell,30247,98431,30.73
sample04156,yes,PBMC,cd8_t_cell,21727,98431,22.07
sample04156,yes,PBMC,monocyte,17562,98431,17.84
sample04156,yes,PBMC,nk_cell,15539,98431,15.79
sample04157,yes,PBMC,b_cell,9465,100599,9.41
sample04157,yes,PBMC,cd4_t_cell,26473,100599,26.32
sample04157,yes,PBMC,cd8_t_cell,31767,100599,31.58
sample04157,yes,PBMC,monocyte,21582,100599,21.45
sample04157,yes,PBMC,nk_cell,11312,100599,11.24
sample04170,yes,PBMC,b_cell,9270,91576,10.12
sample04170,yes,PBMC,cd4_t_cell,24712,91576,26.99
sample04170,yes,PBMC,cd8_t_cell,31921,91576,34.86
sample04170,yes,PBMC,monocyte,15169,91576,16.56
sample04170,yes,PBMC,nk_cell,10504,91576,11.47
sample04171,yes,PBMC,b_cell,13067,108758,12.01
sample04171,yes,PBMC,cd4_t_cell,37971,108758,34.91
sample04171,yes,PBMC,cd8_t_cell,22509,108758,20.7
sample04171,yes,PBMC,monocyte,24530,108758,22.55
sample04171,yes,PBMC,nk_cell,10681,108758,9.82
sample04172,yes,PBMC,b_cell,7609,92925,8.19
sample04172,yes,PBMC,cd4_t_cell,25339,92925,27.27
sample04172,yes,PBMC,cd8_t_cell,24818,92925,26.71
sample04172,yes,PBMC,monocyte,17179,92925,18.49
sample04172,yes,PBMC,nk_cell,17980,92925,19.35
sample04173,yes,PBMC,b_cell,9990,109234,9.15
sample04173,yes,PBMC,cd4_t_cell,33097,109234,30.3
sample04173,yes,PBMC,cd8_t_cell,24640,109234,22.56
sample04173,yes,PBMC,monocyte,31988,109234,29.28
sample04173,yes,PBMC,nk_cell,9519,109234,8.71
sample04174,yes,PBMC,b_cell,13760,101514,13.55
sample04174,yes,PBMC,cd4_t_cell,26485,101514,26.09
sample04174,yes,PBMC,cd8_t_cell,22216,101514,21.88
sample04174,yes,PBMC,monocyte,28359,101514,27.94
sample04174,yes,PBMC,nk_cell,10694,101514,10.53
sample04175,yes,PBMC,b_cell,8108,97702,8.3
sample04175,yes,PBMC,cd4_t_cell,35815,97702,36.66
sample04175,yes,PBMC,cd8_t_cell,20427,97702,20.91
sample04175,yes,PBMC,monocyte,19850,97702,20.32
sample04175,yes,PBMC,nk_cell,13502,97702,13.82
sample04182,no,PBMC,b_cell,6711,92478,7.26
sample04182,no,PBMC,cd4_t_cell,29859,92478,32.29
sample04182,no,PBMC,cd8_t_cell,21232,92478,22.96
sample04182,no,PBMC,monocyte,20559,92478,22.23
sample04182,no,PBMC,nk_cell,14117,92478,15.27
sample04183,no,PBMC,b_cell,9692,89786,10.79
sample04183,no,PBMC,cd4_t_cell,25038,89786,27.89
sample04183,no,PBMC,cd8_t_cell,21006,89786,23.4
sample04183,no,PBMC,monocyte,17419,89786,19.4
sample04183,no,PBMC,nk_cell,16631,89786,18.52
sample04184,no,PBMC,b_cell,14109,92900,15.19
sample04184,no,PBMC,cd4_t_cell,32427,92900,34.91
sample04184,no,PBMC,cd8_t_cell,22774,92900,24.51
sample04184,no,PBMC,monocyte,14449,92900,15.55
sample04184,no,PBMC,nk_cell,9141,92900,9.84
sample04188,yes,PBMC,b_cell,11927,106532,11.2
sample04188,yes,PBMC,cd4_t_cell,29648,106532,27.83
sample04188,yes,PBMC,cd8_t_cell,29349,106532,27.55
sample04188,yes,PBMC,monocyte,18899,106532,17.74
sample04188,yes,PBMC,nk_cell,16709,106532,15.68
sample04189,yes,PBMC,b_cell,4319,97436,4.43
sample04189,yes,PBMC,cd4_t_cell,29026,97436,29.79
sample04189,yes,PBMC,cd8_t_cell,30333,97436,31.13
sample04189,yes,PBMC,monocyte,23149,97436,23.76
sample04189,yes,PBMC,nk_cell,10609,97436,10.89
sample04190,yes,PBMC,b_cell,8140,92747,8.78
sample04190,yes,PBMC,cd4_t_cell,27736,92747,29.91
sample04190,yes,PBMC,cd8_t_cell,17500,92747,18.87
sample04190,yes,PBMC,monocyte,25601,92747,27.6
sample04190,yes,PBMC,nk_cell,13770,92747,14.85
sample04191,no,PBMC,b_cell,11989,107726,11.13
sample04191,no,PBMC,cd4_t_cell,41172,107726,38.22
sample04191,no,PBMC,cd8_t_cell,24172,107726,22.44
sample04191,no,PBMC,monocyte,14242,107726,13.22
sample04191,no,PBMC,nk_cell,16151,107726,14.99
sample04192,no,PBMC,b_cell,10444,94596,11.04
sample04192,no,PBMC,cd4_t_cell,20966,94596,22.16
sample04192,no,PBMC,cd8_t_cell,23237,94596,24.56
sample04192,no,PBMC,monocyte,19797,94596,20.93
sample04192,no,PBMC,nk_cell,20152,94596,21.3
sample04193,no,PBMC,b_cell,10894,94420,11.54
sample04193,no,PBMC,cd4_t_cell,26140,94420,27.68
sample04193,no,PBMC,cd8_t_cell,28776,94420,30.48
sample04193,no,PBMC,monocyte,15401,94420,16.31
sample04193,no,PBMC,nk_cell,13209,94420,13.99
sample04200,no,PBMC,b_cell,9186,93506,9.82
sample04200,no,PBMC,cd4_t_cell,32906,93506,35.19
sample04200,no,PBMC,cd8_t_cell,22603,93506,24.17
sample04200,no,PBMC,monocyte,21118,93506,22.58
sample04200,no,PBMC,nk_cell,7693,93506,8.23
sample04201,no,PBMC,b_cell,7463,102540,7.28
sample04201,no,PBMC,cd4_t_cell,38115,102540,37.17
sample04201,no,PBMC,cd8_t_cell,25040,102540,24.42
sample04201,no,PBMC,monocyte,19557,102540,19.07
sample04201,no,PBMC,nk_cell,12365,102540,12.06
sample04202,no,PBMC,b_cell,7918,99751,7.94
sample04202,no,PBMC,cd4_t_cell,31375,99751,31.45
sample04202,no,PBMC,cd8_t_cell,29483,99751,29.56
sample04202,no,PBMC,monocyte,12566,99751,12.6
sample04202,no,PBMC,nk_cell,18409,99751,18.45
sample04203,yes,PBMC,b_cell,11687,100195,11.66
sample04203,yes,PBMC,cd4_t_cell,24869,100195,24.82
sample04203,yes,PBMC,cd8_t_cell,18857,100195,18.82
sample04203,yes,PBMC,monocyte,20565,100195,20.52
sample04203,yes,PBMC,nk_cell,24217,100195,24.17
sample04204,yes,PBMC,b_cell,8723,103405,8.44
sample04204,yes,PBMC,cd4_t_cell,29659,103405,28.68
sample04204,yes,PBMC,cd8_t_cell,37178,103405,35.95
sample04204,yes,PBMC,monocyte,19431,103405,18.79
sample04204,yes,PBMC,nk_cell,8414,103405,8.14
sample04205,yes,PBMC,b_cell,9889,111662,8.86
sample04205,yes,PBMC,cd4_t_cell,31249,111662,27.99
sample04205,yes,PBMC,cd8_t_cell,23640,111662,21.17
sample04205,yes,PBMC,monocyte,21667,111662,19.4
sample04205,yes,PBMC,nk_cell,25217,111662,22.58
sample04206,no,PBMC,b_cell,11805,100917,11.7
sample04206,no,PBMC,cd4_t_cell,30690,100917,30.41
sample04206,no,PBMC,cd8_t_cell,18955,100917,18.78
sample04206,no,PBMC,monocyte,22701,100917,22.49
sample04206,no,PBMC,nk_cell,16766,100917,16.61
sample04207,no,PBMC,b_cell,8678,94247,9.21
sample04207,no,PBMC,cd4_t_cell,22512,94247,23.89
sample04207,no,PBMC,cd8_t_cell,25860,94247,27.44
sample04207,no,PBMC,monocyte,20748,94247,22.01
sample04207,no,PBMC,nk_cell,16449,94247,17.45
sample04208,no,PBMC,b_cell,11527,98206,11.74
sample04208,no,PBMC,cd4_t_cell,28951,98206,29.48
sample04208,no,PBMC,cd8_t_cell,30063,98206,30.61
sample04208,no,PBMC,monocyte,15213,98206,15.49
sample04208,no,PBMC,nk_cell,12452,98206,12.68
sample04209,no,PBMC,b_cell,10423,99267,10.5
sample04209,no,PBMC,cd4_t_cell,18715,99267,18.85
sample04209,no,PBMC,cd8_t_cell,29305,99267,29.52
sample04209,no,PBMC,monocyte,24192,99267,24.37
sample04209,no,PBMC,nk_cell,16632,99267,16.75
sample04210,no,PBMC,b_cell,8232,91876,8.96
sample04210,no,PBMC,cd4_t_cell,27194,91876,29.6
sample04210,no,PBMC,cd8_t_cell,29583,91876,32.2
sample04210,no,PBMC,monocyte,16597,91876,18.06
sample04210,no,PBMC,nk_cell,10270,91876,11.18
sample04211,no,PBMC,b_cell,11651,98625,11.81
sample04211,no,PBMC,cd4_t_cell,23147,98625,23.47
sample04211,no,PBMC,cd8_t_cell,22245,98625,22.56
sample04211,no,PBMC,monocyte,21520,98625,21.82
sample04211,no,PBMC,nk_cell,20062,98625,20.34
sample04224,yes,PBMC,b_cell,10432,92946,11.22
sample04224,yes,PBMC,cd4_t_cell,29807,92946,32.07
sample04224,yes,PBMC,cd8_t_cell,20485,92946,22.04
sample04224,yes,PBMC,monocyte,20037,92946,21.56
sample04224,yes,PBMC,nk_cell,12185,92946,13.11
sample04225,yes,PBMC,b_cell,11506,111672,10.3
sample04225,yes,PBMC,cd4_t_cell,33560,111672,30.05
sample04225,yes,PBMC,cd8_t_cell,31192,111672,27.93
sample04225,yes,PBMC,monocyte,19958,111672,17.87
sample04225,yes,PBMC,nk_cell,15456,111672,13.84
sample04226,yes,PBMC,b_cell,6181,101870,6.07
sample04226,yes,PBMC,cd4_t_cell,22198,101870,21.79
sample04226,yes,PBMC,cd8_t_cell,36647,101870,35.97
sample04226,yes,PBMC,monocyte,19634,101870,19.27
sample04226,yes,PBMC,nk_cell,17210,101870,16.89
sample04266,yes,PBMC,b_cell,23812,94810,25.12
sample04266,yes,PBMC,cd4_t_cell,22496,94810,23.73
sample04266,yes,PBMC,cd8_t_cell,20716,94810,21.85
sample04266,yes,PBMC,monocyte,18659,94810,19.68
sample04266,yes,PBMC,nk_cell,9127,94810,9.63
sample04267,yes,PBMC,b_cell,6948,93457,7.43
sample04267,yes,PBMC,cd4_t_cell,22245,93457,23.8
sample04267,yes,PBMC,cd8_t_cell,27955,93457,29.91
sample04267,yes,PBMC,monocyte,21315,93457,22.81
sample04267,yes,PBMC,nk_cell,14994,93457,16.04
sample04268,yes,PBMC,b_cell,8586,108632,7.9
sample04268,yes,PBMC,cd4_t_cell,31722,108632,29.2
sample04268,yes,PBMC,cd8_t_cell,21774,108632,20.04
sample04268,yes,PBMC,monocyte,25612,108632,23.58
sample04268,yes,PBMC,nk_cell,20938,108632,19.27
sample04278,no,PBMC,b_cell,10648,108453,9.82
sample04278,no,PBMC,cd4_t_cell,36619,108453,33.76
sample04278,no,PBMC,cd8_t_cell,24903,108453,22.96
sample04278,no,PBMC,monocyte,22976,108453,21.19
sample04278,no,PBMC,nk_cell,13307,108453,12.27
sample04279,no,PBMC,b_cell,11372,96342,11.8
sample04279,no,PBMC,cd4_t_cell,26887,96342,27.91
sample04279,no,PBMC,cd8_t_cell,24803,96342,25.74
sample04279,no,PBMC,monocyte,17557,96342,18.22
sample04279,no,PBMC,nk_cell,15723,96342,16.32
sample04280,no,PBMC,b_cell,11727,99292,11.81
sample04280,no,PBMC,cd4_t_cell,28150,99292,28.35
sample04280,no,PBMC,cd8_t_cell,23296,99292,23.46
sample04280,no,PBMC,monocyte,23157,99292,23.32
sample04280,no,PBMC,nk_cell,12962,99292,13.05
sample04284,yes,PBMC,b_cell,9860,99569,9.9
sample04284,yes,PBMC,cd4_t_cell,19977,99569,20.06
sample04284,yes,PBMC,cd8_t_cell,33919,99569,34.07
sample04284,yes,PBMC,monocyte,17018,99569,17.09
sample04284,yes,PBMC,nk_cell,18795,99569,18.88
sample04285,yes,PBMC,b_cell,10556,95740,11.03
sample04285,yes,PBMC,cd4_t_cell,27981,95740,29.23
sample04285,yes,PBMC,cd8_t_cell,28526,95740,29.8
sample04285,yes,PBMC,monocyte,14825,95740,15.48
sample04285,yes,PBMC,nk_cell,13852,95740,14.47
sample04286,yes,PBMC,b_cell,5740,108621,5.28
sample04286,yes,PBMC,cd4_t_cell,20933,108621,19.27
sample04286,yes,PBMC,cd8_t_cell,30925,108621,28.47
sample04286,yes,PBMC,monocyte,37033,108621,34.09
sample04286,yes,PBMC,nk_cell,13990,108621,12.88
sample04293,yes,PBMC,b_cell,8080,99311,8.14
sample04293,yes,PBMC,cd4_t_cell,17080,99311,17.2
sample04293,yes,PBMC,cd8_t_cell,22958,99311,23.12
sample04293,yes,PBMC,monocyte,28720,99311,28.92
sample04293,yes,PBMC,nk_cell,22473,99311,22.63
sample04294,yes,PBMC,b_cell,8367,106115,7.88
sample04294,yes,PBMC,cd4_t_cell,38161,106115,35.96
sample04294,yes,PBMC,cd8_t_cell,24232,106115,22.84
sample04294,yes,PBMC,monocyte,22870,106115,21.55
sample04294,yes,PBMC,nk_cell,12485,106115,11.77
sample04295,yes,PBMC,b_cell,12612,105510,11.95
sample04295,yes,PBMC,cd4_t_cell,25021,105510,23.71
sample04295,yes,PBMC,cd8_t_cell,27302,105510,25.88
sample04295,yes,PBMC,monocyte,23752,105510,22.51
sample04295,yes,PBMC,nk_cell,16823,105510,15.94
sample04296,yes,PBMC,b_cell,10715,102827,10.42
sample04296,yes,PBMC,cd4_t_cell,22877,102827,22.25
sample04296,yes,PBMC,cd8_t_cell,30459,102827,29.62
sample04296,yes,PBMC,monocyte,16392,102827,15.94
sample04296,yes,PBMC,nk_cell,22384,102827,21.77
sample04297,yes,PBMC,b_cell,9320,100012,9.32
sample04297,yes,PBMC,cd4_t_cell,32378,100012,32.37
sample04297,yes,PBMC,cd8_t_cell,12494,100012,12.49
sample04297,yes,PBMC,monocyte,27126,100012,27.12
sample04297,yes,PBMC,nk_cell,18694,100012,18.69
sample04298,yes,PBMC,b_cell,16908,108568,15.57
sample04298,yes,PBMC,cd4_t_cell,38294,108568,35.27
sample04298,yes,PBMC,cd8_t_cell,22576,108568,20.79
sample04298,yes,PBMC,monocyte,17371,108568,16.0
sample04298,yes,PBMC,nk_cell,13419,108568,12.36
sample04302,yes,PBMC,b_cell,10020,106587,9.4
sample04302,yes,PBMC,cd4_t_cell,41105,106587,38.56
sample04302,yes,PBMC,cd8_t_cell,22542,106587,21.15
sample04302,yes,PBMC,monocyte,20897,106587,19.61
sample04302,yes,PBMC,nk_cell,12023,106587,11.28
sample04303,yes,PBMC,b_cell,6985,109237,6.39
sample04303,yes,PBMC,cd4_t_cell,34873,109237,31.92
sample04303,yes,PBMC,cd8_t_cell,28493,109237,26.08
sample04303,yes,PBMC,monocyte,20249,109237,18.54
sample04303,yes,PBMC,nk_cell,18637,109237,17.06
sample04304,yes,PBMC,b_cell,7032,98648,7.13
sample04304,yes,PBMC,cd4_t_cell,39568,98648,40.11
sample04304,yes,PBMC,cd8_t_cell,23314,98648,23.63
sample04304,yes,PBMC,monocyte,15448,98648,15.66
sample04304,yes,PBMC,nk_cell,13286,98648,13.47
sample04308,no,PBMC,b_cell,7383,90602,8.15
sample04308,no,PBMC,cd4_t_cell,20556,90602,22.69
sample04308,no,PBMC,cd8_t_cell,21980,90602,24.26
sample04308,no,PBMC,monocyte,21351,90602,23.57
sample04308,no,PBMC,nk_cell,19332,90602,21.34
sample04309,no,PBMC,b_cell,14202,107469,13.21
sample04309,no,PBMC,cd4_t_cell,21564,107469,20.07
sample04309,no,PBMC,cd8_t_cell,32207,107469,29.97
sample04309,no,PBMC,monocyte,19675,107469,18.31
sample04309,no,PBMC,nk_cell,19821,107469,18.44
sample04310,no,PBMC,b_cell,14441,97721,14.78
sample04310,no,PBMC,cd4_t_cell,35026,97721,35.84
sample04310,no,PBMC,cd8_t_cell,16474,97721,16.86
sample04310,no,PBMC,monocyte,18212,97721,18.64
sample04310,no,PBMC,nk_cell,13568,97721,13.88
sample04338,no,PBMC,b_cell,13287,101281,13.12
sample04338,no,PBMC,cd4_t_cell,29275,101281,28.9
sample04338,no,PBMC,cd8_t_cell,27346,101281,27.0
sample04338,no,PBMC,monocyte,20880,101281,20.62
sample04338,no,PBMC,nk_cell,10493,101281,10.36
sample04339,no,PBMC,b_cell,9421,98623,9.55
sample04339,no,PBMC,cd4_t_cell,21058,98623,21.35
sample04339,no,PBMC,cd8_t_cell,25860,98623,26.22
sample04339,no,PBMC,monocyte,20717,98623,21.01
sample04339,no,PBMC,nk_cell,21567,98623,21.87
sample04340,no,PBMC,b_cell,8805,93171,9.45
sample04340,no,PBMC,cd4_t_cell,27790,93171,29.83
sample04340,no,PBMC,cd8_t_cell,26378,93171,28.31
sample04340,no,PBMC,monocyte,16197,93171,17.38
sample04340,no,PBMC,nk_cell,14001,93171,15.03
sample04347,yes,PBMC,b_cell,10129,98892,10.24
sample04347,yes,PBMC,cd4_t_cell,31115,98892,31.46
sample04347,yes,PBMC,cd8_t_cell,23925,98892,24.19
sample04347,yes,PBMC,monocyte,18017,98892,18.22
sample04347,yes,PBMC,nk_cell,15706,98892,15.88
sample04348,yes,PBMC,b_cell,19702,109764,17.95
sample04348,yes,PBMC,cd4_t_cell,33813,109764,30.81
sample04348,yes,PBMC,cd8_t_cell,22940,109764,20.9
sample04348,yes,PBMC,monocyte,21539,109764,19.62
sample04348,yes,PBMC,nk_cell,11770,109764,10.72
sample04349,yes,PBMC,b_cell,12648,96741,13.07
sample04349,yes,PBMC,cd4_t_cell,28276,96741,29.23
sample04349,yes,PBMC,cd8_t_cell,17667,96741,18.26
sample04349,yes,PBMC,monocyte,25429,96741,26.29
sample04349,yes,PBMC,nk_cell,12721,96741,13.15
sample04368,yes,PBMC,b_cell,9882,105129,9.4
sample04368,yes,PBMC,cd4_t_cell,23986,105129,22.82
sample04368,yes,PBMC,cd8_t_cell,21796,105129,20.73
sample04368,yes,PBMC,monocyte,36416,105129,34.64
sample04368,yes,PBMC,nk_cell,13049,105129,12.41
sample04369,yes,PBMC,b_cell,9764,100102,9.75
sample04369,yes,PBMC,cd4_t_cell,25928,100102,25.9
sample04369,yes,PBMC,cd8_t_cell,28305,100102,28.28
sample04369,yes,PBMC,monocyte,24888,100102,24.86
sample04369,yes,PBMC,nk_cell,11217,100102,11.21
sample04370,yes,PBMC,b_cell,13599,99005,13.74
sample04370,yes,PBMC,cd4_t_cell,36811,99005,37.18
sample04370,yes,PBMC,cd8_t_cell,27431,99005,27.71
sample04370,yes,PBMC,monocyte,14814,99005,14.96
sample04370,yes,PBMC,nk_cell,6350,99005,6.41
sample04377,yes,PBMC,b_cell,16739,106749,15.68
sample04377,yes,PBMC,cd4_t_cell,25869,106749,24.23
sample04377,yes,PBMC,cd8_t_cell,29284,106749,27.43
sample04377,yes,PBMC,monocyte,22725,106749,21.29
sample04377,yes,PBMC,nk_cell,12132,106749,11.36
sample04378,yes,PBMC,b_cell,8354,106225,7.86
sample04378,yes,PBMC,cd4_t_cell,30162,106225,28.39
sample04378,yes,PBMC,cd8_t_cell,22785,106225,21.45
sample04378,yes,PBMC,monocyte,25803,106225,24.29
sample04378,yes,PBMC,nk_cell,19121,106225,18.0
sample04379,yes,PBMC,b_cell,11004,92605,11.88
sample04379,yes,PBMC,cd4_t_cell,31725,92605,34.26
sample04379,yes,PBMC,cd8_t_cell,16956,92605,18.31
sample04379,yes,PBMC,monocyte,23172,92605,25.02
sample04379,yes,PBMC,nk_cell,9748,92605,10.53
sample04419,no,PBMC,b_cell,8934,95058,9.4
sample04419,no,PBMC,cd4_t_cell,23150,95058,24.35
sample04419,no,PBMC,cd8_t_cell,23146,95058,24.35
sample04419,no,PBMC,monocyte,24975,95058,26.27
sample04419,no,PBMC,nk_cell,14853,95058,15.63
sample04420,no,PBMC,b_cell,11722,106926,10.96
sample04420,no,PBMC,cd4_t_cell,28081,106926,26.26
sample04420,no,PBMC,cd8_t_cell,30572,106926,28.59
sample04420,no,PBMC,monocyte,14430,106926,13.5
sample04420,no,PBMC,nk_cell,22121,106926,20.69
sample04421,no,PBMC,b_cell,8821,91067,9.69
sample04421,no,PBMC,cd4_t_cell,33257,91067,36.52
sample04421,no,PBMC,cd8_t_cell,20176,91067,22.16
sample04421,no,PBMC,monocyte,14061,91067,15.44
sample04421,no,PBMC,nk_cell,14752,91067,16.2
sample04428,no,PBMC,b_cell,9508,95446,9.96
sample04428,no,PBMC,cd4_t_cell,27285,95446,28.59
sample04428,no,PBMC,cd8_t_cell,30276,95446,31.72
sample04428,no,PBMC,monocyte,16342,95446,17.12
sample04428,no,PBMC,nk_cell,12035,95446,12.61
sample04429,no,PBMC,b_cell,6350,104527,6.07
sample04429,no,PBMC,cd4_t_cell,34252,104527,32.77
sample04429,no,PBMC,cd8_t_cell,26624,104527,25.47
sample04429,no,PBMC,monocyte,22572,104527,21.59
sample04429,no,PBMC,nk_cell,14729,104527,14.09
sample04430,no,PBMC,b_cell,11253,89691,12.55
sample04430,no,PBMC,cd4_t_cell,27675,89691,30.86
sample04430,no,PBMC,cd8_t_cell,21165,89691,23.6
sample04430,no,PBMC,monocyte,20167,89691,22.48
sample04430,no,PBMC,nk_cell,9431,89691,10.51
sample04434,yes,PBMC,b_cell,6779,93222,7.27
sample04434,yes,PBMC,cd4_t_cell,37214,93222,39.92
sample04434,yes,PBMC,cd8_t_cell,27482,93222,29.48
sample04434,yes,PBMC,monocyte,13290,93222,14.26
sample04434,yes,PBMC,nk_cell,8457,93222,9.07
sample04435,yes,PBMC,b_cell,5372,92131,5.83
sample04435,yes,PBMC,cd4_t_cell,34535,92131,37.48
sample04435,yes,PBMC,cd8_t_cell,20320,92131,22.06
sample04435,yes,PBMC,monocyte,19140,92131,20.77
sample04435,yes,PBMC,nk_cell,12764,92131,13.85
sample04436,yes,PBMC,b_cell,3423,107254,3.19
sample04436,yes,PBMC,cd4_t_cell,23063,107254,21.5
sample04436,yes,PBMC,cd8_t_cell,25611,107254,23.88
sample04436,yes,PBMC,monocyte,35064,107254,32.69
sample04436,yes,PBMC,nk_cell,20093,107254,18.73
sample04449,no,PBMC,b_cell,4988,91892,5.43
sample04449,no,PBMC,cd4_t_cell,24358,91892,26.51
sample04449,no,PBMC,cd8_t_cell,29057,91892,31.62
sample04449,no,PBMC,monocyte,16056,91892,17.47
sample04449,no,PBMC,nk_cell,17433,91892,18.97
sample04450,no,PBMC,b_cell,9545,91422,10.44
sample04450,no,PBMC,cd4_t_cell,31750,91422,34.73
sample04450,no,PBMC,cd8_t_cell,17254,91422,18.87
sample04450,no,PBMC,monocyte,23852,91422,26.09
sample04450,no,PBMC,nk_cell,9021,91422,9.87
sample04451,no,PBMC,b_cell,16414,105296,15.59
sample04451,no,PBMC,cd4_t_cell,33040,105296,31.38
sample04451,no,PBMC,cd8_t_cell,19921,105296,18.92
sample04451,no,PBMC,monocyte,14999,105296,14.24
sample04451,no,PBMC,nk_cell,20922,105296,19.87
sample04461,yes,PBMC,b_cell,18282,107057,17.08
sample04461,yes,PBMC,cd4_t_cell,23428,107057,21.88
sample04461,yes,PBMC,cd8_t_cell,22440,107057,20.96
sample04461,yes,PBMC,monocyte,32520,107057,30.38
sample04461,yes,PBMC,nk_cell,10387,107057,9.7
sample04462,yes,PBMC,b_cell,7883,102811,7.67
sample04462,yes,PBMC,cd4_t_cell,36543,102811,35.54
sample04462,yes,PBMC,cd8_t_cell,16414,102811,15.97
sample04462,yes,PBMC,monocyte,22265,102811,21.66
sample04462,yes,PBMC,nk_cell,19706,102811,19.17
sample04463,yes,PBMC,b_cell,8567,103405,8.28
sample04463,yes,PBMC,cd4_t_cell,29258,103405,28.29
sample04463,yes,PBMC,cd8_t_cell,35648,103405,34.47
sample04463,yes,PBMC,monocyte,15328,103405,14.82
sample04463,yes,PBMC,nk_cell,14604,103405,14.12
sample04491,yes,PBMC,b_cell,9774,100843,9.69
sample04491,yes,PBMC,cd4_t_cell,31258,100843,31.0
sample04491,yes,PBMC,cd8_t_cell,24891,100843,24.68
sample04491,yes,PBMC,monocyte,17055,100843,16.91
sample04491,yes,PBMC,nk_cell,17865,100843,17.72
sample04492,yes,PBMC,b_cell,15673,104323,15.02
sample04492,yes,PBMC,cd4_t_cell,26189,104323,25.1
sample04492,yes,PBMC,cd8_t_cell,30108,104323,28.86
sample04492,yes,PBMC,monocyte,21028,104323,20.16
sample04492,yes,PBMC,nk_cell,11325,104323,10.86
sample04493,yes,PBMC,b_cell,12084,94992,12.72
sample04493,yes,PBMC,cd4_t_cell,32803,94992,34.53
sample04493,yes,PBMC,cd8_t_cell,21418,94992,22.55
sample04493,yes,PBMC,monocyte,13188,94992,13.88
sample04493,yes,PBMC,nk_cell,15499,94992,16.32
sample07503,no,PBMC,b_cell,6370,94421,6.75
sample07503,no,PBMC,cd4_t_cell,27233,94421,28.84
sample07503,no,PBMC,cd8_t_cell,24275,94421,25.71
sample07503,no,PBMC,monocyte,19683,94421,20.85
sample07503,no,PBMC,nk_cell,16860,94421,17.86
sample07504,no,PBMC,b_cell,8649,96051,9.0
sample07504,no,PBMC,cd4_t_cell,28995,96051,30.19
sample07504,no,PBMC,cd8_t_cell,22655,96051,23.59
sample07504,no,PBMC,monocyte,15405,96051,16.04
sample07504,no,PBMC,nk_cell,20347,96051,21.18
sample07505,no,PBMC,b_cell,6955,103364,6.73
sample07505,no,PBMC,cd4_t_cell,46789,103364,45.27
sample07505,no,PBMC,cd8_t_cell,17274,103364,16.71
sample07505,no,PBMC,monocyte,17414,103364,16.85
sample07505,no,PBMC,nk_cell,14932,103364,14.45
sample07506,yes,PBMC,b_cell,8964,110719,8.1
sample07506,yes,PBMC,cd4_t_cell,43831,110719,39.59
sample07506,yes,PBMC,cd8_t_cell,26253,110719,23.71
sample07506,yes,PBMC,monocyte,17421,110719,15.73
sample07506,yes,PBMC,nk_cell,14250,110719,12.87
sample07507,yes,PBMC,b_cell,13715,107946,12.71
sample07507,yes,PBMC,cd4_t_cell,16917,107946,15.67
sample07507,yes,PBMC,cd8_t_cell,28301,107946,26.22
sample07507,yes,PBMC,monocyte,28671,107946,26.56
sample07507,yes,PBMC,nk_cell,20342,107946,18.84
sample07508,yes,PBMC,b_cell,17593,101838,17.28
sample07508,yes,PBMC,cd4_t_cell,32215,101838,31.63
sample07508,yes,PBMC,cd8_t_cell,28234,101838,27.72
sample07508,yes,PBMC,monocyte,15105,101838,14.83
sample07508,yes,PBMC,nk_cell,8691,101838,8.53
sample07515,no,PBMC,b_cell,8730,106161,8.22
sample07515,no,PBMC,cd4_t_cell,27210,106161,25.63
sample07515,no,PBMC,cd8_t_cell,34039,106161,32.06
sample07515,no,PBMC,monocyte,20374,106161,19.19
sample07515,no,PBMC,nk_cell,15808,106161,14.89
sample07516,no,PBMC,b_cell,10922,105587,10.34
sample07516,no,PBMC,cd4_t_cell,28129,105587,26.64
sample07516,no,PBMC,cd8_t_cell,25361,105587,24.02
sample07516,no,PBMC,monocyte,20954,105587,19.85
sample07516,no,PBMC,nk_cell,20221,105587,19.15
sample07517,no,PBMC,b_cell,8127,101396,8.02
sample07517,no,PBMC,cd4_t_cell,24877,101396,24.53
sample07517,no,PBMC,cd8_t_cell,28677,101396,28.28
sample07517,no,PBMC,monocyte,20138,101396,19.86
sample07517,no,PBMC,nk_cell,19577,101396,19.31
sample07527,yes,PBMC,b_cell,15634,108211,14.45
sample07527,yes,PBMC,cd4_t_cell,34996,108211,32.34
sample07527,yes,PBMC,cd8_t_cell,25497,108211,23.56
sample07527,yes,PBMC,monocyte,18223,108211,16.84
sample07527,yes,PBMC,nk_cell,13861,108211,12.81
sample07528,yes,PBMC,b_cell,5649,92159,6.13
sample07528,yes,PBMC,cd4_t_cell,35763,92159,38.81
sample07528,yes,PBMC,cd8_t_cell,22946,92159,24.9
sample07528,yes,PBMC,monocyte,15408,92159,16.72
sample07528,yes,PBMC,nk_cell,12393,92159,13.45
sample07529,yes,PBMC,b_cell,7441,92996,8.0
sample07529,yes,PBMC,cd4_t_cell,25089,92996,26.98
sample07529,yes,PBMC,cd8_t_cell,28160,92996,30.28
sample07529,yes,PBMC,monocyte,12696,92996,13.65
sample07529,yes,PBMC,nk_cell,19610,92996,21.09
sample07542,no,PBMC,b_cell,11845,105427,11.24
sample07542,no,PBMC,cd4_t_cell,33677,105427,31.94
sample07542,no,PBMC,cd8_t_cell,25128,105427,23.83
sample07542,no,PBMC,monocyte,23438,105427,22.23
sample07542,no,PBMC,nk_cell,11339,105427,10.76
sample07543,no,PBMC,b_cell,8406,91956,9.14
sample07543,no,PBMC,cd4_t_cell,23538,91956,25.6
sample07543,no,PBMC,cd8_t_cell,15291,91956,16.63
sample07543,no,PBMC,monocyte,24063,91956,26.17
sample07543,no,PBMC,nk_cell,20658,91956,22.47
sample07544,no,PBMC,b_cell,5055,104144,4.85
sample07544,no,PBMC,cd4_t_cell,35356,104144,33.95
sample07544,no,PBMC,cd8_t_cell,28862,104144,27.71
sample07544,no,PBMC,monocyte,25487,104144,24.47
sample07544,no,PBMC,nk_cell,9384,104144,9.01
sample07551,yes,PBMC,b_cell,7370,94482,7.8
sample07551,yes,PBMC,cd4_t_cell,27102,94482,28.68
sample07551,yes,PBMC,cd8_t_cell,20972,94482,22.2
sample07551,yes,PBMC,monocyte,25736,94482,27.24
sample07551,yes,PBMC,nk_cell,13302,94482,14.08
sample07552,yes,PBMC,b_cell,11685,100899,11.58
sample07552,yes,PBMC,cd4_t_cell,32731,100899,32.44
sample07552,yes,PBMC,cd8_t_cell,31233,100899,30.95
sample07552,yes,PBMC,monocyte,13817,100899,13.69
sample07552,yes,PBMC,nk_cell,11433,100899,11.33
sample07553,yes,PBMC,b_cell,6360,91151,6.98
sample07553,yes,PBMC,cd4_t_cell,24284,91151,26.64
sample07553,yes,PBMC,cd8_t_cell,18533,91151,20.33
sample07553,yes,PBMC,monocyte,20419,91151,22.4
sample07553,yes,PBMC,nk_cell,21555,91151,23.65
sample07560,yes,PBMC,b_cell,11021,112532,9.79
sample07560,yes,PBMC,cd4_t_cell,32511,112532,28.89
sample07560,yes,PBMC,cd8_t_cell,34539,112532,30.69
sample07560,yes,PBMC,monocyte,16195,112532,14.39
sample07560,yes,PBMC,nk_cell,18266,112532,16.23
sample07561,yes,PBMC,b_cell,9515,95194,10.0
sample07561,yes,PBMC,cd4_t_cell,23299,95194,24.48
sample07561,yes,PBMC,cd8_t_cell,29199,95194,30.67
sample07561,yes,PBMC,monocyte,15245,95194,16.01
sample07561,yes,PBMC,nk_cell,17936,95194,18.84
sample07562,yes,PBMC,b_cell,9789,101792,9.62
sample07562,yes,PBMC,cd4_t_cell,28884,101792,28.38
sample07562,yes,PBMC,cd8_t_cell,36773,101792,36.13
sample07562,yes,PBMC,monocyte,12829,101792,12.6
sample07562,yes,PBMC,nk_cell,13517,101792,13.28
sample07575,yes,PBMC,b_cell,6324,107827,5.86
sample07575,yes,PBMC,cd4_t_cell,35458,107827,32.88
sample07575,yes,PBMC,cd8_t_cell,20207,107827,18.74
sample07575,yes,PBMC,monocyte,25014,107827,23.2
sample07575,yes,PBMC,nk_cell,20824,107827,19.31
sample07576,yes,PBMC,b_cell,13142,94975,13.84
sample07576,yes,PBMC,cd4_t_cell,23550,94975,24.8
sample07576,yes,PBMC,cd8_t_cell,22644,94975,23.84
sample07576,yes,PBMC,monocyte,17330,94975,18.25
sample07576,yes,PBMC,nk_cell,18309,94975,19.28
sample07577,yes,PBMC,b_cell,6834,108626,6.29
sample07577,yes,PBMC,cd4_t_cell,29264,108626,26.94
sample07577,yes,PBMC,cd8_t_cell,29993,108626,27.61
sample07577,yes,PBMC,monocyte,18473,108626,17.01
sample07577,yes,PBMC,nk_cell,24062,108626,22.15
sample07587,yes,PBMC,b_cell,7542,107238,7.03
sample07587,yes,PBMC,cd4_t_cell,34911,107238,32.55
sample07587,yes,PBMC,cd8_t_cell,28481,107238,26.56
sample07587,yes,PBMC,monocyte,27498,107238,25.64
sample07587,yes,PBMC,nk_cell,8806,107238,8.21
sample07588,yes,PBMC,b_cell,4188,102202,4.1
sample07588,yes,PBMC,cd4_t_cell,34559,102202,33.81
sample07588,yes,PBMC,cd8_t_cell,32230,102202,31.54
sample07588,yes,PBMC,monocyte,15407,102202,15.08
sample07588,yes,PBMC,nk_cell,15818,102202,15.48
sample07589,yes,PBMC,b_cell,10300,96060,10.72
sample07589,yes,PBMC,cd4_t_cell,28701,96060,29.88
sample07589,yes,PBMC,cd8_t_cell,21100,96060,21.97
sample07589,yes,PBMC,monocyte,20833,96060,21.69
sample07589,yes,PBMC,nk_cell,15126,96060,15.75
sample07593,yes,PBMC,b_cell,10343,109494,9.45
sample07593,yes,PBMC,cd4_t_cell,23676,109494,21.62
sample07593,yes,PBMC,cd8_t_cell,26644,109494,24.33
sample07593,yes,PBMC,monocyte,26323,109494,24.04
sample07593,yes,PBMC,nk_cell,22508,109494,20.56
sample07594,yes,PBMC,b_cell,14426,111131,12.98
sample07594,yes,PBMC,cd4_t_cell,38310,111131,34.47
sample07594,yes,PBMC,cd8_t_cell,18923,111131,17.03
sample07594,yes,PBMC,monocyte,26254,111131,23.62
sample07594,yes,PBMC,nk_cell,13218,111131,11.89
sample07595,yes,PBMC,b_cell,15351,100255,15.31
sample07595,yes,PBMC,cd4_t_cell,27737,100255,27.67
sample07595,yes,PBMC,cd8_t_cell,16643,100255,16.6
sample07595,yes,PBMC,monocyte,23703,100255,23.64
sample07595,yes,PBMC,nk_cell,16821,100255,16.78
sample07614,yes,PBMC,b_cell,8257,105861,7.8
sample07614,yes,PBMC,cd4_t_cell,34225,105861,32.33
sample07614,yes,PBMC,cd8_t_cell,28901,105861,27.3
sample07614,yes,PBMC,monocyte,19750,105861,18.66
sample07614,yes,PBMC,nk_cell,14728,105861,13.91
sample07615,yes,PBMC,b_cell,9742,98534,9.89
sample07615,yes,PBMC,cd4_t_cell,25298,98534,25.67
sample07615,yes,PBMC,cd8_t_cell,15981,98534,16.22
sample07615,yes,PBMC,monocyte,19733,98534,20.03
sample07615,yes,PBMC,nk_cell,27780,98534,28.19
sample07616,yes,PBMC,b_cell,12009,111422,10.78
sample07616,yes,PBMC,cd4_t_cell,39357,111422,35.32
sample07616,yes,PBMC,cd8_t_cell,29381,111422,26.37
sample07616,yes,PBMC,monocyte,16286,111422,14.62
sample07616,yes,PBMC,nk_cell,14389,111422,12.91
sample07620,no,PBMC,b_cell,8959,100603,8.91
sample07620,no,PBMC,cd4_t_cell,29439,100603,29.26
sample07620,no,PBMC,cd8_t_cell,20913,100603,20.79
sample07620,no,PBMC,monocyte,21717,100603,21.59
sample07620,no,PBMC,nk_cell,19575,100603,19.46
sample07621,no,PBMC,b_cell,7840,95097,8.24
sample07621,no,PBMC,cd4_t_cell,25716,95097,27.04
sample07621,no,PBMC,cd8_t_cell,28485,95097,29.95
sample07621,no,PBMC,monocyte,14010,95097,14.73
sample07621,no,PBMC,nk_cell,19046,95097,20.03
sample07622,no,PBMC,b_cell,11091,93577,11.85
sample07622,no,PBMC,cd4_t_cell,28038,93577,29.96
sample07622,no,PBMC,cd8_t_cell,24393,93577,26.07
sample07622,no,PBMC,monocyte,12404,93577,13.26
sample07622,no,PBMC,nk_cell,17651,93577,18.86
sample07632,no,PBMC,b_cell,7338,101693,7.22
sample07632,no,PBMC,cd4_t_cell,28404,101693,27.93
sample07632,no,PBMC,cd8_t_cell,30675,101693,30.16
sample07632,no,PBMC,monocyte,18646,101693,18.34
sample07632,no,PBMC,nk_cell,16630,101693,16.35
sample07633,no,PBMC,b_cell,10463,94189,11.11
sample07633,no,PBMC,cd4_t_cell,27990,94189,29.72
sample07633,no,PBMC,cd8_t_cell,23365,94189,24.81
sample07633,no,PBMC,monocyte,20161,94189,21.4
sample07633,no,PBMC,nk_cell,12210,94189,12.96
sample07634,no,PBMC,b_cell,9188,103231,8.9
sample07634,no,PBMC,cd4_t_cell,29921,103231,28.98
sample07634,no,PBMC,cd8_t_cell,39019,103231,37.8
sample07634,no,PBMC,monocyte,12359,103231,11.97
sample07634,no,PBMC,nk_cell,12744,103231,12.35
sample07644,no,PBMC,b_cell,9853,107169,9.19
sample07644,no,PBMC,cd4_t_cell,29065,107169,27.12
sample07644,no,PBMC,cd8_t_cell,28862,107169,26.93
sample07644,no,PBMC,monocyte,21349,107169,19.92
sample07644,no,PBMC,nk_cell,18040,107169,16.83
sample07645,no,PBMC,b_cell,7949,100782,7.89
sample07645,no,PBMC,cd4_t_cell,25375,100782,25.18
sample07645,no,PBMC,cd8_t_cell,28925,100782,28.7
sample07645,no,PBMC,monocyte,21735,100782,21.57
sample07645,no,PBMC,nk_cell,16798,100782,16.67
sample07646,no,PBMC,b_cell,7663,96494,7.94
sample07646,no,PBMC,cd4_t_cell,27933,96494,28.95
sample07646,no,PBMC,cd8_t_cell,23556,96494,24.41
sample07646,no,PBMC,monocyte,17992,96494,18.65
sample07646,no,PBMC,nk_cell,19350,96494,20.05
sample07647,yes,PBMC,b_cell,11096,94533,11.74
sample07647,yes,PBMC,cd4_t_cell,34651,94533,36.65
sample07647,yes,PBMC,cd8_t_cell,20193,94533,21.36
sample07647,yes,PBMC,monocyte,14361,94533,15.19
sample07647,yes,PBMC,nk_cell,14232,94533,15.06
sample07648,yes,PBMC,b_cell,7773,108878,7.14
sample07648,yes,PBMC,cd4_t_cell,30557,108878,28.07
sample07648,yes,PBMC,cd8_t_cell,27325,108878,25.1
sample07648,yes,PBMC,monocyte,33588,108878,30.85
sample07648,yes,PBMC,nk_cell,9635,108878,8.85
sample07649,yes,PBMC,b_cell,6605,96059,6.88
sample07649,yes,PBMC,cd4_t_cell,18604,96059,19.37
sample07649,yes,PBMC,cd8_t_cell,18161,96059,18.91
sample07649,yes,PBMC,monocyte,34127,96059,35.53
sample07649,yes,PBMC,nk_cell,18562,96059,19.32
sample07653,no,PBMC,b_cell,8798,89517,9.83
sample07653,no,PBMC,cd4_t_cell,24663,89517,27.55
sample07653,no,PBMC,cd8_t_cell,21646,89517,24.18
sample07653,no,PBMC,monocyte,20482,89517,22.88
sample07653,no,PBMC,nk_cell,13928,89517,15.56
sample07654,no,PBMC,b_cell,7955,93506,8.51
sample07654,no,PBMC,cd4_t_cell,36807,93506,39.36
sample07654,no,PBMC,cd8_t_cell,21826,93506,23.34
sample07654,no,PBMC,monocyte,17642,93506,18.87
sample07654,no,PBMC,nk_cell,9276,93506,9.92
sample07655,no,PBMC,b_cell,7664,90225,8.49
sample07655,no,PBMC,cd4_t_cell,33125,90225,36.71
sample07655,no,PBMC,cd8_t_cell,21163,90225,23.46
sample07655,no,PBMC,monocyte,12514,90225,13.87
sample07655,no,PBMC,nk_cell,15759,90225,17.47
sample07665,yes,PBMC,b_cell,6171,92218,6.69
sample07665,yes,PBMC,cd4_t_cell,23990,92218,26.01
sample07665,yes,PBMC,cd8_t_cell,29551,92218,32.04
sample07665,yes,PBMC,monocyte,23328,92218,25.3
sample07665,yes,PBMC,nk_cell,9178,92218,9.95
sample07666,yes,PBMC,b_cell,6430,100105,6.42
sample07666,yes,PBMC,cd4_t_cell,26822,100105,26.79
sample07666,yes,PBMC,cd8_t_cell,33328,100105,33.29
sample07666,yes,PBMC,monocyte,23859,100105,23.83
sample07666,yes,PBMC,nk_cell,9666,100105,9.66
sample07667,yes,PBMC,b_cell,17745,112151,15.82
sample07667,yes,PBMC,cd4_t_cell,30475,112151,27.17
sample07667,yes,PBMC,cd8_t_cell,25924,112151,23.12
sample07667,yes,PBMC,monocyte,23138,112151,20.63
sample07667,yes,PBMC,nk_cell,14869,112151,13.26
sample07674,no,PBMC,b_cell,8870,99767,8.89
sample07674,no,PBMC,cd4_t_cell,35211,99767,35.29
sample07674,no,PBMC,cd8_t_cell,20032,99767,20.08
sample07674,no,PBMC,monocyte,20701,99767,20.75
sample07674,no,PBMC,nk_cell,14953,99767,14.99
sample07675,no,PBMC,b_cell,7482,98448,7.6
sample07675,no,PBMC,cd4_t_cell,37311,98448,37.9
sample07675,no,PBMC,cd8_t_cell,21474,98448,21.81
sample07675,no,PBMC,monocyte,20301,98448,20.62
sample07675,no,PBMC,nk_cell,11880,98448,12.07
sample07676,no,PBMC,b_cell,7832,97725,8.01
sample07676,no,PBMC,cd4_t_cell,22500,97725,23.02
sample07676,no,PBMC,cd8_t_cell,28778,97725,29.45
sample07676,no,PBMC,monocyte,19921,97725,20.38
sample07676,no,PBMC,nk_cell,18694,97725,19.13
sample07698,no,PBMC,b_cell,8555,104236,8.21
sample07698,no,PBMC,cd4_t_cell,30418,104236,29.18
sample07698,no,PBMC,cd8_t_cell,29413,104236,28.22
sample07698,no,PBMC,monocyte,12794,104236,12.27
sample07698,no,PBMC,nk_cell,23056,104236,22.12
sample07699,no,PBMC,b_cell,10571,104553,10.11
sample07699,no,PBMC,cd4_t_cell,27072,104553,25.89
sample07699,no,PBMC,cd8_t_cell,29434,104553,28.15
sample07699,no,PBMC,monocyte,22139,104553,21.17
sample07699,no,PBMC,nk_cell,15337,104553,14.67
sample07700,no,PBMC,b_cell,12877,108119,11.91
sample07700,no,PBMC,cd4_t_cell,22535,108119,20.84
sample07700,no,PBMC,cd8_t_cell,34744,108119,32.13
sample07700,no,PBMC,monocyte,18635,108119,17.24
sample07700,no,PBMC,nk_cell,19328,108119,17.88
sample07710,no,PBMC,b_cell,20129,96856,20.78
sample07710,no,PBMC,cd4_t_cell,22357,96856,23.08
sample07710,no,PBMC,cd8_t_cell,25467,96856,26.29
sample07710,no,PBMC,monocyte,13037,96856,13.46
sample07710,no,PBMC,nk_cell,15866,96856,16.38
sample07711,no,PBMC,b_cell,8315,104373,7.97
sample07711,no,PBMC,cd4_t_cell,35880,104373,34.38
sample07711,no,PBMC,cd8_t_cell,21550,104373,20.65
sample07711,no,PBMC,monocyte,24062,104373,23.05
sample07711,no,PBMC,nk_cell,14566,104373,13.96
sample07712,no,PBMC,b_cell,10534,105842,9.95
sample07712,no,PBMC,cd4_t_cell,36537,105842,34.52
sample07712,no,PBMC,cd8_t_cell,30972,105842,29.26
sample07712,no,PBMC,monocyte,16295,105842,15.4
sample07712,no,PBMC,nk_cell,11504,105842,10.87
sample07722,no,PBMC,b_cell,7025,92462,7.6
sample07722,no,PBMC,cd4_t_cell,29720,92462,32.14
sample07722,no,PBMC,cd8_t_cell,23473,92462,25.39
sample07722,no,PBMC,monocyte,21464,92462,23.21
sample07722,no,PBMC,nk_cell,10780,92462,11.66
sample07723,no,PBMC,b_cell,9130,89478,10.2
sample07723,no,PBMC,cd4_t_cell,18707,89478,20.91
sample07723,no,PBMC,cd8_t_cell,29113,89478,32.54
sample07723,no,PBMC,monocyte,16591,89478,18.54
sample07723,no,PBMC,nk_cell,15937,89478,17.81
sample07724,no,PBMC,b_cell,9742,104246,9.35
sample07724,no,PBMC,cd4_t_cell,26011,104246,24.95
sample07724,no,PBMC,cd8_t_cell,27131,104246,26.03
sample07724,no,PBMC,monocyte,28861,104246,27.69
sample07724,no,PBMC,nk_cell,12501,104246,11.99
sample07725,yes,PBMC,b_cell,9300,118260,7.86
sample07725,yes,PBMC,cd4_t_cell,57081,118260,48.27
sample07725,yes,PBMC,cd8_t_cell,13774,118260,11.65
sample07725,yes,PBMC,monocyte,24337,118260,20.58
sample07725,yes,PBMC,nk_cell,13768,118260,11.64
sample07726,yes,PBMC,b_cell,6539,92686,7.06
sample07726,yes,PBMC,cd4_t_cell,25839,92686,27.88
sample07726,yes,PBMC,cd8_t_cell,23793,92686,25.67
sample07726,yes,PBMC,monocyte,22732,92686,24.53
sample07726,yes,PBMC,nk_cell,13783,92686,14.87
sample07727,yes,PBMC,b_cell,10733,95436,11.25
sample07727,yes,PBMC,cd4_t_cell,27762,95436,29.09
sample07727,yes,PBMC,cd8_t_cell,22045,95436,23.1
sample07727,yes,PBMC,monocyte,19831,95436,20.78
sample07727,yes,PBMC,nk_cell,15065,95436,15.79
sample07734,no,PBMC,b_cell,6532,94162,6.94
sample07734,no,PBMC,cd4_t_cell,27195,94162,28.88
sample07734,no,PBMC,cd8_t_cell,22253,94162,23.63
sample07734,no,PBMC,monocyte,27881,94162,29.61
sample07734,no,PBMC,nk_cell,10301,94162,10.94
sample07735,no,PBMC,b_cell,9907,101982,9.71
sample07735,no,PBMC,cd4_t_cell,26968,101982,26.44
sample07735,no,PBMC,cd8_t_cell,31689,101982,31.07
sample07735,no,PBMC,monocyte,12728,101982,12.48
sample07735,no,PBMC,nk_cell,20690,101982,20.29
sample07736,no,PBMC,b_cell,10265,97518,10.53
sample07736,no,PBMC,cd4_t_cell,22561,97518,23.14
sample07736,no,PBMC,cd8_t_cell,21583,97518,22.13
sample07736,no,PBMC,monocyte,24178,97518,24.79
sample07736,no,PBMC,nk_cell,18931,97518,19.41
sample07746,no,PBMC,b_cell,6881,90017,7.64
sample07746,no,PBMC,cd4_t_cell,30911,90017,34.34
sample07746,no,PBMC,cd8_t_cell,19514,90017,21.68
sample07746,no,PBMC,monocyte,17460,90017,19.4
sample07746,no,PBMC,nk_cell,15251,90017,16.94
sample07747,no,PBMC,b_cell,9037,107851,8.38
sample07747,no,PBMC,cd4_t_cell,19722,107851,18.29
sample07747,no,PBMC,cd8_t_cell,34115,107851,31.63
sample07747,no,PBMC,monocyte,29116,107851,27.0
sample07747,no,PBMC,nk_cell,15861,107851,14.71
sample07748,no,PBMC,b_cell,6080,92772,6.55
sample07748,no,PBMC,cd4_t_cell,24812,92772,26.75
sample07748,no,PBMC,cd8_t_cell,25668,92772,27.67
sample07748,no,PBMC,monocyte,22971,92772,24.76
sample07748,no,PBMC,nk_cell,13241,92772,14.27
sample07761,yes,PBMC,b_cell,7773,95689,8.12
sample07761,yes,PBMC,cd4_t_cell,29922,95689,31.27
sample07761,yes,PBMC,cd8_t_cell,20518,95689,21.44
sample07761,yes,PBMC,monocyte,21034,95689,21.98
sample07761,yes,PBMC,nk_cell,16442,95689,17.18
sample07762,yes,PBMC,b_cell,4341,98342,4.41
sample07762,yes,PBMC,cd4_t_cell,26758,98342,27.21
sample07762,yes,PBMC,cd8_t_cell,28345,98342,28.82
sample07762,yes,PBMC,monocyte,24039,98342,24.44
sample07762,yes,PBMC,nk_cell,14859,98342,15.11
sample07763,yes,PBMC,b_cell,9501,99029,9.59
sample07763,yes,PBMC,cd4_t_cell,36474,99029,36.83
sample07763,yes,PBMC,cd8_t_cell,25017,99029,25.26
sample07763,yes,PBMC,monocyte,14932,99029,15.08
sample07763,yes,PBMC,nk_cell,13105,99029,13.23
sample07800,yes,PBMC,b_cell,15262,105323,14.49
sample07800,yes,PBMC,cd4_t_cell,35986,105323,34.17
sample07800,yes,PBMC,cd8_t_cell,19767,105323,18.77
sample07800,yes,PBMC,monocyte,14589,105323,13.85
sample07800,yes,PBMC,nk_cell,19719,105323,18.72
sample07801,yes,PBMC,b_cell,16050,111051,14.45
sample07801,yes,PBMC,cd4_t_cell,27426,111051,24.7
sample07801,yes,PBMC,cd8_t_cell,27010,111051,24.32
sample07801,yes,PBMC,monocyte,24301,111051,21.88
sample07801,yes,PBMC,nk_cell,16264,111051,14.65
sample07802,yes,PBMC,b_cell,8193,95342,8.59
sample07802,yes,PBMC,cd4_t_cell,23871,95342,25.04
sample07802,yes,PBMC,cd8_t_cell,27119,95342,28.44
sample07802,yes,PBMC,monocyte,20956,95342,21.98
sample07802,yes,PBMC,nk_cell,15203,95342,15.95
sample07809,no,PBMC,b_cell,7650,89140,8.58
sample07809,no,PBMC,cd4_t_cell,24340,89140,27.31
sample07809,no,PBMC,cd8_t_cell,25092,89140,28.15
sample07809,no,PBMC,monocyte,18757,89140,21.04
sample07809,no,PBMC,nk_cell,13301,89140,14.92
sample07810,no,PBMC,b_cell,8130,104887,7.75
sample07810,no,PBMC,cd4_t_cell,24965,104887,23.8
sample07810,no,PBMC,cd8_t_cell,33851,104887,32.27
sample07810,no,PBMC,monocyte,17623,104887,16.8
sample07810,no,PBMC,nk_cell,20318,104887,19.37
sample07811,no,PBMC,b_cell,4479,103371,4.33
sample07811,no,PBMC,cd4_t_cell,37231,103371,36.02
sample07811,no,PBMC,cd8_t_cell,29071,103371,28.12
sample07811,no,PBMC,monocyte,17140,103371,16.58
sample07811,no,PBMC,nk_cell,15450,103371,14.95
sample07815,no,PBMC,b_cell,12720,93378,13.62
sample07815,no,PBMC,cd4_t_cell,28342,93378,30.35
sample07815,no,PBMC,cd8_t_cell,17789,93378,19.05
sample07815,no,PBMC,monocyte,19868,93378,21.28
sample07815,no,PBMC,nk_cell,14659,93378,15.7
sample07816,no,PBMC,b_cell,7586,91370,8.3
sample07816,no,PBMC,cd4_t_cell,24353,91370,26.65
sample07816,no,PBMC,cd8_t_cell,25468,91370,27.87
sample07816,no,PBMC,monocyte,23814,91370,26.06
sample07816,no,PBMC,nk_cell,10149,91370,11.11
sample07817,no,PBMC,b_cell,11479,92347,12.43
sample07817,no,PBMC,cd4_t_cell,26418,92347,28.61
sample07817,no,PBMC,cd8_t_cell,24007,92347,26.0
sample07817,no,PBMC,monocyte,9590,92347,10.38
sample07817,no,PBMC,nk_cell,20853,92347,22.58
sample07818,no,PBMC,b_cell,7435,93245,7.97
sample07818,no,PBMC,cd4_t_cell,28592,93245,30.66
sample07818,no,PBMC,cd8_t_cell,24017,93245,25.76
sample07818,no,PBMC,monocyte,15959,93245,17.12
sample07818,no,PBMC,nk_cell,17242,93245,18.49
sample07819,no,PBMC,b_cell,15848,97331,16.28
sample07819,no,PBMC,cd4_t_cell,29196,97331,30.0
sample07819,no,PBMC,cd8_t_cell,21823,97331,22.42
sample07819,no,PBMC,monocyte,17968,97331,18.46
sample07819,no,PBMC,nk_cell,12496,97331,12.84
sample07820,no,PBMC,b_cell,10689,95441,11.2
sample07820,no,PBMC,cd4_t_cell,28263,95441,29.61
sample07820,no,PBMC,cd8_t_cell,21646,95441,22.68
sample07820,no,PBMC,monocyte,23369,95441,24.49
sample07820,no,PBMC,nk_cell,11474,95441,12.02
sample07821,yes,PBMC,b_cell,8069,93256,8.65
sample07821,yes,PBMC,cd4_t_cell,24305,93256,26.06
sample07821,yes,PBMC,cd8_t_cell,25732,93256,27.59
sample07821,yes,PBMC,monocyte,21860,93256,23.44
sample07821,yes,PBMC,nk_cell,13290,93256,14.25
sample07822,yes,PBMC,b_cell,14113,112050,12.6
sample07822,yes,PBMC,cd4_t_cell,40037,112050,35.73
sample07822,yes,PBMC,cd8_t_cell,18522,112050,16.53
sample07822,yes,PBMC,monocyte,22787,112050,20.34
sample07822,yes,PBMC,nk_cell,16591,112050,14.81
sample07823,yes,PBMC,b_cell,9852,107664,9.15
sample07823,yes,PBMC,cd4_t_cell,30561,107664,28.39
sample07823,yes,PBMC,cd8_t_cell,28046,107664,26.05
sample07823,yes,PBMC,monocyte,21979,107664,20.41
sample07823,yes,PBMC,nk_cell,17226,107664,16.0
sample07824,yes,PBMC,b_cell,11919,105231,11.33
sample07824,yes,PBMC,cd4_t_cell,26817,105231,25.48
sample07824,yes,PBMC,cd8_t_cell,22840,105231,21.7
sample07824,yes,PBMC,monocyte,29096,105231,27.65
sample07824,yes,PBMC,nk_cell,14559,105231,13.84
sample07825,yes,PBMC,b_cell,9156,108040,8.47
sample07825,yes,PBMC,cd4_t_cell,22923,108040,21.22
sample07825,yes,PBMC,cd8_t_cell,36149,108040,33.46
sample07825,yes,PBMC,monocyte,14056,108040,13.01
sample07825,yes,PBMC,nk_cell,25756,108040,23.84
sample07826,yes,PBMC,b_cell,6700,95474,7.02
sample07826,yes,PBMC,cd4_t_cell,33066,95474,34.63
sample07826,yes,PBMC,cd8_t_cell,25972,95474,27.2
sample07826,yes,PBMC,monocyte,15836,95474,16.59
sample07826,yes,PBMC,nk_cell,13900,95474,14.56
sample07827,yes,PBMC,b_cell,7014,106881,6.56
sample07827,yes,PBMC,cd4_t_cell,27360,106881,25.6
sample07827,yes,PBMC,cd8_t_cell,33969,106881,31.78
sample07827,yes,PBMC,monocyte,14591,106881,13.65
sample07827,yes,PBMC,nk_cell,23947,106881,22.41
sample07828,yes,PBMC,b_cell,14204,94880,14.97
sample07828,yes,PBMC,cd4_t_cell,30276,94880,31.91
sample07828,yes,PBMC,cd8_t_cell,11996,94880,12.64
sample07828,yes,PBMC,monocyte,26591,94880,28.03
sample07828,yes,PBMC,nk_cell,11813,94880,12.45
sample07829,yes,PBMC,b_cell,12648,92306,13.7
sample07829,yes,PBMC,cd4_t_cell,23105,92306,25.03
sample07829,yes,PBMC,cd8_t_cell,20768,92306,22.5
sample07829,yes,PBMC,monocyte,16692,92306,18.08
sample07829,yes,PBMC,nk_cell,19093,92306,20.68
sample07833,no,PBMC,b_cell,5221,111992,4.66
sample07833,no,PBMC,cd4_t_cell,27429,111992,24.49
sample07833,no,PBMC,cd8_t_cell,41282,111992,36.86
sample07833,no,PBMC,monocyte,25261,111992,22.56
sample07833,no,PBMC,nk_cell,12799,111992,11.43
sample07834,no,PBMC,b_cell,13726,101117,13.57
sample07834,no,PBMC,cd4_t_cell,30225,101117,29.89
sample07834,no,PBMC,cd8_t_cell,29419,101117,29.09
sample07834,no,PBMC,monocyte,9666,101117,9.56
sample07834,no,PBMC,nk_cell,18081,101117,17.88
sample07835,no,PBMC,b_cell,6283,106507,5.9
sample07835,no,PBMC,cd4_t_cell,41153,106507,38.64
sample07835,no,PBMC,cd8_t_cell,16557,106507,15.55
sample07835,no,PBMC,monocyte,21235,106507,19.94
sample07835,no,PBMC,nk_cell,21279,106507,19.98
sample07836,yes,PBMC,b_cell,10532,111247,9.47
sample07836,yes,PBMC,cd4_t_cell,39999,111247,35.96
sample07836,yes,PBMC,cd8_t_cell,26863,111247,24.15
sample07836,yes,PBMC,monocyte,24907,111247,22.39
sample07836,yes,PBMC,nk_cell,8946,111247,8.04
sample07837,yes,PBMC,b_cell,10164,109061,9.32
sample07837,yes,PBMC,cd4_t_cell,28322,109061,25.97
sample07837,yes,PBMC,cd8_t_cell,32642,109061,29.93
sample07837,yes,PBMC,monocyte,20681,109061,18.96
sample07837,yes,PBMC,nk_cell,17252,109061,15.82
sample07838,yes,PBMC,b_cell,6744,100157,6.73
sample07838,yes,PBMC,cd4_t_cell,36651,100157,36.59
sample07838,yes,PBMC,cd8_t_cell,20646,100157,20.61
sample07838,yes,PBMC,monocyte,23854,100157,23.82
sample07838,yes,PBMC,nk_cell,12262,100157,12.24
sample07872,no,PBMC,b_cell,10449,98198,10.64
sample07872,no,PBMC,cd4_t_cell,35033,98198,35.68
sample07872,no,PBMC,cd8_t_cell,25826,98198,26.3
sample07872,no,PBMC,monocyte,15219,98198,15.5
sample07872,no,PBMC,nk_cell,11671,98198,11.89
sample07873,no,PBMC,b_cell,8697,98847,8.8
sample07873,no,PBMC,cd4_t_cell,30760,98847,31.12
sample07873,no,PBMC,cd8_t_cell,25533,98847,25.83
sample07873,no,PBMC,monocyte,13271,98847,13.43
sample07873,no,PBMC,nk_cell,20586,98847,20.83
sample07874,no,PBMC,b_cell,10232,101362,10.09
sample07874,no,PBMC,cd4_t_cell,38237,101362,37.72
sample07874,no,PBMC,cd8_t_cell,23546,101362,23.23
sample07874,no,PBMC,monocyte,19634,101362,19.37
sample07874,no,PBMC,nk_cell,9713,101362,9.58
sample07899,no,PBMC,b_cell,2153,104475,2.06
sample07899,no,PBMC,cd4_t_cell,27834,104475,26.64
sample07899,no,PBMC,cd8_t_cell,36182,104475,34.63
sample07899,no,PBMC,monocyte,23602,104475,22.59
sample07899,no,PBMC,nk_cell,14704,104475,14.07
sample07900,no,PBMC,b_cell,3898,102718,3.79
sample07900,no,PBMC,cd4_t_cell,29510,102718,28.73
sample07900,no,PBMC,cd8_t_cell,23511,102718,22.89
sample07900,no,PBMC,monocyte,25355,102718,24.68
sample07900,no,PBMC,nk_cell,20444,102718,19.9
sample07901,no,PBMC,b_cell,12660,98876,12.8
sample07901,no,PBMC,cd4_t_cell,23885,98876,24.16
sample07901,no,PBMC,cd8_t_cell,21443,98876,21.69
sample07901,no,PBMC,monocyte,21784,98876,22.03
sample07901,no,PBMC,nk_cell,19104,98876,19.32
sample07905,yes,PBMC,b_cell,9285,93457,9.94
sample07905,yes,PBMC,cd4_t_cell,30870,93457,33.03
sample07905,yes,PBMC,cd8_t_cell,18348,93457,19.63
sample07905,yes,PBMC,monocyte,20192,93457,21.61
sample07905,yes,PBMC,nk_cell,14762,93457,15.8
sample07906,yes,PBMC,b_cell,5488,92112,5.96
sample07906,yes,PBMC,cd4_t_cell,22309,92112,24.22
sample07906,yes,PBMC,cd8_t_cell,24337,92112,26.42
sample07906,yes,PBMC,monocyte,18275,92112,19.84
sample07906,yes,PBMC,nk_cell,21703,92112,23.56
sample07907,yes,PBMC,b_cell,5576,93169,5.98
sample07907,yes,PBMC,cd4_t_cell,30997,93169,33.27
sample07907,yes,PBMC,cd8_t_cell,23234,93169,24.94
sample07907,yes,PBMC,monocyte,18553,93169,19.91
sample07907,yes,PBMC,nk_cell,14809,93169,15.89
sample07926,no,PBMC,b_cell,16992,100923,16.84
sample07926,no,PBMC,cd4_t_cell,23921,100923,23.7
sample07926,no,PBMC,cd8_t_cell,26898,100923,26.65
sample07926,no,PBMC,monocyte,18621,100923,18.45
sample07926,no,PBMC,nk_cell,14491,100923,14.36
sample07927,no,PBMC,b_cell,7489,101441,7.38
sample07927,no,PBMC,cd4_t_cell,39424,101441,38.86
sample07927,no,PBMC,cd8_t_cell,25910,101441,25.54
sample07927,no,PBMC,monocyte,15275,101441,15.06
sample07927,no,PBMC,nk_cell,13343,101441,13.15
sample07928,no,PBMC,b_cell,8596,108547,7.92
sample07928,no,PBMC,cd4_t_cell,36769,108547,33.87
sample07928,no,PBMC,cd8_t_cell,30592,108547,28.18
sample07928,no,PBMC,monocyte,17121,108547,15.77
sample07928,no,PBMC,nk_cell,15469,108547,14.25
sample07929,no,PBMC,b_cell,10688,100774,10.61
sample07929,no,PBMC,cd4_t_cell,28821,100774,28.6
sample07929,no,PBMC,cd8_t_cell,26850,100774,26.64
sample07929,no,PBMC,monocyte,21024,100774,20.86
sample07929,no,PBMC,nk_cell,13391,100774,13.29
sample07930,no,PBMC,b_cell,9696,96101,10.09
sample07930,no,PBMC,cd4_t_cell,26452,96101,27.53
sample07930,no,PBMC,cd8_t_cell,26328,96101,27.4
sample07930,no,PBMC,monocyte,24078,96101,25.05
sample07930,no,PBMC,nk_cell,9547,96101,9.93
sample07931,no,PBMC,b_cell,11308,94946,11.91
sample07931,no,PBMC,cd4_t_cell,23079,94946,24.31
sample07931,no,PBMC,cd8_t_cell,34448,94946,36.28
sample07931,no,PBMC,monocyte,16117,94946,16.97
sample07931,no,PBMC,nk_cell,9994,94946,10.53
sample07932,no,PBMC,b_cell,13907,103601,13.42
sample07932,no,PBMC,cd4_t_cell,27774,103601,26.81
sample07932,no,PBMC,cd8_t_cell,25801,103601,24.9
sample07932,no,PBMC,monocyte,22379,103601,21.6
sample07932,no,PBMC,nk_cell,13740,103601,13.26
sample07933,no,PBMC,b_cell,8224,99124,8.3
sample07933,no,PBMC,cd4_t_cell,23225,99124,23.43
sample07933,no,PBMC,cd8_t_cell,24283,99124,24.5
sample07933,no,PBMC,monocyte,23962,99124,24.17
sample07933,no,PBMC,nk_cell,19430,99124,19.6
sample07934,no,PBMC,b_cell,15776,97171,16.24
sample07934,no,PBMC,cd4_t_cell,21376,97171,22.0
sample07934,no,PBMC,cd8_t_cell,18744,97171,19.29
sample07934,no,PBMC,monocyte,20538,97171,21.14
sample07934,no,PBMC,nk_cell,20737,97171,21.34
sample07941,no,PBMC,b_cell,9691,99005,9.79
sample07941,no,PBMC,cd4_t_cell,37954,99005,38.34
sample07941,no,PBMC,cd8_t_cell,19955,99005,20.16
sample07941,no,PBMC,monocyte,17778,99005,17.96
sample07941,no,PBMC,nk_cell,13627,99005,13.76
sample07942,no,PBMC,b_cell,13070,101253,12.91
sample07942,no,PBMC,cd4_t_cell,27102,101253,26.77
sample07942,no,PBMC,cd8_t_cell,24349,101253,24.05
sample07942,no,PBMC,monocyte,17387,101253,17.17
sample07942,no,PBMC,nk_cell,19345,101253,19.11
sample07943,no,PBMC,b_cell,7757,96982,8.0
sample07943,no,PBMC,cd4_t_cell,27844,96982,28.71
sample07943,no,PBMC,cd8_t_cell,32543,96982,33.56
sample07943,no,PBMC,monocyte,16455,96982,16.97
sample07943,no,PBMC,nk_cell,12383,96982,12.77
sample07959,no,PBMC,b_cell,4604,95855,4.8
sample07959,no,PBMC,cd4_t_cell,27696,95855,28.89
sample07959,no,PBMC,cd8_t_cell,21259,95855,22.18
sample07959,no,PBMC,monocyte,23365,95855,24.38
sample07959,no,PBMC,nk_cell,18931,95855,19.75
sample07960,no,PBMC,b_cell,7803,105859,7.37
sample07960,no,PBMC,cd4_t_cell,30088,105859,28.42
sample07960,no,PBMC,cd8_t_cell,17733,105859,16.75
sample07960,no,PBMC,monocyte,26836,105859,25.35
sample07960,no,PBMC,nk_cell,23399,105859,22.1
sample07961,no,PBMC,b_cell,12023,102393,11.74
sample07961,no,PBMC,cd4_t_cell,34306,102393,33.5
sample07961,no,PBMC,cd8_t_cell,23844,102393,23.29
sample07961,no,PBMC,monocyte,13346,102393,13.03
sample07961,no,PBMC,nk_cell,18874,102393,18.43
sample07968,yes,PBMC,b_cell,6744,105329,6.4
sample07968,yes,PBMC,cd4_t_cell,29708,105329,28.2
sample07968,yes,PBMC,cd8_t_cell,36185,105329,34.35
sample07968,yes,PBMC,monocyte,25009,105329,23.74
sample07968,yes,PBMC,nk_cell,7683,105329,7.29
sample07969,yes,PBMC,b_cell,8717,108151,8.06
sample07969,yes,PBMC,cd4_t_cell,33798,108151,31.25
sample07969,yes,PBMC,cd8_t_cell,26930,108151,24.9
sample07969,yes,PBMC,monocyte,29061,108151,26.87
sample07969,yes,PBMC,nk_cell,9645,108151,8.92
sample07970,yes,PBMC,b_cell,17805,100212,17.77
sample07970,yes,PBMC,cd4_t_cell,28749,100212,28.69
sample07970,yes,PBMC,cd8_t_cell,23595,100212,23.55
sample07970,yes,PBMC,monocyte,21737,100212,21.69
sample07970,yes,PBMC,nk_cell,8326,100212,8.31
sample08004,no,PBMC,b_cell,4598,96921,4.74
sample08004,no,PBMC,cd4_t_cell,27383,96921,28.25
sample08004,no,PBMC,cd8_t_cell,29014,96921,29.94
sample08004,no,PBMC,monocyte,16936,96921,17.47
sample08004,no,PBMC,nk_cell,18990,96921,19.59
sample08005,no,PBMC,b_cell,12834,109359,11.74
sample08005,no,PBMC,cd4_t_cell,32578,109359,29.79
sample08005,no,PBMC,cd8_t_cell,20209,109359,18.48
sample08005,no,PBMC,monocyte,24792,109359,22.67
sample08005,no,PBMC,nk_cell,18946,109359,17.32
sample08006,no,PBMC,b_cell,9672,104642,9.24
sample08006,no,PBMC,cd4_t_cell,36329,104642,34.72
sample08006,no,PBMC,cd8_t_cell,22865,104642,21.85
sample08006,no,PBMC,monocyte,24645,104642,23.55
sample08006,no,PBMC,nk_cell,11131,104642,10.64
sample08013,no,PBMC,b_cell,10472,92516,11.32
sample08013,no,PBMC,cd4_t_cell,24995,92516,27.02
sample08013,no,PBMC,cd8_t_cell,28303,92516,30.59
sample08013,no,PBMC,monocyte,16597,92516,17.94
sample08013,no,PBMC,nk_cell,12149,92516,13.13
sample08014,no,PBMC,b_cell,12468,101723,12.26
sample08014,no,PBMC,cd4_t_cell,26902,101723,26.45
sample08014,no,PBMC,cd8_t_cell,27467,101723,27.0
sample08014,no,PBMC,monocyte,13850,101723,13.62
sample08014,no,PBMC,nk_cell,21036,101723,20.68
sample08015,no,PBMC,b_cell,12870,103548,12.43
sample08015,no,PBMC,cd4_t_cell,28221,103548,27.25
sample08015,no,PBMC,cd8_t_cell,21420,103548,20.69
sample08015,no,PBMC,monocyte,24932,103548,24.08
sample08015,no,PBMC,nk_cell,16105,103548,15.55
sample08028,no,PBMC,b_cell,9014,98602,9.14
sample08028,no,PBMC,cd4_t_cell,29829,98602,30.25
sample08028,no,PBMC,cd8_t_cell,23885,98602,24.22
sample08028,no,PBMC,monocyte,21641,98602,21.95
sample08028,no,PBMC,nk_cell,14233,98602,14.43
sample08029,no,PBMC,b_cell,7116,100947,7.05
sample08029,no,PBMC,cd4_t_cell,26921,100947,26.67
sample08029,no,PBMC,cd8_t_cell,26622,100947,26.37
sample08029,no,PBMC,monocyte,22444,100947,22.23
sample08029,no,PBMC,nk_cell,17844,100947,17.68
sample08030,no,PBMC,b_cell,14646,98181,14.92
sample08030,no,PBMC,cd4_t_cell,24611,98181,25.07
sample08030,no,PBMC,cd8_t_cell,24341,98181,24.79
sample08030,no,PBMC,monocyte,19493,98181,19.85
sample08030,no,PBMC,nk_cell,15090,98181,15.37
sample08040,yes,PBMC,b_cell,9791,110353,8.87
sample08040,yes,PBMC,cd4_t_cell,32793,110353,29.72
sample08040,yes,PBMC,cd8_t_cell,31418,110353,28.47
sample08040,yes,PBMC,monocyte,17186,110353,15.57
sample08040,yes,PBMC,nk_cell,19165,110353,17.37
sample08041,yes,PBMC,b_cell,5832,94887,6.15
sample08041,yes,PBMC,cd4_t_cell,36824,94887,38.81
sample08041,yes,PBMC,cd8_t_cell,17089,94887,18.01
sample08041,yes,PBMC,monocyte,15474,94887,16.31
sample08041,yes,PBMC,nk_cell,19668,94887,20.73
sample08042,yes,PBMC,b_cell,12863,103315,12.45
sample08042,yes,PBMC,cd4_t_cell,33233,103315,32.17
sample08042,yes,PBMC,cd8_t_cell,18887,103315,18.28
sample08042,yes,PBMC,monocyte,17907,103315,17.33
sample08042,yes,PBMC,nk_cell,20425,103315,19.77
sample08049,no,PBMC,b_cell,9455,96874,9.76
sample08049,no,PBMC,cd4_t_cell,37284,96874,38.49
sample08049,no,PBMC,cd8_t_cell,23832,96874,24.6
sample08049,no,PBMC,monocyte,15926,96874,16.44
sample08049,no,PBMC,nk_cell,10377,96874,10.71
sample08050,no,PBMC,b_cell,6733,92489,7.28
sample08050,no,PBMC,cd4_t_cell,32918,92489,35.59
sample08050,no,PBMC,cd8_t_cell,26324,92489,28.46
sample08050,no,PBMC,monocyte,17862,92489,19.31
sample08050,no,PBMC,nk_cell,8652,92489,9.35
sample08051,no,PBMC,b_cell,11344,92654,12.24
sample08051,no,PBMC,cd4_t_cell,29358,92654,31.69
sample08051,no,PBMC,cd8_t_cell,23031,92654,24.86
sample08051,no,PBMC,monocyte,15114,92654,16.31
sample08051,no,PBMC,nk_cell,13807,92654,14.9
sample08055,yes,PBMC,b_cell,8444,99750,8.47
sample08055,yes,PBMC,cd4_t_cell,40070,99750,40.17
sample08055,yes,PBMC,cd8_t_cell,21389,99750,21.44
sample08055,yes,PBMC,monocyte,15353,99750,15.39
sample08055,yes,PBMC,nk_cell,14494,99750,14.53
sample08056,yes,PBMC,b_cell,7265,104366,6.96
sample08056,yes,PBMC,cd4_t_cell,35332,104366,33.85
sample08056,yes,PBMC,cd8_t_cell,21960,104366,21.04
sample08056,yes,PBMC,monocyte,25634,104366,24.56
sample08056,yes,PBMC,nk_cell,14175,104366,13.58
sample08057,yes,PBMC,b_cell,10734,98727,10.87
sample08057,yes,PBMC,cd4_t_cell,24927,98727,25.25
sample08057,yes,PBMC,cd8_t_cell,25285,98727,25.61
sample08057,yes,PBMC,monocyte,21183,98727,21.46
sample08057,yes,PBMC,nk_cell,16598,98727,16.81
sample08064,no,PBMC,b_cell,9017,102491,8.8
sample08064,no,PBMC,cd4_t_cell,29574,102491,28.86
sample08064,no,PBMC,cd8_t_cell,34616,102491,33.77
sample08064,no,PBMC,monocyte,16164,102491,15.77
sample08064,no,PBMC,nk_cell,13120,102491,12.8
sample08065,no,PBMC,b_cell,7321,102539,7.14
sample08065,no,PBMC,cd4_t_cell,33690,102539,32.86
sample08065,no,PBMC,cd8_t_cell,27890,102539,27.2
sample08065,no,PBMC,monocyte,20673,102539,20.16
sample08065,no,PBMC,nk_cell,12965,102539,12.64
sample08066,no,PBMC,b_cell,7097,102946,6.89
sample08066,no,PBMC,cd4_t_cell,35172,102946,34.17
sample08066,no,PBMC,cd8_t_cell,26249,102946,25.5
sample08066,no,PBMC,monocyte,18386,102946,17.86
sample08066,no,PBMC,nk_cell,16042,102946,15.58
sample08076,no,PBMC,b_cell,12469,91607,13.61
sample08076,no,PBMC,cd4_t_cell,23037,91607,25.15
sample08076,no,PBMC,cd8_t_cell,22205,91607,24.24
sample08076,no,PBMC,monocyte,18375,91607,20.06
sample08076,no,PBMC,nk_cell,15521,91607,16.94
sample08077,no,PBMC,b_cell,8379,103065,8.13
sample08077,no,PBMC,cd4_t_cell,33179,103065,32.19
sample08077,no,PBMC,cd8_t_cell,21798,103065,21.15
sample08077,no,PBMC,monocyte,24365,103065,23.64
sample08077,no,PBMC,nk_cell,15344,103065,14.89
sample08078,no,PBMC,b_cell,5602,90609,6.18
sample08078,no,PBMC,cd4_t_cell,24197,90609,26.7
sample08078,no,PBMC,cd8_t_cell,18946,90609,20.91
sample08078,no,PBMC,monocyte,19915,90609,21.98
sample08078,no,PBMC,nk_cell,21949,90609,24.22
sample08085,yes,PBMC,b_cell,19886,111862,17.78
sample08085,yes,PBMC,cd4_t_cell,29707,111862,26.56
sample08085,yes,PBMC,cd8_t_cell,26736,111862,23.9
sample08085,yes,PBMC,monocyte,20120,111862,17.99
sample08085,yes,PBMC,nk_cell,15413,111862,13.78
sample08086,yes,PBMC,b_cell,10282,97692,10.52
sample08086,yes,PBMC,cd4_t_cell,33312,97692,34.1
sample08086,yes,PBMC,cd8_t_cell,20156,97692,20.63
sample08086,yes,PBMC,monocyte,19337,97692,19.79
sample08086,yes,PBMC,nk_cell,14605,97692,14.95
sample08087,yes,PBMC,b_cell,7657,109839,6.97
sample08087,yes,PBMC,cd4_t_cell,23594,109839,21.48
sample08087,yes,PBMC,cd8_t_cell,28111,109839,25.59
sample08087,yes,PBMC,monocyte,21802,109839,19.85
sample08087,yes,PBMC,nk_cell,28675,109839,26.11
sample08118,no,PBMC,b_cell,8591,89842,9.56
sample08118,no,PBMC,cd4_t_cell,24933,89842,27.75
sample08118,no,PBMC,cd8_t_cell,26673,89842,29.69
sample08118,no,PBMC,monocyte,20486,89842,22.8
sample08118,no,PBMC,nk_cell,9159,89842,10.19
sample08119,no,PBMC,b_cell,9480,97880,9.69
sample08119,no,PBMC,cd4_t_cell,29566,97880,30.21
sample08119,no,PBMC,cd8_t_cell,23693,97880,24.21
sample08119,no,PBMC,monocyte,22644,97880,23.13
sample08119,no,PBMC,nk_cell,12497,97880,12.77
sample08120,no,PBMC,b_cell,9674,91973,10.52
sample08120,no,PBMC,cd4_t_cell,33114,91973,36.0
sample08120,no,PBMC,cd8_t_cell,21334,91973,23.2
sample08120,no,PBMC,monocyte,16199,91973,17.61
sample08120,no,PBMC,nk_cell,11652,91973,12.67
sample08121,yes,PBMC,b_cell,5782,92948,6.22
sample08121,yes,PBMC,cd4_t_cell,33461,92948,36.0
sample08121,yes,PBMC,cd8_t_cell,33152,92948,35.67
sample08121,yes,PBMC,monocyte,12369,92948,13.31
sample08121,yes,PBMC,nk_cell,8184,92948,8.8
sample08122,yes,PBMC,b_cell,8920,108753,8.2
sample08122,yes,PBMC,cd4_t_cell,31088,108753,28.59
sample08122,yes,PBMC,cd8_t_cell,18563,108753,17.07
sample08122,yes,PBMC,monocyte,33110,108753,30.45
sample08122,yes,PBMC,nk_cell,17072,108753,15.7
sample08123,yes,PBMC,b_cell,7307,107879,6.77
sample08123,yes,PBMC,cd4_t_cell,32353,107879,29.99
sample08123,yes,PBMC,cd8_t_cell,32907,107879,30.5
sample08123,yes,PBMC,monocyte,21626,107879,20.05
sample08123,yes,PBMC,nk_cell,13686,107879,12.69
sample08127,yes,PBMC,b_cell,14061,103846,13.54
sample08127,yes,PBMC,cd4_t_cell,35999,103846,34.67
sample08127,yes,PBMC,cd8_t_cell,26592,103846,25.61
sample08127,yes,PBMC,monocyte,11791,103846,11.35
sample08127,yes,PBMC,nk_cell,15403,103846,14.83
sample08128,yes,PBMC,b_cell,14190,107342,13.22
sample08128,yes,PBMC,cd4_t_cell,26611,107342,24.79
sample08128,yes,PBMC,cd8_t_cell,27722,107342,25.83
sample08128,yes,PBMC,monocyte,21312,107342,19.85
sample08128,yes,PBMC,nk_cell,17507,107342,16.31
sample08129,yes,PBMC,b_cell,9749,107931,9.03
sample08129,yes,PBMC,cd4_t_cell,31749,107931,29.42
sample08129,yes,PBMC,cd8_t_cell,27922,107931,25.87
sample08129,yes,PBMC,monocyte,23312,107931,21.6
sample08129,yes,PBMC,nk_cell,15199,107931,14.08
sample08133,no,PBMC,b_cell,4523,88963,5.08
sample08133,no,PBMC,cd4_t_cell,23202,88963,26.08
sample08133,no,PBMC,cd8_t_cell,21910,88963,24.63
sample08133,no,PBMC,monocyte,26343,88963,29.61
sample08133,no,PBMC,nk_cell,12985,88963,14.6
sample08134,no,PBMC,b_cell,12758,101696,12.55
sample08134,no,PBMC,cd4_t_cell,24817,101696,24.4
sample08134,no,PBMC,cd8_t_cell,26346,101696,25.91
sample08134,no,PBMC,monocyte,21288,101696,20.93
sample08134,no,PBMC,nk_cell,16487,101696,16.21
sample08135,no,PBMC,b_cell,11098,103351,10.74
sample08135,no,PBMC,cd4_t_cell,32735,103351,31.67
sample08135,no,PBMC,cd8_t_cell,23848,103351,23.07
sample08135,no,PBMC,monocyte,20126,103351,19.47
sample08135,no,PBMC,nk_cell,15544,103351,15.04
sample08142,no,PBMC,b_cell,7283,96510,7.55
sample08142,no,PBMC,cd4_t_cell,24486,96510,25.37
sample08142,no,PBMC,cd8_t_cell,24831,96510,25.73
sample08142,no,PBMC,monocyte,26606,96510,27.57
sample08142,no,PBMC,nk_cell,13304,96510,13.79
sample08143,no,PBMC,b_cell,13676,100918,13.55
sample08143,no,PBMC,cd4_t_cell,24275,100918,24.05
sample08143,no,PBMC,cd8_t_cell,29597,100918,29.33
sample08143,no,PBMC,monocyte,14449,100918,14.32
sample08143,no,PBMC,nk_cell,18921,100918,18.75
sample08144,no,PBMC,b_cell,19121,103566,18.46
sample08144,no,PBMC,cd4_t_cell,30469,103566,29.42
sample08144,no,PBMC,cd8_t_cell,25848,103566,24.96
sample08144,no,PBMC,monocyte,17874,103566,17.26
sample08144,no,PBMC,nk_cell,10254,103566,9.9
sample08151,yes,PBMC,b_cell,6325,93321,6.78
sample08151,yes,PBMC,cd4_t_cell,26748,93321,28.66
sample08151,yes,PBMC,cd8_t_cell,28447,93321,30.48
sample08151,yes,PBMC,monocyte,16069,93321,17.22
sample08151,yes,PBMC,nk_cell,15732,93321,16.86
sample08152,yes,PBMC,b_cell,9306,97016,9.59
sample08152,yes,PBMC,cd4_t_cell,20747,97016,21.39
sample08152,yes,PBMC,cd8_t_cell,28673,97016,29.55
sample08152,yes,PBMC,monocyte,26471,97016,27.29
sample08152,yes,PBMC,nk_cell,11819,97016,12.18
sample08153,yes,PBMC,b_cell,6245,101829,6.13
sample08153,yes,PBMC,cd4_t_cell,36417,101829,35.76
sample08153,yes,PBMC,cd8_t_cell,24319,101829,23.88
sample08153,yes,PBMC,monocyte,22170,101829,21.77
sample08153,yes,PBMC,nk_cell,12678,101829,12.45
sample08160,no,PBMC,b_cell,5245,93278,5.62
sample08160,no,PBMC,cd4_t_cell,24920,93278,26.72
sample08160,no,PBMC,cd8_t_cell,25765,93278,27.62
sample08160,no,PBMC,monocyte,15535,93278,16.65
sample08160,no,PBMC,nk_cell,21813,93278,23.38
sample08161,no,PBMC,b_cell,11963,97216,12.31
sample08161,no,PBMC,cd4_t_cell,36091,97216,37.12
sample08161,no,PBMC,cd8_t_cell,21513,97216,22.13
sample08161,no,PBMC,monocyte,17869,97216,18.38
sample08161,no,PBMC,nk_cell,9780,97216,10.06
sample08162,no,PBMC,b_cell,8068,104789,7.7
sample08162,no,PBMC,cd4_t_cell,34456,104789,32.88
sample08162,no,PBMC,cd8_t_cell,25447,104789,24.28
sample08162,no,PBMC,monocyte,18030,104789,17.21
sample08162,no,PBMC,nk_cell,18788,104789,17.93
sample08166,yes,PBMC,b_cell,10024,105393,9.51
sample08166,yes,PBMC,cd4_t_cell,27980,105393,26.55
sample08166,yes,PBMC,cd8_t_cell,23826,105393,22.61
sample08166,yes,PBMC,monocyte,31341,105393,29.74
sample08166,yes,PBMC,nk_cell,12222,105393,11.6
sample08167,yes,PBMC,b_cell,6585,99748,6.6
sample08167,yes,PBMC,cd4_t_cell,29797,99748,29.87
sample08167,yes,PBMC,cd8_t_cell,23583,99748,23.64
sample08167,yes,PBMC,monocyte,24088,99748,24.15
sample08167,yes,PBMC,nk_cell,15695,99748,15.73
sample08168,yes,PBMC,b_cell,6514,106473,6.12
sample08168,yes,PBMC,cd4_t_cell,32534,106473,30.56
sample08168,yes,PBMC,cd8_t_cell,37377,106473,35.1
sample08168,yes,PBMC,monocyte,13037,106473,12.24
sample08168,yes,PBMC,nk_cell,17011,106473,15.98
sample08178,yes,PBMC,b_cell,12667,96265,13.16
sample08178,yes,PBMC,cd4_t_cell,30448,96265,31.63
sample08178,yes,PBMC,cd8_t_cell,29486,96265,30.63
sample08178,yes,PBMC,monocyte,8312,96265,8.63
sample08178,yes,PBMC,nk_cell,15352,96265,15.95
sample08179,yes,PBMC,b_cell,13310,100053,13.3
sample08179,yes,PBMC,cd4_t_cell,25621,100053,25.61
sample08179,yes,PBMC,cd8_t_cell,19796,100053,19.79
sample08179,yes,PBMC,monocyte,28621,100053,28.61
sample08179,yes,PBMC,nk_cell,12705,100053,12.7
sample08180,yes,PBMC,b_cell,6149,99311,6.19
sample08180,yes,PBMC,cd4_t_cell,27900,99311,28.09
sample08180,yes,PBMC,cd8_t_cell,32684,99311,32.91
sample08180,yes,PBMC,monocyte,13632,99311,13.73
sample08180,yes,PBMC,nk_cell,18946,99311,19.08
sample08184,no,PBMC,b_cell,9598,89768,10.69
sample08184,no,PBMC,cd4_t_cell,27606,89768,30.75
sample08184,no,PBMC,cd8_t_cell,19459,89768,21.68
sample08184,no,PBMC,monocyte,21185,89768,23.6
sample08184,no,PBMC,nk_cell,11920,89768,13.28
sample08185,no,PBMC,b_cell,13150,97157,13.53
sample08185,no,PBMC,cd4_t_cell,23672,97157,24.36
sample08185,no,PBMC,cd8_t_cell,22779,97157,23.45
sample08185,no,PBMC,monocyte,27080,97157,27.87
sample08185,no,PBMC,nk_cell,10476,97157,10.78
sample08186,no,PBMC,b_cell,11499,108140,10.63
sample08186,no,PBMC,cd4_t_cell,24012,108140,22.2
sample08186,no,PBMC,cd8_t_cell,19785,108140,18.3
sample08186,no,PBMC,monocyte,20124,108140,18.61
sample08186,no,PBMC,nk_cell,32720,108140,30.26
sample08199,yes,PBMC,b_cell,8721,96680,9.02
sample08199,yes,PBMC,cd4_t_cell,27434,96680,28.38
sample08199,yes,PBMC,cd8_t_cell,23729,96680,24.54
sample08199,yes,PBMC,monocyte,18213,96680,18.84
sample08199,yes,PBMC,nk_cell,18583,96680,19.22
sample08200,yes,PBMC,b_cell,17503,99194,17.65
sample08200,yes,PBMC,cd4_t_cell,27539,99194,27.76
sample08200,yes,PBMC,cd8_t_cell,28817,99194,29.05
sample08200,yes,PBMC,monocyte,14866,99194,14.99
sample08200,yes,PBMC,nk_cell,10469,99194,10.55
sample08201,yes,PBMC,b_cell,6432,94484,6.81
sample08201,yes,PBMC,cd4_t_cell,22470,94484,23.78
sample08201,yes,PBMC,cd8_t_cell,21440,94484,22.69
sample08201,yes,PBMC,monocyte,27380,94484,28.98
sample08201,yes,PBMC,nk_cell,16762,94484,17.74
sample08214,no,PBMC,b_cell,6094,91927,6.63
sample08214,no,PBMC,cd4_t_cell,24678,91927,26.85
sample08214,no,PBMC,cd8_t_cell,24636,91927,26.8
sample08214,no,PBMC,monocyte,19599,91927,21.32
sample08214,no,PBMC,nk_cell,16920,91927,18.41
sample08215,no,PBMC,b_cell,10520,102929,10.22
sample08215,no,PBMC,cd4_t_cell,29743,102929,28.9
sample08215,no,PBMC,cd8_t_cell,26667,102929,25.91
sample08215,no,PBMC,monocyte,19295,102929,18.75
sample08215,no,PBMC,nk_cell,16704,102929,16.23
sample08216,no,PBMC,b_cell,6069,98092,6.19
sample08216,no,PBMC,cd4_t_cell,43157,98092,44.0
sample08216,no,PBMC,cd8_t_cell,25041,98092,25.53
sample08216,no,PBMC,monocyte,13702,98092,13.97
sample08216,no,PBMC,nk_cell,10123,98092,10.32
sample08247,yes,PBMC,b_cell,17019,109831,15.5
sample08247,yes,PBMC,cd4_t_cell,31861,109831,29.01
sample08247,yes,PBMC,cd8_t_cell,22848,109831,20.8
sample08247,yes,PBMC,monocyte,22727,109831,20.69
sample08247,yes,PBMC,nk_cell,15376,109831,14.0
sample08248,yes,PBMC,b_cell,5267,113034,4.66
sample08248,yes,PBMC,cd4_t_cell,41707,113034,36.9
sample08248,yes,PBMC,cd8_t_cell,19568,113034,17.31
sample08248,yes,PBMC,monocyte,18784,113034,16.62
sample08248,yes,PBMC,nk_cell,27708,113034,24.51
sample08249,yes,PBMC,b_cell,11026,94422,11.68
sample08249,yes,PBMC,cd4_t_cell,31281,94422,33.13
sample08249,yes,PBMC,cd8_t_cell,24005,94422,25.42
sample08249,yes,PBMC,monocyte,11881,94422,12.58
sample08249,yes,PBMC,nk_cell,16229,94422,17.19
sample08274,yes,PBMC,b_cell,10298,108507,9.49
sample08274,yes,PBMC,cd4_t_cell,35184,108507,32.43
sample08274,yes,PBMC,cd8_t_cell,27993,108507,25.8
sample08274,yes,PBMC,monocyte,23412,108507,21.58
sample08274,yes,PBMC,nk_cell,11620,108507,10.71
sample08275,yes,PBMC,b_cell,5838,108370,5.39
sample08275,yes,PBMC,cd4_t_cell,30020,108370,27.7
sample08275,yes,PBMC,cd8_t_cell,18953,108370,17.49
sample08275,yes,PBMC,monocyte,33068,108370,30.51
sample08275,yes,PBMC,nk_cell,20491,108370,18.91
sample08276,yes,PBMC,b_cell,12570,98707,12.73
sample08276,yes,PBMC,cd4_t_cell,27668,98707,28.03
sample08276,yes,PBMC,cd8_t_cell,25894,98707,26.23
sample08276,yes,PBMC,monocyte,21196,98707,21.47
sample08276,yes,PBMC,nk_cell,11379,98707,11.53
sample08277,no,PBMC,b_cell,9835,106002,9.28
sample08277,no,PBMC,cd4_t_cell,32454,106002,30.62
sample08277,no,PBMC,cd8_t_cell,22966,106002,21.67
sample08277,no,PBMC,monocyte,28332,106002,26.73
sample08277,no,PBMC,nk_cell,12415,106002,11.71
sample08278,no,PBMC,b_cell,10494,96037,10.93
sample08278,no,PBMC,cd4_t_cell,33420,96037,34.8
sample08278,no,PBMC,cd8_t_cell,24711,96037,25.73
sample08278,no,PBMC,monocyte,16464,96037,17.14
sample08278,no,PBMC,nk_cell,10948,96037,11.4
sample08279,no,PBMC,b_cell,7864,92248,8.52
sample08279,no,PBMC,cd4_t_cell,24909,92248,27.0
sample08279,no,PBMC,cd8_t_cell,23486,92248,25.46
sample08279,no,PBMC,monocyte,18998,92248,20.59
sample08279,no,PBMC,nk_cell,16991,92248,18.42
sample08289,yes,PBMC,b_cell,13613,105215,12.94
sample08289,yes,PBMC,cd4_t_cell,29006,105215,27.57
sample08289,yes,PBMC,cd8_t_cell,33505,105215,31.84
sample08289,yes,PBMC,monocyte,20119,105215,19.12
sample08289,yes,PBMC,nk_cell,8972,105215,8.53
sample08290,yes,PBMC,b_cell,13685,108390,12.63
sample08290,yes,PBMC,cd4_t_cell,35718,108390,32.95
sample08290,yes,PBMC,cd8_t_cell,20899,108390,19.28
sample08290,yes,PBMC,monocyte,22510,108390,20.77
sample08290,yes,PBMC,nk_cell,15578,108390,14.37
sample08291,yes,PBMC,b_cell,13507,111328,12.13
sample08291,yes,PBMC,cd4_t_cell,29828,111328,26.79
sample08291,yes,PBMC,cd8_t_cell,14964,111328,13.44
sample08291,yes,PBMC,monocyte,29977,111328,26.93
sample08291,yes,PBMC,nk_cell,23052,111328,20.71
sample08298,yes,PBMC,b_cell,7947,100065,7.94
sample08298,yes,PBMC,cd4_t_cell,29392,100065,29.37
sample08298,yes,PBMC,cd8_t_cell,34569,100065,34.55
sample08298,yes,PBMC,monocyte,16365,100065,16.35
sample08298,yes,PBMC,nk_cell,11792,100065,11.78
sample08299,yes,PBMC,b_cell,15212,103180,14.74
sample08299,yes,PBMC,cd4_t_cell,25743,103180,24.95
sample08299,yes,PBMC,cd8_t_cell,32610,103180,31.6
sample08299,yes,PBMC,monocyte,18818,103180,18.24
sample08299,yes,PBMC,nk_cell,10797,103180,10.46
sample08300,yes,PBMC,b_cell,15584,95440,16.33
sample08300,yes,PBMC,cd4_t_cell,28361,95440,29.72
sample08300,yes,PBMC,cd8_t_cell,25142,95440,26.34
sample08300,yes,PBMC,monocyte,16576,95440,17.37
sample08300,yes,PBMC,nk_cell,9777,95440,10.24
sample08304,no,PBMC,b_cell,12932,98462,13.13
sample08304,no,PBMC,cd4_t_cell,34954,98462,35.5
sample08304,no,PBMC,cd8_t_cell,19448,98462,19.75
sample08304,no,PBMC,monocyte,16544,98462,16.8
sample08304,no,PBMC,nk_cell,14584,98462,14.81
sample08305,no,PBMC,b_cell,15545,96591,16.09
sample08305,no,PBMC,cd4_t_cell,19065,96591,19.74
sample08305,no,PBMC,cd8_t_cell,23242,96591,24.06
sample08305,no,PBMC,monocyte,19136,96591,19.81
sample08305,no,PBMC,nk_cell,19603,96591,20.29
sample08306,no,PBMC,b_cell,9183,92929,9.88
sample08306,no,PBMC,cd4_t_cell,23996,92929,25.82
sample08306,no,PBMC,cd8_t_cell,23503,92929,25.29
sample08306,no,PBMC,monocyte,24019,92929,25.85
sample08306,no,PBMC,nk_cell,12228,92929,13.16
sample08313,no,PBMC,b_cell,8742,90231,9.69
sample08313,no,PBMC,cd4_t_cell,26722,90231,29.62
sample08313,no,PBMC,cd8_t_cell,16394,90231,18.17
sample08313,no,PBMC,monocyte,23165,90231,25.67
sample08313,no,PBMC,nk_cell,15208,90231,16.85
sample08314,no,PBMC,b_cell,10502,101696,10.33
sample08314,no,PBMC,cd4_t_cell,28478,101696,28.0
sample08314,no,PBMC,cd8_t_cell,32298,101696,31.76
sample08314,no,PBMC,monocyte,16437,101696,16.16
sample08314,no,PBMC,nk_cell,13981,101696,13.75
sample08315,no,PBMC,b_cell,9652,101310,9.53
sample08315,no,PBMC,cd4_t_cell,32094,101310,31.68
sample08315,no,PBMC,cd8_t_cell,22157,101310,21.87
sample08315,no,PBMC,monocyte,20707,101310,20.44
sample08315,no,PBMC,nk_cell,16700,101310,16.48
sample08325,no,PBMC,b_cell,8705,95548,9.11
sample08325,no,PBMC,cd4_t_cell,22453,95548,23.5
sample08325,no,PBMC,cd8_t_cell,26221,95548,27.44
sample08325,no,PBMC,monocyte,23228,95548,24.31
sample08325,no,PBMC,nk_cell,14941,95548,15.64
sample08326,no,PBMC,b_cell,5399,98590,5.48
sample08326,no,PBMC,cd4_t_cell,27050,98590,27.44
sample08326,no,PBMC,cd8_t_cell,31040,98590,31.48
sample08326,no,PBMC,monocyte,18700,98590,18.97
sample08326,no,PBMC,nk_cell,16401,98590,16.64
sample08327,no,PBMC,b_cell,12984,100877,12.87
sample08327,no,PBMC,cd4_t_cell,33072,100877,32.78
sample08327,no,PBMC,cd8_t_cell,22174,100877,21.98
sample08327,no,PBMC,monocyte,18755,100877,18.59
sample08327,no,PBMC,nk_cell,13892,100877,13.77
sample08328,yes,PBMC,b_cell,4627,95061,4.87
sample08328,yes,PBMC,cd4_t_cell,36750,95061,38.66
sample08328,yes,PBMC,cd8_t_cell,19791,95061,20.82
sample08328,yes,PBMC,monocyte,25085,95061,26.39
sample08328,yes,PBMC,nk_cell,8808,95061,9.27
sample08329,yes,PBMC,b_cell,8978,98209,9.14
sample08329,yes,PBMC,cd4_t_cell,31820,98209,32.4
sample08329,yes,PBMC,cd8_t_cell,27935,98209,28.44
sample08329,yes,PBMC,monocyte,16095,98209,16.39
sample08329,yes,PBMC,nk_cell,13381,98209,13.63
sample08330,yes,PBMC,b_cell,3972,103501,3.84
sample08330,yes,PBMC,cd4_t_cell,40555,103501,39.18
sample08330,yes,PBMC,cd8_t_cell,26068,103501,25.19
sample08330,yes,PBMC,monocyte,13155,103501,12.71
sample08330,yes,PBMC,nk_cell,19751,103501,19.08
sample08331,no,PBMC,b_cell,12029,95458,12.6
sample08331,no,PBMC,cd4_t_cell,27399,95458,28.7
sample08331,no,PBMC,cd8_t_cell,18910,95458,19.81
sample08331,no,PBMC,monocyte,25786,95458,27.01
sample08331,no,PBMC,nk_cell,11334,95458,11.87
sample08332,no,PBMC,b_cell,19959,93704,21.3
sample08332,no,PBMC,cd4_t_cell,20661,93704,22.05
sample08332,no,PBMC,cd8_t_cell,15386,93704,16.42
sample08332,no,PBMC,monocyte,16956,93704,18.1
sample08332,no,PBMC,nk_cell,20742,93704,22.14
sample08333,no,PBMC,b_cell,16190,98652,16.41
sample08333,no,PBMC,cd4_t_cell,25085,98652,25.43
sample08333,no,PBMC,cd8_t_cell,21875,98652,22.17
sample08333,no,PBMC,monocyte,18273,98652,18.52
sample08333,no,PBMC,nk_cell,17229,98652,17.46
sample08334,no,PBMC,b_cell,6453,103149,6.26
sample08334,no,PBMC,cd4_t_cell,32344,103149,31.36
sample08334,no,PBMC,cd8_t_cell,24653,103149,23.9
sample08334,no,PBMC,monocyte,24070,103149,23.34
sample08334,no,PBMC,nk_cell,15629,103149,15.15
sample08335,no,PBMC,b_cell,9116,93631,9.74
sample08335,no,PBMC,cd4_t_cell,32402,93631,34.61
sample08335,no,PBMC,cd8_t_cell,25028,93631,26.73
sample08335,no,PBMC,monocyte,14425,93631,15.41
sample08335,no,PBMC,nk_cell,12660,93631,13.52
sample08336,no,PBMC,b_cell,11006,103955,10.59
sample08336,no,PBMC,cd4_t_cell,33609,103955,32.33
sample08336,no,PBMC,cd8_t_cell,21822,103955,20.99
sample08336,no,PBMC,monocyte,20201,103955,19.43
sample08336,no,PBMC,nk_cell,17317,103955,16.66
sample08337,yes,PBMC,b_cell,7005,104118,6.73
sample08337,yes,PBMC,cd4_t_cell,36767,104118,35.31
sample08337,yes,PBMC,cd8_t_cell,30638,104118,29.43
sample08337,yes,PBMC,monocyte,17054,104118,16.38
sample08337,yes,PBMC,nk_cell,12654,104118,12.15
sample08338,yes,PBMC,b_cell,8715,105172,8.29
sample08338,yes,PBMC,cd4_t_cell,28429,105172,27.03
sample08338,yes,PBMC,cd8_t_cell,30058,105172,28.58
sample08338,yes,PBMC,monocyte,27942,105172,26.57
sample08338,yes,PBMC,nk_cell,10028,105172,9.53
sample08339,yes,PBMC,b_cell,15566,99255,15.68
sample08339,yes,PBMC,cd4_t_cell,27229,99255,27.43
sample08339,yes,PBMC,cd8_t_cell,27591,99255,27.8
sample08339,yes,PBMC,monocyte,20451,99255,20.6
sample08339,yes,PBMC,nk_cell,8418,99255,8.48
sample08349,yes,PBMC,b_cell,11883,110119,10.79
sample08349,yes,PBMC,cd4_t_cell,36552,110119,33.19
sample08349,yes,PBMC,cd8_t_cell,36070,110119,32.76
sample08349,yes,PBMC,monocyte,11454,110119,10.4
sample08349,yes,PBMC,nk_cell,14160,110119,12.86
sample08350,yes,PBMC,b_cell,9210,106719,8.63
sample08350,yes,PBMC,cd4_t_cell,33986,106719,31.85
sample08350,yes,PBMC,cd8_t_cell,33297,106719,31.2
sample08350,yes,PBMC,monocyte,13013,106719,12.19
sample08350,yes,PBMC,nk_cell,17213,106719,16.13
sample08351,yes,PBMC,b_cell,8861,97897,9.05
sample08351,yes,PBMC,cd4_t_cell,25692,97897,26.24
sample08351,yes,PBMC,cd8_t_cell,31268,97897,31.94
sample08351,yes,PBMC,monocyte,19545,97897,19.96
sample08351,yes,PBMC,nk_cell,12531,97897,12.8
sample08352,yes,PBMC,b_cell,13284,102552,12.95
sample08352,yes,PBMC,cd4_t_cell,32583,102552,31.77
sample08352,yes,PBMC,cd8_t_cell,18030,102552,17.58
sample08352,yes,PBMC,monocyte,23881,102552,23.29
sample08352,yes,PBMC,nk_cell,14774,102552,14.41
sample08353,yes,PBMC,b_cell,5340,104199,5.12
sample08353,yes,PBMC,cd4_t_cell,51089,104199,49.03
sample08353,yes,PBMC,cd8_t_cell,22875,104199,21.95
sample08353,yes,PBMC,monocyte,16437,104199,15.77
sample08353,yes,PBMC,nk_cell,8458,104199,8.12
sample08354,yes,PBMC,b_cell,10902,106650,10.22
sample08354,yes,PBMC,cd4_t_cell,28876,106650,27.08
sample08354,yes,PBMC,cd8_t_cell,29374,106650,27.54
sample08354,yes,PBMC,monocyte,22595,106650,21.19
sample08354,yes,PBMC,nk_cell,14903,106650,13.97
sample08361,yes,PBMC,b_cell,12252,108577,11.28
sample08361,yes,PBMC,cd4_t_cell,40869,108577,37.64
sample08361,yes,PBMC,cd8_t_cell,18312,108577,16.87
sample08361,yes,PBMC,monocyte,14026,108577,12.92
sample08361,yes,PBMC,nk_cell,23118,108577,21.29
sample08362,yes,PBMC,b_cell,10179,93763,10.86
sample08362,yes,PBMC,cd4_t_cell,25840,93763,27.56
sample08362,yes,PBMC,cd8_t_cell,24287,93763,25.9
sample08362,yes,PBMC,monocyte,18634,93763,19.87
sample08362,yes,PBMC,nk_cell,14823,93763,15.81
sample08363,yes,PBMC,b_cell,10200,93327,10.93
sample08363,yes,PBMC,cd4_t_cell,33812,93327,36.23
sample08363,yes,PBMC,cd8_t_cell,16461,93327,17.64
sample08363,yes,PBMC,monocyte,19073,93327,20.44
sample08363,yes,PBMC,nk_cell,13781,93327,14.77
sample08367,no,PBMC,b_cell,11958,106599,11.22
sample08367,no,PBMC,cd4_t_cell,28409,106599,26.65
sample08367,no,PBMC,cd8_t_cell,32624,106599,30.6
sample08367,no,PBMC,monocyte,15742,106599,14.77
sample08367,no,PBMC,nk_cell,17866,106599,16.76
sample08368,no,PBMC,b_cell,10157,97680,10.4
sample08368,no,PBMC,cd4_t_cell,25344,97680,25.95
sample08368,no,PBMC,cd8_t_cell,24198,97680,24.77
sample08368,no,PBMC,monocyte,18635,97680,19.08
sample08368,no,PBMC,nk_cell,19346,97680,19.81
sample08369,no,PBMC,b_cell,7158,101892,7.03
sample08369,no,PBMC,cd4_t_cell,37417,101892,36.72
sample08369,no,PBMC,cd8_t_cell,26097,101892,25.61
sample08369,no,PBMC,monocyte,15953,101892,15.66
sample08369,no,PBMC,nk_cell,15267,101892,14.98
sample08388,yes,PBMC,b_cell,7071,104700,6.75
sample08388,yes,PBMC,cd4_t_cell,34663,104700,33.11
sample08388,yes,PBMC,cd8_t_cell,21494,104700,20.53
sample08388,yes,PBMC,monocyte,27957,104700,26.7
sample08388,yes,PBMC,nk_cell,13515,104700,12.91
sample08389,yes,PBMC,b_cell,11462,97458,11.76
sample08389,yes,PBMC,cd4_t_cell,30847,97458,31.65
sample08389,yes,PBMC,cd8_t_cell,20979,97458,21.53
sample08389,yes,PBMC,monocyte,18969,97458,19.46
sample08389,yes,PBMC,nk_cell,15201,97458,15.6
sample08390,yes,PBMC,b_cell,14418,104120,13.85
sample08390,yes,PBMC,cd4_t_cell,35996,104120,34.57
sample08390,yes,PBMC,cd8_t_cell,23410,104120,22.48
sample08390,yes,PBMC,monocyte,15600,104120,14.98
sample08390,yes,PBMC,nk_cell,14696,104120,14.11
sample08397,no,PBMC,b_cell,5963,93462,6.38
sample08397,no,PBMC,cd4_t_cell,34004,93462,36.38
sample08397,no,PBMC,cd8_t_cell,20695,93462,22.14
sample08397,no,PBMC,monocyte,19193,93462,20.54
sample08397,no,PBMC,nk_cell,13607,93462,14.56
sample08398,no,PBMC,b_cell,10746,99216,10.83
sample08398,no,PBMC,cd4_t_cell,29039,99216,29.27
sample08398,no,PBMC,cd8_t_cell,26024,99216,26.23
sample08398,no,PBMC,monocyte,13676,99216,13.78
sample08398,no,PBMC,nk_cell,19731,99216,19.89
sample08399,no,PBMC,b_cell,5441,96601,5.63
sample08399,no,PBMC,cd4_t_cell,37624,96601,38.95
sample08399,no,PBMC,cd8_t_cell,32027,96601,33.15
sample08399,no,PBMC,monocyte,12857,96601,13.31
sample08399,no,PBMC,nk_cell,8652,96601,8.96
sample08403,yes,PBMC,b_cell,13644,104371,13.07
sample08403,yes,PBMC,cd4_t_cell,26718,104371,25.6
sample08403,yes,PBMC,cd8_t_cell,25161,104371,24.11
sample08403,yes,PBMC,monocyte,23576,104371,22.59
sample08403,yes,PBMC,nk_cell,15272,104371,14.63
sample08404,yes,PBMC,b_cell,14169,108854,13.02
sample08404,yes,PBMC,cd4_t_cell,32658,108854,30.0
sample08404,yes,PBMC,cd8_t_cell,20847,108854,19.15
sample08404,yes,PBMC,monocyte,23705,108854,21.78
sample08404,yes,PBMC,nk_cell,17475,108854,16.05
sample08405,yes,PBMC,b_cell,7329,98635,7.43
sample08405,yes,PBMC,cd4_t_cell,31547,98635,31.98
sample08405,yes,PBMC,cd8_t_cell,19580,98635,19.85
sample08405,yes,PBMC,monocyte,18839,98635,19.1
sample08405,yes,PBMC,nk_cell,21340,98635,21.64
sample08412,no,PBMC,b_cell,11734,96997,12.1
sample08412,no,PBMC,cd4_t_cell,26598,96997,27.42
sample08412,no,PBMC,cd8_t_cell,19490,96997,20.09
sample08412,no,PBMC,monocyte,18819,96997,19.4
sample08412,no,PBMC,nk_cell,20356,96997,20.99
sample08413,no,PBMC,b_cell,7398,100798,7.34
sample08413,no,PBMC,cd4_t_cell,36668,100798,36.38
sample08413,no,PBMC,cd8_t_cell,20470,100798,20.31
sample08413,no,PBMC,monocyte,21348,100798,21.18
sample08413,no,PBMC,nk_cell,14914,100798,14.8
sample08414,no,PBMC,b_cell,4842,99121,4.88
sample08414,no,PBMC,cd4_t_cell,18949,99121,19.12
sample08414,no,PBMC,cd8_t_cell,34402,99121,34.71
sample08414,no,PBMC,monocyte,26107,99121,26.34
sample08414,no,PBMC,nk_cell,14821,99121,14.95
sample08415,no,PBMC,b_cell,8424,90906,9.27
sample08415,no,PBMC,cd4_t_cell,31168,90906,34.29
sample08415,no,PBMC,cd8_t_cell,21893,90906,24.08
sample08415,no,PBMC,monocyte,17475,90906,19.22
sample08415,no,PBMC,nk_cell,11946,90906,13.14
sample08416,no,PBMC,b_cell,2922,94865,3.08
sample08416,no,PBMC,cd4_t_cell,32411,94865,34.17
sample08416,no,PBMC,cd8_t_cell,19228,94865,20.27
sample08416,no,PBMC,monocyte,22373,94865,23.58
sample08416,no,PBMC,nk_cell,17931,94865,18.9
sample08417,no,PBMC,b_cell,8291,96559,8.59
sample08417,no,PBMC,cd4_t_cell,19519,96559,20.21
sample08417,no,PBMC,cd8_t_cell,30808,96559,31.91
sample08417,no,PBMC,monocyte,18449,96559,19.11
sample08417,no,PBMC,nk_cell,19492,96559,20.19
sample08421,no,PBMC,b_cell,8855,101643,8.71
sample08421,no,PBMC,cd4_t_cell,33812,101643,33.27
sample08421,no,PBMC,cd8_t_cell,23343,101643,22.97
sample08421,no,PBMC,monocyte,21651,101643,21.3
sample08421,no,PBMC,nk_cell,13982,101643,13.76
sample08422,no,PBMC,b_cell,5514,102202,5.4
sample08422,no,PBMC,cd4_t_cell,34621,102202,33.88
sample08422,no,PBMC,cd8_t_cell,22372,102202,21.89
sample08422,no,PBMC,monocyte,20752,102202,20.3
sample08422,no,PBMC,nk_cell,18943,102202,18.53
sample08423,no,PBMC,b_cell,15491,92217,16.8
sample08423,no,PBMC,cd4_t_cell,21491,92217,23.3
sample08423,no,PBMC,cd8_t_cell,24063,92217,26.09
sample08423,no,PBMC,monocyte,19722,92217,21.39
sample08423,no,PBMC,nk_cell,11450,92217,12.42
sample08433,no,PBMC,b_cell,11078,100980,10.97
sample08433,no,PBMC,cd4_t_cell,29904,100980,29.61
sample08433,no,PBMC,cd8_t_cell,25561,100980,25.31
sample08433,no,PBMC,monocyte,17996,100980,17.82
sample08433,no,PBMC,nk_cell,16441,100980,16.28
sample08434,no,PBMC,b_cell,9974,91503,10.9
sample08434,no,PBMC,cd4_t_cell,35204,91503,38.47
sample08434,no,PBMC,cd8_t_cell,19146,91503,20.92
sample08434,no,PBMC,monocyte,17189,91503,18.79
sample08434,no,PBMC,nk_cell,9990,91503,10.92
sample08435,no,PBMC,b_cell,9930,94108,10.55
sample08435,no,PBMC,cd4_t_cell,32738,94108,34.79
sample08435,no,PBMC,cd8_t_cell,21542,94108,22.89
sample08435,no,PBMC,monocyte,13813,94108,14.68
sample08435,no,PBMC,nk_cell,16085,94108,17.09
sample08436,no,PBMC,b_cell,8690,104969,8.28
sample08436,no,PBMC,cd4_t_cell,27419,104969,26.12
sample08436,no,PBMC,cd8_t_cell,22052,104969,21.01
sample08436,no,PBMC,monocyte,25787,104969,24.57
sample08436,no,PBMC,nk_cell,21021,104969,20.03
sample08437,no,PBMC,b_cell,12216,92202,13.25
sample08437,no,PBMC,cd4_t_cell,23068,92202,25.02
sample08437,no,PBMC,cd8_t_cell,24996,92202,27.11
sample08437,no,PBMC,monocyte,19754,92202,21.42
sample08437,no,PBMC,nk_cell,12168,92202,13.2
sample08438,no,PBMC,b_cell,12634,96152,13.14
sample08438,no,PBMC,cd4_t_cell,27954,96152,29.07
sample08438,no,PBMC,cd8_t_cell,21780,96152,22.65
sample08438,no,PBMC,monocyte,9934,96152,10.33
sample08438,no,PBMC,nk_cell,23850,96152,24.8
sample08439,no,PBMC,b_cell,9186,98306,9.34
sample08439,no,PBMC,cd4_t_cell,32452,98306,33.01
sample08439,no,PBMC,cd8_t_cell,29401,98306,29.91
sample08439,no,PBMC,monocyte,16771,98306,17.06
sample08439,no,PBMC,nk_cell,10496,98306,10.68
sample08440,no,PBMC,b_cell,10036,91043,11.02
sample08440,no,PBMC,cd4_t_cell,27149,91043,29.82
sample08440,no,PBMC,cd8_t_cell,20647,91043,22.68
sample08440,no,PBMC,monocyte,21401,91043,23.51
sample08440,no,PBMC,nk_cell,11810,91043,12.97
sample08441,no,PBMC,b_cell,4068,95799,4.25
sample08441,no,PBMC,cd4_t_cell,39785,95799,41.53
sample08441,no,PBMC,cd8_t_cell,26378,95799,27.53
sample08441,no,PBMC,monocyte,12406,95799,12.95
sample08441,no,PBMC,nk_cell,13162,95799,13.74
sample08442,yes,PBMC,b_cell,10248,99949,10.25
sample08442,yes,PBMC,cd4_t_cell,28802,99949,28.82
sample08442,yes,PBMC,cd8_t_cell,28073,99949,28.09
sample08442,yes,PBMC,monocyte,18628,99949,18.64
sample08442,yes,PBMC,nk_cell,14198,99949,14.21
sample08443,yes,PBMC,b_cell,8147,97703,8.34
sample08443,yes,PBMC,cd4_t_cell,27320,97703,27.96
sample08443,yes,PBMC,cd8_t_cell,22649,97703,23.18
sample08443,yes,PBMC,monocyte,19243,97703,19.7
sample08443,yes,PBMC,nk_cell,20344,97703,20.82
sample08444,yes,PBMC,b_cell,10952,109275,10.02
sample08444,yes,PBMC,cd4_t_cell,30623,109275,28.02
sample08444,yes,PBMC,cd8_t_cell,28971,109275,26.51
sample08444,yes,PBMC,monocyte,27114,109275,24.81
sample08444,yes,PBMC,nk_cell,11615,109275,10.63
sample08460,no,PBMC,b_cell,18879,93076,20.28
sample08460,no,PBMC,cd4_t_cell,29799,93076,32.02
sample08460,no,PBMC,cd8_t_cell,11208,93076,12.04
sample08460,no,PBMC,monocyte,19366,93076,20.81
sample08460,no,PBMC,nk_cell,13824,93076,14.85
sample08461,no,PBMC,b_cell,8544,95568,8.94
sample08461,no,PBMC,cd4_t_cell,25113,95568,26.28
sample08461,no,PBMC,cd8_t_cell,26117,95568,27.33
sample08461,no,PBMC,monocyte,20029,95568,20.96
sample08461,no,PBMC,nk_cell,15765,95568,16.5
sample08462,no,PBMC,b_cell,6416,103663,6.19
sample08462,no,PBMC,cd4_t_cell,29395,103663,28.36
sample08462,no,PBMC,cd8_t_cell,25594,103663,24.69
sample08462,no,PBMC,monocyte,25505,103663,24.6
sample08462,no,PBMC,nk_cell,16753,103663,16.16
sample08466,yes,PBMC,b_cell,10775,105106,10.25
sample08466,yes,PBMC,cd4_t_cell,39834,105106,37.9
sample08466,yes,PBMC,cd8_t_cell,25476,105106,24.24
sample08466,yes,PBMC,monocyte,17591,105106,16.74
sample08466,yes,PBMC,nk_cell,11430,105106,10.87
sample08467,yes,PBMC,b_cell,9929,111229,8.93
sample08467,yes,PBMC,cd4_t_cell,37762,111229,33.95
sample08467,yes,PBMC,cd8_t_cell,22988,111229,20.67
sample08467,yes,PBMC,monocyte,26113,111229,23.48
sample08467,yes,PBMC,nk_cell,14437,111229,12.98
sample08468,yes,PBMC,b_cell,11735,105290,11.15
sample08468,yes,PBMC,cd4_t_cell,30388,105290,28.86
sample08468,yes,PBMC,cd8_t_cell,23710,105290,22.52
sample08468,yes,PBMC,monocyte,20962,105290,19.91
sample08468,yes,PBMC,nk_cell,18495,105290,17.57
sample08472,no,PBMC,b_cell,11089,102545,10.81
sample08472,no,PBMC,cd4_t_cell,28340,102545,27.64
sample08472,no,PBMC,cd8_t_cell,29001,102545,28.28
sample08472,no,PBMC,monocyte,22131,102545,21.58
sample08472,no,PBMC,nk_cell,11984,102545,11.69
sample08473,no,PBMC,b_cell,7087,90837,7.8
sample08473,no,PBMC,cd4_t_cell,32695,90837,35.99
sample08473,no,PBMC,cd8_t_cell,21146,90837,23.28
sample08473,no,PBMC,monocyte,18243,90837,20.08
sample08473,no,PBMC,nk_cell,11666,90837,12.84
sample08474,no,PBMC,b_cell,8503,99502,8.55
sample08474,no,PBMC,cd4_t_cell,31511,99502,31.67
sample08474,no,PBMC,cd8_t_cell,23352,99502,23.47
sample08474,no,PBMC,monocyte,23859,99502,23.98
sample08474,no,PBMC,nk_cell,12277,99502,12.34
sample08481,yes,PBMC,b_cell,9896,93431,10.59
sample08481,yes,PBMC,cd4_t_cell,19521,93431,20.89
sample08481,yes,PBMC,cd8_t_cell,28552,93431,30.56
sample08481,yes,PBMC,monocyte,19071,93431,20.41
sample08481,yes,PBMC,nk_cell,16391,93431,17.54
sample08482,yes,PBMC,b_cell,5836,101138,5.77
sample08482,yes,PBMC,cd4_t_cell,34122,101138,33.74
sample08482,yes,PBMC,cd8_t_cell,16563,101138,16.38
sample08482,yes,PBMC,monocyte,27611,101138,27.3
sample08482,yes,PBMC,nk_cell,17006,101138,16.81
sample08483,yes,PBMC,b_cell,10459,111646,9.37
sample08483,yes,PBMC,cd4_t_cell,39740,111646,35.59
sample08483,yes,PBMC,cd8_t_cell,24586,111646,22.02
sample08483,yes,PBMC,monocyte,25820,111646,23.13
sample08483,yes,PBMC,nk_cell,11041,111646,9.89
sample08493,no,PBMC,b_cell,15664,103696,15.11
sample08493,no,PBMC,cd4_t_cell,28231,103696,27.22
sample08493,no,PBMC,cd8_t_cell,22376,103696,21.58
sample08493,no,PBMC,monocyte,19151,103696,18.47
sample08493,no,PBMC,nk_cell,18274,103696,17.62
sample08494,no,PBMC,b_cell,12799,92977,13.77
sample08494,no,PBMC,cd4_t_cell,25266,92977,27.17
sample08494,no,PBMC,cd8_t_cell,17450,92977,18.77
sample08494,no,PBMC,monocyte,23852,92977,25.65
sample08494,no,PBMC,nk_cell,13610,92977,14.64
sample08495,no,PBMC,b_cell,6647,100948,6.58
sample08495,no,PBMC,cd4_t_cell,32660,100948,32.35
sample08495,no,PBMC,cd8_t_cell,26384,100948,26.14
sample08495,no,PBMC,monocyte,22795,100948,22.58
sample08495,no,PBMC,nk_cell,12462,100948,12.34
sample08502,no,PBMC,b_cell,7509,98042,7.66
sample08502,no,PBMC,cd4_t_cell,34914,98042,35.61
sample08502,no,PBMC,cd8_t_cell,23812,98042,24.29
sample08502,no,PBMC,monocyte,15624,98042,15.94
sample08502,no,PBMC,nk_cell,16183,98042,16.51
sample08503,no,PBMC,b_cell,5166,100452,5.14
sample08503,no,PBMC,cd4_t_cell,30764,100452,30.63
sample08503,no,PBMC,cd8_t_cell,33625,100452,33.47
sample08503,no,PBMC,monocyte,18776,100452,18.69
sample08503,no,PBMC,nk_cell,12121,100452,12.07
sample08504,no,PBMC,b_cell,10003,101687,9.84
sample08504,no,PBMC,cd4_t_cell,30878,101687,30.37
sample08504,no,PBMC,cd8_t_cell,22256,101687,21.89
sample08504,no,PBMC,monocyte,19299,101687,18.98
sample08504,no,PBMC,nk_cell,19251,101687,18.93
sample08520,no,PBMC,b_cell,9234,91052,10.14
sample08520,no,PBMC,cd4_t_cell,35573,91052,39.07
sample08520,no,PBMC,cd8_t_cell,19971,91052,21.93
sample08520,no,PBMC,monocyte,15741,91052,17.29
sample08520,no,PBMC,nk_cell,10533,91052,11.57
sample08521,no,PBMC,b_cell,12094,105113,11.51
sample08521,no,PBMC,cd4_t_cell,34226,105113,32.56
sample08521,no,PBMC,cd8_t_cell,21910,105113,20.84
sample08521,no,PBMC,monocyte,21096,105113,20.07
sample08521,no,PBMC,nk_cell,15787,105113,15.02
sample08522,no,PBMC,b_cell,8928,89493,9.98
sample08522,no,PBMC,cd4_t_cell,21122,89493,23.6
sample08522,no,PBMC,cd8_t_cell,26152,89493,29.22
sample08522,no,PBMC,monocyte,16474,89493,18.41
sample08522,no,PBMC,nk_cell,16817,89493,18.79
sample08526,no,PBMC,b_cell,8788,96688,9.09
sample08526,no,PBMC,cd4_t_cell,30555,96688,31.6
sample08526,no,PBMC,cd8_t_cell,23928,96688,24.75
sample08526,no,PBMC,monocyte,27976,96688,28.93
sample08526,no,PBMC,nk_cell,5441,96688,5.63
sample08527,no,PBMC,b_cell,6062,92604,6.55
sample08527,no,PBMC,cd4_t_cell,35193,92604,38.0
sample08527,no,PBMC,cd8_t_cell,21439,92604,23.15
sample08527,no,PBMC,monocyte,17647,92604,19.06
sample08527,no,PBMC,nk_cell,12263,92604,13.24
sample08528,no,PBMC,b_cell,7806,99766,7.82
sample08528,no,PBMC,cd4_t_cell,28551,99766,28.62
sample08528,no,PBMC,cd8_t_cell,24081,99766,24.14
sample08528,no,PBMC,monocyte,20380,99766,20.43
sample08528,no,PBMC,nk_cell,18948,99766,18.99
sample08541,no,PBMC,b_cell,10583,104499,10.13
sample08541,no,PBMC,cd4_t_cell,26059,104499,24.94
sample08541,no,PBMC,cd8_t_cell,26774,104499,25.62
sample08541,no,PBMC,monocyte,26602,104499,25.46
sample08541,no,PBMC,nk_cell,14481,104499,13.86
sample08542,no,PBMC,b_cell,4685,102838,4.56
sample08542,no,PBMC,cd4_t_cell,40668,102838,39.55
sample08542,no,PBMC,cd8_t_cell,27720,102838,26.96
sample08542,no,PBMC,monocyte,17462,102838,16.98
sample08542,no,PBMC,nk_cell,12303,102838,11.96
sample08543,no,PBMC,b_cell,5300,93350,5.68
sample08543,no,PBMC,cd4_t_cell,36715,93350,39.33
sample08543,no,PBMC,cd8_t_cell,27942,93350,29.93
sample08543,no,PBMC,monocyte,13175,93350,14.11
sample08543,no,PBMC,nk_cell,10218,93350,10.95
sample08556,no,PBMC,b_cell,9980,96285,10.37
sample08556,no,PBMC,cd4_t_cell,31751,96285,32.98
sample08556,no,PBMC,cd8_t_cell,21202,96285,22.02
sample08556,no,PBMC,monocyte,18729,96285,19.45
sample08556,no,PBMC,nk_cell,14623,96285,15.19
sample08557,no,PBMC,b_cell,9638,101132,9.53
sample08557,no,PBMC,cd4_t_cell,34004,101132,33.62
sample08557,no,PBMC,cd8_t_cell,23417,101132,23.15
sample08557,no,PBMC,monocyte,18980,101132,18.77
sample08557,no,PBMC,nk_cell,15093,101132,14.92
sample08558,no,PBMC,b_cell,9619,105622,9.11
sample08558,no,PBMC,cd4_t_cell,27134,105622,25.69
sample08558,no,PBMC,cd8_t_cell,25605,105622,24.24
sample08558,no,PBMC,monocyte,21659,105622,20.51
sample08558,no,PBMC,nk_cell,21605,105622,20.46
sample08559,no,PBMC,b_cell,13272,102135,12.99
sample08559,no,PBMC,cd4_t_cell,29177,102135,28.57
sample08559,no,PBMC,cd8_t_cell,23333,102135,22.85
sample08559,no,PBMC,monocyte,18270,102135,17.89
sample08559,no,PBMC,nk_cell,18083,102135,17.7
sample08560,no,PBMC,b_cell,7222,91733,7.87
sample08560,no,PBMC,cd4_t_cell,29600,91733,32.27
sample08560,no,PBMC,cd8_t_cell,23603,91733,25.73
sample08560,no,PBMC,monocyte,19093,91733,20.81
sample08560,no,PBMC,nk_cell,12215,91733,13.32
sample08561,no,PBMC,b_cell,9913,101886,9.73
sample08561,no,PBMC,cd4_t_cell,34001,101886,33.37
sample08561,no,PBMC,cd8_t_cell,21314,101886,20.92
sample08561,no,PBMC,monocyte,22546,101886,22.13
sample08561,no,PBMC,nk_cell,14112,101886,13.85
sample08568,yes,PBMC,b_cell,12382,114887,10.78
sample08568,yes,PBMC,cd4_t_cell,27605,114887,24.03
sample08568,yes,PBMC,cd8_t_cell,22884,114887,19.92
sample08568,yes,PBMC,monocyte,25037,114887,21.79
sample08568,yes,PBMC,nk_cell,26979,114887,23.48
sample08569,yes,PBMC,b_cell,5056,93615,5.4
sample08569,yes,PBMC,cd4_t_cell,33204,93615,35.47
sample08569,yes,PBMC,cd8_t_cell,17518,93615,18.71
sample08569,yes,PBMC,monocyte,20448,93615,21.84
sample08569,yes,PBMC,nk_cell,17389,93615,18.58
sample08570,yes,PBMC,b_cell,9852,96610,10.2
sample08570,yes,PBMC,cd4_t_cell,31186,96610,32.28
sample08570,yes,PBMC,cd8_t_cell,33021,96610,34.18
sample08570,yes,PBMC,monocyte,14746,96610,15.26
sample08570,yes,PBMC,nk_cell,7805,96610,8.08
sample08583,yes,PBMC,b_cell,10353,98678,10.49
sample08583,yes,PBMC,cd4_t_cell,27736,98678,28.11
sample08583,yes,PBMC,cd8_t_cell,27427,98678,27.79
sample08583,yes,PBMC,monocyte,16849,98678,17.07
sample08583,yes,PBMC,nk_cell,16313,98678,16.53
sample08584,yes,PBMC,b_cell,7100,106148,6.69
sample08584,yes,PBMC,cd4_t_cell,33762,106148,31.81
sample08584,yes,PBMC,cd8_t_cell,19587,106148,18.45
sample08584,yes,PBMC,monocyte,34811,106148,32.79
sample08584,yes,PBMC,nk_cell,10888,106148,10.26
sample08585,yes,PBMC,b_cell,9421,101409,9.29
sample08585,yes,PBMC,cd4_t_cell,32631,101409,32.18
sample08585,yes,PBMC,cd8_t_cell,28917,101409,28.52
sample08585,yes,PBMC,monocyte,21175,101409,20.88
sample08585,yes,PBMC,nk_cell,9265,101409,9.14
sample08589,no,PBMC,b_cell,12783,92824,13.77
sample08589,no,PBMC,cd4_t_cell,25069,92824,27.01
sample08589,no,PBMC,cd8_t_cell,19666,92824,21.19
sample08589,no,PBMC,monocyte,20572,92824,22.16
sample08589,no,PBMC,nk_cell,14734,92824,15.87
sample08590,no,PBMC,b_cell,12126,92492,13.11
sample08590,no,PBMC,cd4_t_cell,26144,92492,28.27
sample08590,no,PBMC,cd8_t_cell,19405,92492,20.98
sample08590,no,PBMC,monocyte,19119,92492,20.67
sample08590,no,PBMC,nk_cell,15698,92492,16.97
sample08591,no,PBMC,b_cell,12522,88260,14.19
sample08591,no,PBMC,cd4_t_cell,23682,88260,26.83
sample08591,no,PBMC,cd8_t_cell,21675,88260,24.56
sample08591,no,PBMC,monocyte,20560,88260,23.29
sample08591,no,PBMC,nk_cell,9821,88260,11.13
sample08595,yes,PBMC,b_cell,12236,107743,11.36
sample08595,yes,PBMC,cd4_t_cell,25868,107743,24.01
sample08595,yes,PBMC,cd8_t_cell,26635,107743,24.72
sample08595,yes,PBMC,monocyte,21457,107743,19.91
sample08595,yes,PBMC,nk_cell,21547,107743,20.0
sample08596,yes,PBMC,b_cell,14877,103126,14.43
sample08596,yes,PBMC,cd4_t_cell,27566,103126,26.73
sample08596,yes,PBMC,cd8_t_cell,25037,103126,24.28
sample08596,yes,PBMC,monocyte,18441,103126,17.88
sample08596,yes,PBMC,nk_cell,17205,103126,16.68
sample08597,yes,PBMC,b_cell,12922,94536,13.67
sample08597,yes,PBMC,cd4_t_cell,23708,94536,25.08
sample08597,yes,PBMC,cd8_t_cell,29593,94536,31.3
sample08597,yes,PBMC,monocyte,20046,94536,21.2
sample08597,yes,PBMC,nk_cell,8267,94536,8.74
sample08610,yes,PBMC,b_cell,10082,92235,10.93
sample08610,yes,PBMC,cd4_t_cell,33759,92235,36.6
sample08610,yes,PBMC,cd8_t_cell,19865,92235,21.54
sample08610,yes,PBMC,monocyte,16421,92235,17.8
sample08610,yes,PBMC,nk_cell,12108,92235,13.13
sample08611,yes,PBMC,b_cell,7209,100438,7.18
sample08611,yes,PBMC,cd4_t_cell,31121,100438,30.99
sample08611,yes,PBMC,cd8_t_cell,19685,100438,19.6
sample08611,yes,PBMC,monocyte,25052,100438,24.94
sample08611,yes,PBMC,nk_cell,17371,100438,17.3
sample08612,yes,PBMC,b_cell,9544,98046,9.73
sample08612,yes,PBMC,cd4_t_cell,34428,98046,35.11
sample08612,yes,PBMC,cd8_t_cell,31421,98046,32.05
sample08612,yes,PBMC,monocyte,14228,98046,14.51
sample08612,yes,PBMC,nk_cell,8425,98046,8.59
sample08637,no,PBMC,b_cell,13090,97381,13.44
sample08637,no,PBMC,cd4_t_cell,30417,97381,31.24
sample08637,no,PBMC,cd8_t_cell,15890,97381,16.32
sample08637,no,PBMC,monocyte,17888,97381,18.37
sample08637,no,PBMC,nk_cell,20096,97381,20.64
sample08638,no,PBMC,b_cell,10595,101737,10.41
sample08638,no,PBMC,cd4_t_cell,24108,101737,23.7
sample08638,no,PBMC,cd8_t_cell,25181,101737,24.75
sample08638,no,PBMC,monocyte,18150,101737,17.84
sample08638,no,PBMC,nk_cell,23703,101737,23.3
sample08639,no,PBMC,b_cell,13033,100579,12.96
sample08639,no,PBMC,cd4_t_cell,33674,100579,33.48
sample08639,no,PBMC,cd8_t_cell,27163,100579,27.01
sample08639,no,PBMC,monocyte,16469,100579,16.37
sample08639,no,PBMC,nk_cell,10240,100579,10.18
sample08655,yes,PBMC,b_cell,11039,100069,11.03
sample08655,yes,PBMC,cd4_t_cell,28761,100069,28.74
sample08655,yes,PBMC,cd8_t_cell,19503,100069,19.49
sample08655,yes,PBMC,monocyte,27074,100069,27.06
sample08655,yes,PBMC,nk_cell,13692,100069,13.68
sample08656,yes,PBMC,b_cell,8524,94968,8.98
sample08656,yes,PBMC,cd4_t_cell,27846,94968,29.32
sample08656,yes,PBMC,cd8_t_cell,29442,94968,31.0
sample08656,yes,PBMC,monocyte,18747,94968,19.74
sample08656,yes,PBMC,nk_cell,10409,94968,10.96
sample08657,yes,PBMC,b_cell,11025,105817,10.42
sample08657,yes,PBMC,cd4_t_cell,35070,105817,33.14
sample08657,yes,PBMC,cd8_t_cell,19126,105817,18.07
sample08657,yes,PBMC,monocyte,22677,105817,21.43
sample08657,yes,PBMC,nk_cell,17919,105817,16.93
sample08661,no,PBMC,b_cell,13388,105659,12.67
sample08661,no,PBMC,cd4_t_cell,33223,105659,31.44
sample08661,no,PBMC,cd8_t_cell,24254,105659,22.95
sample08661,no,PBMC,monocyte,26038,105659,24.64
sample08661,no,PBMC,nk_cell,8756,105659,8.29
sample08662,no,PBMC,b_cell,9462,89148,10.61
sample08662,no,PBMC,cd4_t_cell,23719,89148,26.61
sample08662,no,PBMC,cd8_t_cell,28420,89148,31.88
sample08662,no,PBMC,monocyte,15012,89148,16.84
sample08662,no,PBMC,nk_cell,12535,89148,14.06
sample08663,no,PBMC,b_cell,7168,87150,8.22
sample08663,no,PBMC,cd4_t_cell,27205,87150,31.22
sample08663,no,PBMC,cd8_t_cell,26677,87150,30.61
sample08663,no,PBMC,monocyte,12842,87150,14.74
sample08663,no,PBMC,nk_cell,13258,87150,15.21
sample08664,no,PBMC,b_cell,9472,97207,9.74
sample08664,no,PBMC,cd4_t_cell,30787,97207,31.67
sample08664,no,PBMC,cd8_t_cell,24179,97207,24.87
sample08664,no,PBMC,monocyte,16323,97207,16.79
sample08664,no,PBMC,nk_cell,16446,97207,16.92
sample08665,no,PBMC,b_cell,16428,98481,16.68
sample08665,no,PBMC,cd4_t_cell,27999,98481,28.43
sample08665,no,PBMC,cd8_t_cell,20867,98481,21.19
sample08665,no,PBMC,monocyte,21312,98481,21.64
sample08665,no,PBMC,nk_cell,11875,98481,12.06
sample08666,no,PBMC,b_cell,9018,99309,9.08
sample08666,no,PBMC,cd4_t_cell,33887,99309,34.12
sample08666,no,PBMC,cd8_t_cell,16461,99309,16.58
sample08666,no,PBMC,monocyte,23103,99309,23.26
sample08666,no,PBMC,nk_cell,16840,99309,16.96
sample08685,yes,PBMC,b_cell,8921,109081,8.18
sample08685,yes,PBMC,cd4_t_cell,25279,109081,23.17
sample08685,yes,PBMC,cd8_t_cell,29924,109081,27.43
sample08685,yes,PBMC,monocyte,28624,109081,26.24
sample08685,yes,PBMC,nk_cell,16333,109081,14.97
sample08686,yes,PBMC,b_cell,7972,95662,8.33
sample08686,yes,PBMC,cd4_t_cell,28715,95662,30.02
sample08686,yes,PBMC,cd8_t_cell,30529,95662,31.91
sample08686,yes,PBMC,monocyte,19041,95662,19.9
sample08686,yes,PBMC,nk_cell,9405,95662,9.83
sample08687,yes,PBMC,b_cell,3015,92803,3.25
sample08687,yes,PBMC,cd4_t_cell,24133,92803,26.0
sample08687,yes,PBMC,cd8_t_cell,32904,92803,35.46
sample08687,yes,PBMC,monocyte,18336,92803,19.76
sample08687,yes,PBMC,nk_cell,14415,92803,15.53
sample08706,yes,PBMC,b_cell,10592,100379,10.55
sample08706,yes,PBMC,cd4_t_cell,35103,100379,34.97
sample08706,yes,PBMC,cd8_t_cell,25385,100379,25.29
sample08706,yes,PBMC,monocyte,15632,100379,15.57
sample08706,yes,PBMC,nk_cell,13667,100379,13.62
sample08707,yes,PBMC,b_cell,5788,111418,5.19
sample08707,yes,PBMC,cd4_t_cell,35800,111418,32.13
sample08707,yes,PBMC,cd8_t_cell,24774,111418,22.24
sample08707,yes,PBMC,monocyte,21627,111418,19.41
sample08707,yes,PBMC,nk_cell,23429,111418,21.03
sample08708,yes,PBMC,b_cell,7081,100379,7.05
sample08708,yes,PBMC,cd4_t_cell,29912,100379,29.8
sample08708,yes,PBMC,cd8_t_cell,27477,100379,27.37
sample08708,yes,PBMC,monocyte,19194,100379,19.12
sample08708,yes,PBMC,nk_cell,16715,100379,16.65
sample08712,no,PBMC,b_cell,11039,97530,11.32
sample08712,no,PBMC,cd4_t_cell,23458,97530,24.05
sample08712,no,PBMC,cd8_t_cell,30214,97530,30.98
sample08712,no,PBMC,monocyte,15985,97530,16.39
sample08712,no,PBMC,nk_cell,16834,97530,17.26
sample08713,no,PBMC,b_cell,12430,96240,12.92
sample08713,no,PBMC,cd4_t_cell,29653,96240,30.81
sample08713,no,PBMC,cd8_t_cell,26112,96240,27.13
sample08713,no,PBMC,monocyte,15735,96240,16.35
sample08713,no,PBMC,nk_cell,12310,96240,12.79
sample08714,no,PBMC,b_cell,12058,100982,11.94
sample08714,no,PBMC,cd4_t_cell,35353,100982,35.01
sample08714,no,PBMC,cd8_t_cell,26019,100982,25.77
sample08714,no,PBMC,monocyte,14346,100982,14.21
sample08714,no,PBMC,nk_cell,13206,100982,13.08
sample08718,yes,PBMC,b_cell,13734,95937,14.32
sample08718,yes,PBMC,cd4_t_cell,33759,95937,35.19
sample08718,yes,PBMC,cd8_t_cell,22191,95937,23.13
sample08718,yes,PBMC,monocyte,13164,95937,13.72
sample08718,yes,PBMC,nk_cell,13089,95937,13.64
sample08719,yes,PBMC,b_cell,7109,111055,6.4
sample08719,yes,PBMC,cd4_t_cell,44616,111055,40.17
sample08719,yes,PBMC,cd8_t_cell,33661,111055,30.31
sample08719,yes,PBMC,monocyte,18268,111055,16.45
sample08719,yes,PBMC,nk_cell,7401,111055,6.66
sample08720,yes,PBMC,b_cell,5178,102366,5.06
sample08720,yes,PBMC,cd4_t_cell,46476,102366,45.4
sample08720,yes,PBMC,cd8_t_cell,19025,102366,18.59
sample08720,yes,PBMC,monocyte,22158,102366,21.65
sample08720,yes,PBMC,nk_cell,9529,102366,9.31
sample08724,yes,PBMC,b_cell,7741,97814,7.91
sample08724,yes,PBMC,cd4_t_cell,23411,97814,23.93
sample08724,yes,PBMC,cd8_t_cell,21664,97814,22.15
sample08724,yes,PBMC,monocyte,26650,97814,27.25
sample08724,yes,PBMC,nk_cell,18348,97814,18.76
sample08725,yes,PBMC,b_cell,11583,99077,11.69
sample08725,yes,PBMC,cd4_t_cell,28786,99077,29.05
sample08725,yes,PBMC,cd8_t_cell,26628,99077,26.88
sample08725,yes,PBMC,monocyte,18283,99077,18.45
sample08725,yes,PBMC,nk_cell,13797,99077,13.93
sample08726,yes,PBMC,b_cell,8173,102919,7.94
sample08726,yes,PBMC,cd4_t_cell,33708,102919,32.75
sample08726,yes,PBMC,cd8_t_cell,27171,102919,26.4
sample08726,yes,PBMC,monocyte,25823,102919,25.09
sample08726,yes,PBMC,nk_cell,8044,102919,7.82
sample08730,no,PBMC,b_cell,12955,98078,13.21
sample08730,no,PBMC,cd4_t_cell,29550,98078,30.13
sample08730,no,PBMC,cd8_t_cell,22179,98078,22.61
sample08730,no,PBMC,monocyte,18926,98078,19.3
sample08730,no,PBMC,nk_cell,14468,98078,14.75
sample08731,no,PBMC,b_cell,12695,95080,13.35
sample08731,no,PBMC,cd4_t_cell,27486,95080,28.91
sample08731,no,PBMC,cd8_t_cell,28562,95080,30.04
sample08731,no,PBMC,monocyte,17086,95080,17.97
sample08731,no,PBMC,nk_cell,9251,95080,9.73
sample08732,no,PBMC,b_cell,7436,96924,7.67
sample08732,no,PBMC,cd4_t_cell,30068,96924,31.02
sample08732,no,PBMC,cd8_t_cell,24217,96924,24.99
sample08732,no,PBMC,monocyte,14838,96924,15.31
sample08732,no,PBMC,nk_cell,20365,96924,21.01
sample08751,no,PBMC,b_cell,3532,89812,3.93
sample08751,no,PBMC,cd4_t_cell,31327,89812,34.88
sample08751,no,PBMC,cd8_t_cell,23726,89812,26.42
sample08751,no,PBMC,monocyte,19932,89812,22.19
sample08751,no,PBMC,nk_cell,11295,89812,12.58
sample08752,no,PBMC,b_cell,11528,107776,10.7
sample08752,no,PBMC,cd4_t_cell,33780,107776,31.34
sample08752,no,PBMC,cd8_t_cell,25093,107776,23.28
sample08752,no,PBMC,monocyte,24894,107776,23.1
sample08752,no,PBMC,nk_cell,12481,107776,11.58
sample08753,no,PBMC,b_cell,6559,96609,6.79
sample08753,no,PBMC,cd4_t_cell,28101,96609,29.09
sample08753,no,PBMC,cd8_t_cell,30503,96609,31.57
sample08753,no,PBMC,monocyte,12789,96609,13.24
sample08753,no,PBMC,nk_cell,18657,96609,19.31
sample08763,no,PBMC,b_cell,14512,117863,12.31
sample08763,no,PBMC,cd4_t_cell,41065,117863,34.84
sample08763,no,PBMC,cd8_t_cell,25446,117863,21.59
sample08763,no,PBMC,monocyte,25987,117863,22.05
sample08763,no,PBMC,nk_cell,10853,117863,9.21
sample08764,no,PBMC,b_cell,11803,92494,12.76
sample08764,no,PBMC,cd4_t_cell,28817,92494,31.16
sample08764,no,PBMC,cd8_t_cell,24287,92494,26.26
sample08764,no,PBMC,monocyte,16516,92494,17.86
sample08764,no,PBMC,nk_cell,11071,92494,11.97
sample08765,no,PBMC,b_cell,14082,96530,14.59
sample08765,no,PBMC,cd4_t_cell,32412,96530,33.58
sample08765,no,PBMC,cd8_t_cell,26634,96530,27.59
sample08765,no,PBMC,monocyte,16351,96530,16.94
sample08765,no,PBMC,nk_cell,7051,96530,7.3
sample08769,yes,PBMC,b_cell,9674,99989,9.68
sample08769,yes,PBMC,cd4_t_cell,33563,99989,33.57
sample08769,yes,PBMC,cd8_t_cell,20285,99989,20.29
sample08769,yes,PBMC,monocyte,23062,99989,23.06
sample08769,yes,PBMC,nk_cell,13405,99989,13.41
sample08770,yes,PBMC,b_cell,6762,110594,6.11
sample08770,yes,PBMC,cd4_t_cell,35895,110594,32.46
sample08770,yes,PBMC,cd8_t_cell,29144,110594,26.35
sample08770,yes,PBMC,monocyte,29832,110594,26.97
sample08770,yes,PBMC,nk_cell,8961,110594,8.1
sample08771,yes,PBMC,b_cell,9351,98836,9.46
sample08771,yes,PBMC,cd4_t_cell,32890,98836,33.28
sample08771,yes,PBMC,cd8_t_cell,19222,98836,19.45
sample08771,yes,PBMC,monocyte,22747,98836,23.01
sample08771,yes,PBMC,nk_cell,14626,98836,14.8
sample08781,yes,PBMC,b_cell,6399,94763,6.75
sample08781,yes,PBMC,cd4_t_cell,34476,94763,36.38
sample08781,yes,PBMC,cd8_t_cell,28531,94763,30.11
sample08781,yes,PBMC,monocyte,17883,94763,18.87
sample08781,yes,PBMC,nk_cell,7474,94763,7.89
sample08782,yes,PBMC,b_cell,7208,100678,7.16
sample08782,yes,PBMC,cd4_t_cell,32693,100678,32.47
sample08782,yes,PBMC,cd8_t_cell,29909,100678,29.71
sample08782,yes,PBMC,monocyte,17501,100678,17.38
sample08782,yes,PBMC,nk_cell,13367,100678,13.28
sample08783,yes,PBMC,b_cell,6749,104558,6.45
sample08783,yes,PBMC,cd4_t_cell,33854,104558,32.38
sample08783,yes,PBMC,cd8_t_cell,29291,104558,28.01
sample08783,yes,PBMC,monocyte,17473,104558,16.71
sample08783,yes,PBMC,nk_cell,17191,104558,16.44
sample08805,no,PBMC,b_cell,7220,99268,7.27
sample08805,no,PBMC,cd4_t_cell,26503,99268,26.7
sample08805,no,PBMC,cd8_t_cell,28628,99268,28.84
sample08805,no,PBMC,monocyte,22391,99268,22.56
sample08805,no,PBMC,nk_cell,14526,99268,14.63
sample08806,no,PBMC,b_cell,8952,103040,8.69
sample08806,no,PBMC,cd4_t_cell,28529,103040,27.69
sample08806,no,PBMC,cd8_t_cell,21510,103040,20.88
sample08806,no,PBMC,monocyte,26065,103040,25.3
sample08806,no,PBMC,nk_cell,17984,103040,17.45
sample08807,no,PBMC,b_cell,9971,99616,10.01
sample08807,no,PBMC,cd4_t_cell,36911,99616,37.05
sample08807,no,PBMC,cd8_t_cell,21176,99616,21.26
sample08807,no,PBMC,monocyte,20913,99616,20.99
sample08807,no,PBMC,nk_cell,10645,99616,10.69
sample08829,yes,PBMC,b_cell,22519,111592,20.18
sample08829,yes,PBMC,cd4_t_cell,27620,111592,24.75
sample08829,yes,PBMC,cd8_t_cell,23414,111592,20.98
sample08829,yes,PBMC,monocyte,17601,111592,15.77
sample08829,yes,PBMC,nk_cell,20438,111592,18.31
sample08830,yes,PBMC,b_cell,6753,94804,7.12
sample08830,yes,PBMC,cd4_t_cell,31127,94804,32.83
sample08830,yes,PBMC,cd8_t_cell,15696,94804,16.56
sample08830,yes,PBMC,monocyte,24870,94804,26.23
sample08830,yes,PBMC,nk_cell,16358,94804,17.25
sample08831,yes,PBMC,b_cell,6758,105627,6.4
sample08831,yes,PBMC,cd4_t_cell,32421,105627,30.69
sample08831,yes,PBMC,cd8_t_cell,26537,105627,25.12
sample08831,yes,PBMC,monocyte,19897,105627,18.84
sample08831,yes,PBMC,nk_cell,20014,105627,18.95
sample08832,yes,PBMC,b_cell,10194,95279,10.7
sample08832,yes,PBMC,cd4_t_cell,21658,95279,22.73
sample08832,yes,PBMC,cd8_t_cell,27072,95279,28.41
sample08832,yes,PBMC,monocyte,25069,95279,26.31
sample08832,yes,PBMC,nk_cell,11286,95279,11.85
sample08833,yes,PBMC,b_cell,13506,107545,12.56
sample08833,yes,PBMC,cd4_t_cell,39712,107545,36.93
sample08833,yes,PBMC,cd8_t_cell,21774,107545,20.25
sample08833,yes,PBMC,monocyte,16400,107545,15.25
sample08833,yes,PBMC,nk_cell,16153,107545,15.02
sample08834,yes,PBMC,b_cell,7361,92594,7.95
sample08834,yes,PBMC,cd4_t_cell,27886,92594,30.12
sample08834,yes,PBMC,cd8_t_cell,25030,92594,27.03
sample08834,yes,PBMC,monocyte,16503,92594,17.82
sample08834,yes,PBMC,nk_cell,15814,92594,17.08
sample08853,yes,PBMC,b_cell,6532,94796,6.89
sample08853,yes,PBMC,cd4_t_cell,15080,94796,15.91
sample08853,yes,PBMC,cd8_t_cell,30579,94796,32.26
sample08853,yes,PBMC,monocyte,19063,94796,20.11
sample08853,yes,PBMC,nk_cell,23542,94796,24.83
sample08854,yes,PBMC,b_cell,14517,101717,14.27
sample08854,yes,PBMC,cd4_t_cell,32591,101717,32.04
sample08854,yes,PBMC,cd8_t_cell,28771,101717,28.29
sample08854,yes,PBMC,monocyte,15356,101717,15.1
sample08854,yes,PBMC,nk_cell,10482,101717,10.31
sample08855,yes,PBMC,b_cell,14668,95964,15.28
sample08855,yes,PBMC,cd4_t_cell,31179,95964,32.49
sample08855,yes,PBMC,cd8_t_cell,25814,95964,26.9
sample08855,yes,PBMC,monocyte,16097,95964,16.77
sample08855,yes,PBMC,nk_cell,8206,95964,8.55
sample08856,yes,PBMC,b_cell,10113,97749,10.35
sample08856,yes,PBMC,cd4_t_cell,26864,97749,27.48
sample08856,yes,PBMC,cd8_t_cell,22509,97749,23.03
sample08856,yes,PBMC,monocyte,23400,97749,23.94
sample08856,yes,PBMC,nk_cell,14863,97749,15.21
sample08857,yes,PBMC,b_cell,8892,99437,8.94
sample08857,yes,PBMC,cd4_t_cell,34307,99437,34.5
sample08857,yes,PBMC,cd8_t_cell,28775,99437,28.94
sample08857,yes,PBMC,monocyte,12356,99437,12.43
sample08857,yes,PBMC,nk_cell,15107,99437,15.19
sample08858,yes,PBMC,b_cell,5701,92774,6.15
sample08858,yes,PBMC,cd4_t_cell,33978,92774,36.62
sample08858,yes,PBMC,cd8_t_cell,27857,92774,30.03
sample08858,yes,PBMC,monocyte,13886,92774,14.97
sample08858,yes,PBMC,nk_cell,11352,92774,12.24
sample08874,no,PBMC,b_cell,8608,106099,8.11
sample08874,no,PBMC,cd4_t_cell,29435,106099,27.74
sample08874,no,PBMC,cd8_t_cell,28508,106099,26.87
sample08874,no,PBMC,monocyte,23002,106099,21.68
sample08874,no,PBMC,nk_cell,16546,106099,15.59
sample08875,no,PBMC,b_cell,8586,95037,9.03
sample08875,no,PBMC,cd4_t_cell,35871,95037,37.74
sample08875,no,PBMC,cd8_t_cell,21652,95037,22.78
sample08875,no,PBMC,monocyte,16125,95037,16.97
sample08875,no,PBMC,nk_cell,12803,95037,13.47
sample08876,no,PBMC,b_cell,5206,92898,5.6
sample08876,no,PBMC,cd4_t_cell,25551,92898,27.5
sample08876,no,PBMC,cd8_t_cell,22090,92898,23.78
sample08876,no,PBMC,monocyte,27877,92898,30.01
sample08876,no,PBMC,nk_cell,12174,92898,13.1
sample08895,yes,PBMC,b_cell,10843,107751,10.06
sample08895,yes,PBMC,cd4_t_cell,26729,107751,24.81
sample08895,yes,PBMC,cd8_t_cell,29568,107751,27.44
sample08895,yes,PBMC,monocyte,28628,107751,26.57
sample08895,yes,PBMC,nk_cell,11983,107751,11.12
sample08896,yes,PBMC,b_cell,7442,109131,6.82
sample08896,yes,PBMC,cd4_t_cell,25984,109131,23.81
sample08896,yes,PBMC,cd8_t_cell,32808,109131,30.06
sample08896,yes,PBMC,monocyte,28828,109131,26.42
sample08896,yes,PBMC,nk_cell,14069,109131,12.89
sample08897,yes,PBMC,b_cell,6638,91809,7.23
sample08897,yes,PBMC,cd4_t_cell,36281,91809,39.52
sample08897,yes,PBMC,cd8_t_cell,19234,91809,20.95
sample08897,yes,PBMC,monocyte,18925,91809,20.61
sample08897,yes,PBMC,nk_cell,10731,91809,11.69
sample08913,yes,PBMC,b_cell,7360,92108,7.99
sample08913,yes,PBMC,cd4_t_cell,28822,92108,31.29
sample08913,yes,PBMC,cd8_t_cell,27213,92108,29.54
sample08913,yes,PBMC,monocyte,14506,92108,15.75
sample08913,yes,PBMC,nk_cell,14207,92108,15.42
sample08914,yes,PBMC,b_cell,9359,96247,9.72
sample08914,yes,PBMC,cd4_t_cell,25592,96247,26.59
sample08914,yes,PBMC,cd8_t_cell,26049,96247,27.06
sample08914,yes,PBMC,monocyte,22031,96247,22.89
sample08914,yes,PBMC,nk_cell,13216,96247,13.73
sample08915,yes,PBMC,b_cell,15961,96577,16.53
sample08915,yes,PBMC,cd4_t_cell,30830,96577,31.92
sample08915,yes,PBMC,cd8_t_cell,22467,96577,23.26
sample08915,yes,PBMC,monocyte,17651,96577,18.28
sample08915,yes,PBMC,nk_cell,9668,96577,10.01
sample08919,no,PBMC,b_cell,9452,103699,9.11
sample08919,no,PBMC,cd4_t_cell,32298,103699,31.15
sample08919,no,PBMC,cd8_t_cell,22913,103699,22.1
sample08919,no,PBMC,monocyte,21804,103699,21.03
sample08919,no,PBMC,nk_cell,17232,103699,16.62
sample08920,no,PBMC,b_cell,5856,101758,5.75
sample08920,no,PBMC,cd4_t_cell,30354,101758,29.83
sample08920,no,PBMC,cd8_t_cell,29396,101758,28.89
sample08920,no,PBMC,monocyte,21018,101758,20.65
sample08920,no,PBMC,nk_cell,15134,101758,14.87
sample08921,no,PBMC,b_cell,10516,105610,9.96
sample08921,no,PBMC,cd4_t_cell,37883,105610,35.87
sample08921,no,PBMC,cd8_t_cell,19334,105610,18.31
sample08921,no,PBMC,monocyte,20274,105610,19.2
sample08921,no,PBMC,nk_cell,17603,105610,16.67
sample08925,yes,PBMC,b_cell,14162,109436,12.94
sample08925,yes,PBMC,cd4_t_cell,27891,109436,25.49
sample08925,yes,PBMC,cd8_t_cell,18995,109436,17.36
sample08925,yes,PBMC,monocyte,29653,109436,27.1
sample08925,yes,PBMC,nk_cell,18735,109436,17.12
sample08926,yes,PBMC,b_cell,5318,108390,4.91
sample08926,yes,PBMC,cd4_t_cell,30055,108390,27.73
sample08926,yes,PBMC,cd8_t_cell,37700,108390,34.78
sample08926,yes,PBMC,monocyte,20165,108390,18.6
sample08926,yes,PBMC,nk_cell,15152,108390,13.98
sample08927,yes,PBMC,b_cell,9133,101930,8.96
sample08927,yes,PBMC,cd4_t_cell,39844,101930,39.09
sample08927,yes,PBMC,cd8_t_cell,26147,101930,25.65
sample08927,yes,PBMC,monocyte,13695,101930,13.44
sample08927,yes,PBMC,nk_cell,13111,101930,12.86
sample08943,yes,PBMC,b_cell,8178,110234,7.42
sample08943,yes,PBMC,cd4_t_cell,35797,110234,32.47
sample08943,yes,PBMC,cd8_t_cell,29306,110234,26.59
sample08943,yes,PBMC,monocyte,22402,110234,20.32
sample08943,yes,PBMC,nk_cell,14551,110234,13.2
sample08944,yes,PBMC,b_cell,7803,110650,7.05
sample08944,yes,PBMC,cd4_t_cell,28699,110650,25.94
sample08944,yes,PBMC,cd8_t_cell,20308,110650,18.35
sample08944,yes,PBMC,monocyte,41647,110650,37.64
sample08944,yes,PBMC,nk_cell,12193,110650,11.02
sample08945,yes,PBMC,b_cell,5691,103206,5.51
sample08945,yes,PBMC,cd4_t_cell,34926,103206,33.84
sample08945,yes,PBMC,cd8_t_cell,25185,103206,24.4
sample08945,yes,PBMC,monocyte,19120,103206,18.53
sample08945,yes,PBMC,nk_cell,18284,103206,17.72
sample08946,yes,PBMC,b_cell,9592,99120,9.68
sample08946,yes,PBMC,cd4_t_cell,30853,99120,31.13
sample08946,yes,PBMC,cd8_t_cell,24111,99120,24.33
sample08946,yes,PBMC,monocyte,20624,99120,20.81
sample08946,yes,PBMC,nk_cell,13940,99120,14.06
sample08947,yes,PBMC,b_cell,7954,97596,8.15
sample08947,yes,PBMC,cd4_t_cell,22939,97596,23.5
sample08947,yes,PBMC,cd8_t_cell,31527,97596,32.3
sample08947,yes,PBMC,monocyte,20720,97596,21.23
sample08947,yes,PBMC,nk_cell,14456,97596,14.81
sample08948,yes,PBMC,b_cell,5527,107096,5.16
sample08948,yes,PBMC,cd4_t_cell,33005,107096,30.82
sample08948,yes,PBMC,cd8_t_cell,27253,107096,25.45
sample08948,yes,PBMC,monocyte,21897,107096,20.45
sample08948,yes,PBMC,nk_cell,19414,107096,18.13
sample08952,no,PBMC,b_cell,12797,99207,12.9
sample08952,no,PBMC,cd4_t_cell,34138,99207,34.41
sample08952,no,PBMC,cd8_t_cell,21783,99207,21.96
sample08952,no,PBMC,monocyte,15802,99207,15.93
sample08952,no,PBMC,nk_cell,14687,99207,14.8
sample08953,no,PBMC,b_cell,8412,92258,9.12
sample08953,no,PBMC,cd4_t_cell,27208,92258,29.49
sample08953,no,PBMC,cd8_t_cell,22293,92258,24.16
sample08953,no,PBMC,monocyte,13164,92258,14.27
sample08953,no,PBMC,nk_cell,21181,92258,22.96
sample08954,no,PBMC,b_cell,6578,106043,6.2
sample08954,no,PBMC,cd4_t_cell,42521,106043,40.1
sample08954,no,PBMC,cd8_t_cell,23132,106043,21.81
sample08954,no,PBMC,monocyte,18928,106043,17.85
sample08954,no,PBMC,nk_cell,14884,106043,14.04
sample08958,no,PBMC,b_cell,17465,89938,19.42
sample08958,no,PBMC,cd4_t_cell,24314,89938,27.03
sample08958,no,PBMC,cd8_t_cell,21800,89938,24.24
sample08958,no,PBMC,monocyte,17248,89938,19.18
sample08958,no,PBMC,nk_cell,9111,89938,10.13
sample08959,no,PBMC,b_cell,7090,90992,7.79
sample08959,no,PBMC,cd4_t_cell,21155,90992,23.25
sample08959,no,PBMC,cd8_t_cell,26033,90992,28.61
sample08959,no,PBMC,monocyte,23555,90992,25.89
sample08959,no,PBMC,nk_cell,13159,90992,14.46
sample08960,no,PBMC,b_cell,15162,106928,14.18
sample08960,no,PBMC,cd4_t_cell,35076,106928,32.8
sample08960,no,PBMC,cd8_t_cell,23440,106928,21.92
sample08960,no,PBMC,monocyte,16778,106928,15.69
sample08960,no,PBMC,nk_cell,16472,106928,15.4
sample08967,no,PBMC,b_cell,3689,97796,3.77
sample08967,no,PBMC,cd4_t_cell,29581,97796,30.25
sample08967,no,PBMC,cd8_t_cell,24239,97796,24.79
sample08967,no,PBMC,monocyte,16938,97796,17.32
sample08967,no,PBMC,nk_cell,23349,97796,23.88
sample08968,no,PBMC,b_cell,9015,97306,9.26
sample08968,no,PBMC,cd4_t_cell,27081,97306,27.83
sample08968,no,PBMC,cd8_t_cell,31625,97306,32.5
sample08968,no,PBMC,monocyte,19895,97306,20.45
sample08968,no,PBMC,nk_cell,9690,97306,9.96
sample08969,no,PBMC,b_cell,9743,92795,10.5
sample08969,no,PBMC,cd4_t_cell,31716,92795,34.18
sample08969,no,PBMC,cd8_t_cell,19674,92795,21.2
sample08969,no,PBMC,monocyte,19301,92795,20.8
sample08969,no,PBMC,nk_cell,12361,92795,13.32
sample08970,yes,PBMC,b_cell,8786,107407,8.18
sample08970,yes,PBMC,cd4_t_cell,30983,107407,28.85
sample08970,yes,PBMC,cd8_t_cell,26352,107407,24.53
sample08970,yes,PBMC,monocyte,18273,107407,17.01
sample08970,yes,PBMC,nk_cell,23013,107407,21.43
sample08971,yes,PBMC,b_cell,9743,107640,9.05
sample08971,yes,PBMC,cd4_t_cell,42747,107640,39.71
sample08971,yes,PBMC,cd8_t_cell,22638,107640,21.03
sample08971,yes,PBMC,monocyte,9129,107640,8.48
sample08971,yes,PBMC,nk_cell,23383,107640,21.72
sample08972,yes,PBMC,b_cell,9546,108008,8.84
sample08972,yes,PBMC,cd4_t_cell,36126,108008,33.45
sample08972,yes,PBMC,cd8_t_cell,28527,108008,26.41
sample08972,yes,PBMC,monocyte,15732,108008,14.57
sample08972,yes,PBMC,nk_cell,18077,108008,16.74
sample08976,no,PBMC,b_cell,11804,93449,12.63
sample08976,no,PBMC,cd4_t_cell,33537,93449,35.89
sample08976,no,PBMC,cd8_t_cell,18486,93449,19.78
sample08976,no,PBMC,monocyte,13849,93449,14.82
sample08976,no,PBMC,nk_cell,15773,93449,16.88
sample08977,no,PBMC,b_cell,4803,98624,4.87
sample08977,no,PBMC,cd4_t_cell,28039,98624,28.43
sample08977,no,PBMC,cd8_t_cell,29277,98624,29.69
sample08977,no,PBMC,monocyte,23464,98624,23.79
sample08977,no,PBMC,nk_cell,13041,98624,13.22
sample08978,no,PBMC,b_cell,6841,89742,7.62
sample08978,no,PBMC,cd4_t_cell,24484,89742,27.28
sample08978,no,PBMC,cd8_t_cell,27487,89742,30.63
sample08978,no,PBMC,monocyte,17738,89742,19.77
sample08978,no,PBMC,nk_cell,13192,89742,14.7
sample08979,yes,PBMC,b_cell,6639,99103,6.7
sample08979,yes,PBMC,cd4_t_cell,29203,99103,29.47
sample08979,yes,PBMC,cd8_t_cell,27453,99103,27.7
sample08979,yes,PBMC,monocyte,17106,99103,17.26
sample08979,yes,PBMC,nk_cell,18702,99103,18.87
sample08980,yes,PBMC,b_cell,8522,110208,7.73
sample08980,yes,PBMC,cd4_t_cell,38767,110208,35.18
sample08980,yes,PBMC,cd8_t_cell,25121,110208,22.79
sample08980,yes,PBMC,monocyte,22434,110208,20.36
sample08980,yes,PBMC,nk_cell,15364,110208,13.94
sample08981,yes,PBMC,b_cell,7596,107277,7.08
sample08981,yes,PBMC,cd4_t_cell,30918,107277,28.82
sample08981,yes,PBMC,cd8_t_cell,24926,107277,23.24
sample08981,yes,PBMC,monocyte,25631,107277,23.89
sample08981,yes,PBMC,nk_cell,18206,107277,16.97
sample09003,no,PBMC,b_cell,8121,97878,8.3
sample09003,no,PBMC,cd4_t_cell,21870,97878,22.34
sample09003,no,PBMC,cd8_t_cell,29600,97878,30.24
sample09003,no,PBMC,monocyte,20675,97878,21.12
sample09003,no,PBMC,nk_cell,17612,97878,17.99
sample09004,no,PBMC,b_cell,9470,107876,8.78
sample09004,no,PBMC,cd4_t_cell,29285,107876,27.15
sample09004,no,PBMC,cd8_t_cell,32328,107876,29.97
sample09004,no,PBMC,monocyte,26178,107876,24.27
sample09004,no,PBMC,nk_cell,10615,107876,9.84
sample09005,no,PBMC,b_cell,5951,96249,6.18
sample09005,no,PBMC,cd4_t_cell,22346,96249,23.22
sample09005,no,PBMC,cd8_t_cell,28019,96249,29.11
sample09005,no,PBMC,monocyte,22360,96249,23.23
sample09005,no,PBMC,nk_cell,17573,96249,18.26
sample09009,yes,PBMC,b_cell,6497,95764,6.78
sample09009,yes,PBMC,cd4_t_cell,27656,95764,28.88
sample09009,yes,PBMC,cd8_t_cell,26517,95764,27.69
sample09009,yes,PBMC,monocyte,20262,95764,21.16
sample09009,yes,PBMC,nk_cell,14832,95764,15.49
sample09010,yes,PBMC,b_cell,14629,99596,14.69
sample09010,yes,PBMC,cd4_t_cell,34123,99596,34.26
sample09010,yes,PBMC,cd8_t_cell,19654,99596,19.73
sample09010,yes,PBMC,monocyte,11751,99596,11.8
sample09010,yes,PBMC,nk_cell,19439,99596,19.52
sample09011,yes,PBMC,b_cell,11483,112421,10.21
sample09011,yes,PBMC,cd4_t_cell,40560,112421,36.08
sample09011,yes,PBMC,cd8_t_cell,30287,112421,26.94
sample09011,yes,PBMC,monocyte,21396,112421,19.03
sample09011,yes,PBMC,nk_cell,8695,112421,7.73
sample09018,yes,PBMC,b_cell,9038,92308,9.79
sample09018,yes,PBMC,cd4_t_cell,27858,92308,30.18
sample09018,yes,PBMC,cd8_t_cell,18854,92308,20.43
sample09018,yes,PBMC,monocyte,14621,92308,15.84
sample09018,yes,PBMC,nk_cell,21937,92308,23.77
sample09019,yes,PBMC,b_cell,13514,100640,13.43
sample09019,yes,PBMC,cd4_t_cell,31411,100640,31.21
sample09019,yes,PBMC,cd8_t_cell,25955,100640,25.79
sample09019,yes,PBMC,monocyte,16479,100640,16.37
sample09019,yes,PBMC,nk_cell,13281,100640,13.2
sample09020,yes,PBMC,b_cell,10901,107800,10.11
sample09020,yes,PBMC,cd4_t_cell,30794,107800,28.57
sample09020,yes,PBMC,cd8_t_cell,40432,107800,37.51
sample09020,yes,PBMC,monocyte,11641,107800,10.8
sample09020,yes,PBMC,nk_cell,14032,107800,13.02
sample09024,yes,PBMC,b_cell,11247,108837,10.33
sample09024,yes,PBMC,cd4_t_cell,34929,108837,32.09
sample09024,yes,PBMC,cd8_t_cell,21873,108837,20.1
sample09024,yes,PBMC,monocyte,17407,108837,15.99
sample09024,yes,PBMC,nk_cell,23381,108837,21.48
sample09025,yes,PBMC,b_cell,13473,112281,12.0
sample09025,yes,PBMC,cd4_t_cell,44617,112281,39.74
sample09025,yes,PBMC,cd8_t_cell,24056,112281,21.42
sample09025,yes,PBMC,monocyte,17810,112281,15.86
sample09025,yes,PBMC,nk_cell,12325,112281,10.98
sample09026,yes,PBMC,b_cell,15366,97245,15.8
sample09026,yes,PBMC,cd4_t_cell,26615,97245,27.37
sample09026,yes,PBMC,cd8_t_cell,19518,97245,20.07
sample09026,yes,PBMC,monocyte,22192,97245,22.82
sample09026,yes,PBMC,nk_cell,13554,97245,13.94
sample09030,no,PBMC,b_cell,15585,96877,16.09
sample09030,no,PBMC,cd4_t_cell,28290,96877,29.2
sample09030,no,PBMC,cd8_t_cell,24262,96877,25.04
sample09030,no,PBMC,monocyte,13259,96877,13.69
sample09030,no,PBMC,nk_cell,15481,96877,15.98
sample09031,no,PBMC,b_cell,7406,91958,8.05
sample09031,no,PBMC,cd4_t_cell,30387,91958,33.04
sample09031,no,PBMC,cd8_t_cell,21650,91958,23.54
sample09031,no,PBMC,monocyte,17134,91958,18.63
sample09031,no,PBMC,nk_cell,15381,91958,16.73
sample09032,no,PBMC,b_cell,14375,90253,15.93
sample09032,no,PBMC,cd4_t_cell,22996,90253,25.48
sample09032,no,PBMC,cd8_t_cell,20709,90253,22.95
sample09032,no,PBMC,monocyte,20494,90253,22.71
sample09032,no,PBMC,nk_cell,11679,90253,12.94
sample09036,no,PBMC,b_cell,9679,94780,10.21
sample09036,no,PBMC,cd4_t_cell,24071,94780,25.4
sample09036,no,PBMC,cd8_t_cell,28364,94780,29.93
sample09036,no,PBMC,monocyte,19368,94780,20.43
sample09036,no,PBMC,nk_cell,13298,94780,14.03
sample09037,no,PBMC,b_cell,5428,89384,6.07
sample09037,no,PBMC,cd4_t_cell,20568,89384,23.01
sample09037,no,PBMC,cd8_t_cell,27865,89384,31.17
sample09037,no,PBMC,monocyte,18588,89384,20.8
sample09037,no,PBMC,nk_cell,16935,89384,18.95
sample09038,no,PBMC,b_cell,6916,92290,7.49
sample09038,no,PBMC,cd4_t_cell,26903,92290,29.15
sample09038,no,PBMC,cd8_t_cell,19028,92290,20.62
sample09038,no,PBMC,monocyte,24147,92290,26.16
sample09038,no,PBMC,nk_cell,15296,92290,16.57
sample09039,no,PBMC,b_cell,10368,95939,10.81
sample09039,no,PBMC,cd4_t_cell,24252,95939,25.28
sample09039,no,PBMC,cd8_t_cell,23572,95939,24.57
sample09039,no,PBMC,monocyte,18997,95939,19.8
sample09039,no,PBMC,nk_cell,18750,95939,19.54
sample09040,no,PBMC,b_cell,9795,108345,9.04
sample09040,no,PBMC,cd4_t_cell,32964,108345,30.43
sample09040,no,PBMC,cd8_t_cell,23474,108345,21.67
sample09040,no,PBMC,monocyte,21487,108345,19.83
sample09040,no,PBMC,nk_cell,20625,108345,19.04
sample09041,no,PBMC,b_cell,8849,92805,9.54
sample09041,no,PBMC,cd4_t_cell,22220,92805,23.94
sample09041,no,PBMC,cd8_t_cell,23163,92805,24.96
sample09041,no,PBMC,monocyte,20870,92805,22.49
sample09041,no,PBMC,nk_cell,17703,92805,19.08
sample09048,no,PBMC,b_cell,5270,93285,5.65
sample09048,no,PBMC,cd4_t_cell,29468,93285,31.59
sample09048,no,PBMC,cd8_t_cell,24728,93285,26.51
sample09048,no,PBMC,monocyte,17266,93285,18.51
sample09048,no,PBMC,nk_cell,16553,93285,17.74
sample09049,no,PBMC,b_cell,5685,107439,5.29
sample09049,no,PBMC,cd4_t_cell,34654,107439,32.25
sample09049,no,PBMC,cd8_t_cell,32963,107439,30.68
sample09049,no,PBMC,monocyte,20901,107439,19.45
sample09049,no,PBMC,nk_cell,13236,107439,12.32
sample09050,no,PBMC,b_cell,9981,92368,10.81
sample09050,no,PBMC,cd4_t_cell,34128,92368,36.95
sample09050,no,PBMC,cd8_t_cell,20449,92368,22.14
sample09050,no,PBMC,monocyte,15397,92368,16.67
sample09050,no,PBMC,nk_cell,12413,92368,13.44
sample09060,no,PBMC,b_cell,11174,102499,10.9
sample09060,no,PBMC,cd4_t_cell,37498,102499,36.58
sample09060,no,PBMC,cd8_t_cell,21858,102499,21.33
sample09060,no,PBMC,monocyte,20202,102499,19.71
sample09060,no,PBMC,nk_cell,11767,102499,11.48
sample09061,no,PBMC,b_cell,14025,102124,13.73
sample09061,no,PBMC,cd4_t_cell,25891,102124,25.35
sample09061,no,PBMC,cd8_t_cell,28626,102124,28.03
sample09061,no,PBMC,monocyte,19850,102124,19.44
sample09061,no,PBMC,nk_cell,13732,102124,13.45
sample09062,no,PBMC,b_cell,10435,105611,9.88
sample09062,no,PBMC,cd4_t_cell,36035,105611,34.12
sample09062,no,PBMC,cd8_t_cell,19527,105611,18.49
sample09062,no,PBMC,monocyte,23946,105611,22.67
sample09062,no,PBMC,nk_cell,15668,105611,14.84
sample09066,no,PBMC,b_cell,6931,105905,6.54
sample09066,no,PBMC,cd4_t_cell,35882,105905,33.88
sample09066,no,PBMC,cd8_t_cell,24903,105905,23.51
sample09066,no,PBMC,monocyte,21540,105905,20.34
sample09066,no,PBMC,nk_cell,16649,105905,15.72
sample09067,no,PBMC,b_cell,12676,95054,13.34
sample09067,no,PBMC,cd4_t_cell,18473,95054,19.43
sample09067,no,PBMC,cd8_t_cell,24397,95054,25.67
sample09067,no,PBMC,monocyte,18755,95054,19.73
sample09067,no,PBMC,nk_cell,20753,95054,21.83
sample09068,no,PBMC,b_cell,11366,105653,10.76
sample09068,no,PBMC,cd4_t_cell,31217,105653,29.55
sample09068,no,PBMC,cd8_t_cell,29510,105653,27.93
sample09068,no,PBMC,monocyte,21974,105653,20.8
sample09068,no,PBMC,nk_cell,11586,105653,10.97
sample09072,yes,PBMC,b_cell,12355,102093,12.1
sample09072,yes,PBMC,cd4_t_cell,34672,102093,33.96
sample09072,yes,PBMC,cd8_t_cell,20263,102093,19.85
sample09072,yes,PBMC,monocyte,22797,102093,22.33
sample09072,yes,PBMC,nk_cell,12006,102093,11.76
sample09073,yes,PBMC,b_cell,8631,94604,9.12
sample09073,yes,PBMC,cd4_t_cell,29918,94604,31.62
sample09073,yes,PBMC,cd8_t_cell,22840,94604,24.14
sample09073,yes,PBMC,monocyte,13253,94604,14.01
sample09073,yes,PBMC,nk_cell,19962,94604,21.1
sample09074,yes,PBMC,b_cell,7060,95498,7.39
sample09074,yes,PBMC,cd4_t_cell,32104,95498,33.62
sample09074,yes,PBMC,cd8_t_cell,21389,95498,22.4
sample09074,yes,PBMC,monocyte,20268,95498,21.22
sample09074,yes,PBMC,nk_cell,14677,95498,15.37
sample09081,yes,PBMC,b_cell,14150,105923,13.36
sample09081,yes,PBMC,cd4_t_cell,36803,105923,34.75
sample09081,yes,PBMC,cd8_t_cell,29005,105923,27.38
sample09081,yes,PBMC,monocyte,15922,105923,15.03
sample09081,yes,PBMC,nk_cell,10043,105923,9.48
sample09082,yes,PBMC,b_cell,7948,108958,7.29
sample09082,yes,PBMC,cd4_t_cell,37837,108958,34.73
sample09082,yes,PBMC,cd8_t_cell,28603,108958,26.25
sample09082,yes,PBMC,monocyte,16103,108958,14.78
sample09082,yes,PBMC,nk_cell,18467,108958,16.95
sample09083,yes,PBMC,b_cell,14879,100856,14.75
sample09083,yes,PBMC,cd4_t_cell,26655,100856,26.43
sample09083,yes,PBMC,cd8_t_cell,20368,100856,20.2
sample09083,yes,PBMC,monocyte,27753,100856,27.52
sample09083,yes,PBMC,nk_cell,11201,100856,11.11
sample09087,yes,PBMC,b_cell,7524,109362,6.88
sample09087,yes,PBMC,cd4_t_cell,37157,109362,33.98
sample09087,yes,PBMC,cd8_t_cell,28712,109362,26.25
sample09087,yes,PBMC,monocyte,19440,109362,17.78
sample09087,yes,PBMC,nk_cell,16529,109362,15.11
sample09088,yes,PBMC,b_cell,8913,104496,8.53
sample09088,yes,PBMC,cd4_t_cell,33094,104496,31.67
sample09088,yes,PBMC,cd8_t_cell,28838,104496,27.6
sample09088,yes,PBMC,monocyte,16087,104496,15.39
sample09088,yes,PBMC,nk_cell,17564,104496,16.81
sample09089,yes,PBMC,b_cell,10329,94333,10.95
sample09089,yes,PBMC,cd4_t_cell,21929,94333,23.25
sample09089,yes,PBMC,cd8_t_cell,20018,94333,21.22
sample09089,yes,PBMC,monocyte,30198,94333,32.01
sample09089,yes,PBMC,nk_cell,11859,94333,12.57
sample09102,yes,PBMC,b_cell,9739,99577,9.78
sample09102,yes,PBMC,cd4_t_cell,32118,99577,32.25
sample09102,yes,PBMC,cd8_t_cell,27986,99577,28.1
sample09102,yes,PBMC,monocyte,9171,99577,9.21
sample09102,yes,PBMC,nk_cell,20563,99577,20.65
sample09103,yes,PBMC,b_cell,5773,102032,5.66
sample09103,yes,PBMC,cd4_t_cell,28603,102032,28.03
sample09103,yes,PBMC,cd8_t_cell,40214,102032,39.41
sample09103,yes,PBMC,monocyte,14221,102032,13.94
sample09103,yes,PBMC,nk_cell,13221,102032,12.96
sample09104,yes,PBMC,b_cell,6754,99830,6.77
sample09104,yes,PBMC,cd4_t_cell,31112,99830,31.16
sample09104,yes,PBMC,cd8_t_cell,27327,99830,27.37
sample09104,yes,PBMC,monocyte,19960,99830,19.99
sample09104,yes,PBMC,nk_cell,14677,99830,14.7
sample09114,yes,PBMC,b_cell,9817,97992,10.02
sample09114,yes,PBMC,cd4_t_cell,30599,97992,31.23
sample09114,yes,PBMC,cd8_t_cell,23413,97992,23.89
sample09114,yes,PBMC,monocyte,22873,97992,23.34
sample09114,yes,PBMC,nk_cell,11290,97992,11.52
sample09115,yes,PBMC,b_cell,8719,91608,9.52
sample09115,yes,PBMC,cd4_t_cell,41663,91608,45.48
sample09115,yes,PBMC,cd8_t_cell,19678,91608,21.48
sample09115,yes,PBMC,monocyte,11306,91608,12.34
sample09115,yes,PBMC,nk_cell,10242,91608,11.18
sample09116,yes,PBMC,b_cell,11354,110131,10.31
sample09116,yes,PBMC,cd4_t_cell,29512,110131,26.8
sample09116,yes,PBMC,cd8_t_cell,28954,110131,26.29
sample09116,yes,PBMC,monocyte,22482,110131,20.41
sample09116,yes,PBMC,nk_cell,17829,110131,16.19
sample09129,yes,PBMC,b_cell,12474,93627,13.32
sample09129,yes,PBMC,cd4_t_cell,26587,93627,28.4
sample09129,yes,PBMC,cd8_t_cell,12655,93627,13.52
sample09129,yes,PBMC,monocyte,22458,93627,23.99
sample09129,yes,PBMC,nk_cell,19453,93627,20.78
sample09130,yes,PBMC,b_cell,6353,104361,6.09
sample09130,yes,PBMC,cd4_t_cell,36629,104361,35.1
sample09130,yes,PBMC,cd8_t_cell,20626,104361,19.76
sample09130,yes,PBMC,monocyte,17554,104361,16.82
sample09130,yes,PBMC,nk_cell,23199,104361,22.23
sample09131,yes,PBMC,b_cell,3344,99591,3.36
sample09131,yes,PBMC,cd4_t_cell,36127,99591,36.28
sample09131,yes,PBMC,cd8_t_cell,25502,99591,25.61
sample09131,yes,PBMC,monocyte,17949,99591,18.02
sample09131,yes,PBMC,nk_cell,16669,99591,16.74
sample09144,yes,PBMC,b_cell,7135,105316,6.77
sample09144,yes,PBMC,cd4_t_cell,22375,105316,21.25
sample09144,yes,PBMC,cd8_t_cell,31311,105316,29.73
sample09144,yes,PBMC,monocyte,24893,105316,23.64
sample09144,yes,PBMC,nk_cell,19602,105316,18.61
sample09145,yes,PBMC,b_cell,20009,110832,18.05
sample09145,yes,PBMC,cd4_t_cell,32219,110832,29.07
sample09145,yes,PBMC,cd8_t_cell,29343,110832,26.48
sample09145,yes,PBMC,monocyte,17765,110832,16.03
sample09145,yes,PBMC,nk_cell,11496,110832,10.37
sample09146,yes,PBMC,b_cell,8435,107504,7.85
sample09146,yes,PBMC,cd4_t_cell,31049,107504,28.88
sample09146,yes,PBMC,cd8_t_cell,37840,107504,35.2
sample09146,yes,PBMC,monocyte,18597,107504,17.3
sample09146,yes,PBMC,nk_cell,11583,107504,10.77
sample09150,no,PBMC,b_cell,10176,91819,11.08
sample09150,no,PBMC,cd4_t_cell,27188,91819,29.61
sample09150,no,PBMC,cd8_t_cell,24392,91819,26.57
sample09150,no,PBMC,monocyte,21769,91819,23.71
sample09150,no,PBMC,nk_cell,8294,91819,9.03
sample09151,no,PBMC,b_cell,9064,96085,9.43
sample09151,no,PBMC,cd4_t_cell,29003,96085,30.18
sample09151,no,PBMC,cd8_t_cell,24446,96085,25.44
sample09151,no,PBMC,monocyte,19919,96085,20.73
sample09151,no,PBMC,nk_cell,13653,96085,14.21
sample09152,no,PBMC,b_cell,7939,93197,8.52
sample09152,no,PBMC,cd4_t_cell,27640,93197,29.66
sample09152,no,PBMC,cd8_t_cell,34913,93197,37.46
sample09152,no,PBMC,monocyte,14245,93197,15.28
sample09152,no,PBMC,nk_cell,8460,93197,9.08
sample09159,no,PBMC,b_cell,6133,91144,6.73
sample09159,no,PBMC,cd4_t_cell,21798,91144,23.92
sample09159,no,PBMC,cd8_t_cell,29526,91144,32.39
sample09159,no,PBMC,monocyte,19864,91144,21.79
sample09159,no,PBMC,nk_cell,13823,91144,15.17
sample09160,no,PBMC,b_cell,12844,108090,11.88
sample09160,no,PBMC,cd4_t_cell,30015,108090,27.77
sample09160,no,PBMC,cd8_t_cell,26217,108090,24.25
sample09160,no,PBMC,monocyte,23267,108090,21.53
sample09160,no,PBMC,nk_cell,15747,108090,14.57
sample09161,no,PBMC,b_cell,5842,95179,6.14
sample09161,no,PBMC,cd4_t_cell,29926,95179,31.44
sample09161,no,PBMC,cd8_t_cell,26894,95179,28.26
sample09161,no,PBMC,monocyte,21844,95179,22.95
sample09161,no,PBMC,nk_cell,10673,95179,11.21
sample09162,yes,PBMC,b_cell,16203,103535,15.65
sample09162,yes,PBMC,cd4_t_cell,23488,103535,22.69
sample09162,yes,PBMC,cd8_t_cell,27763,103535,26.82
sample09162,yes,PBMC,monocyte,22848,103535,22.07
sample09162,yes,PBMC,nk_cell,13233,103535,12.78
sample09163,yes,PBMC,b_cell,10258,96134,10.67
sample09163,yes,PBMC,cd4_t_cell,30363,96134,31.58
sample09163,yes,PBMC,cd8_t_cell,23791,96134,24.75
sample09163,yes,PBMC,monocyte,23958,96134,24.92
sample09163,yes,PBMC,nk_cell,7764,96134,8.08
sample09164,yes,PBMC,b_cell,5261,100549,5.23
sample09164,yes,PBMC,cd4_t_cell,37892,100549,37.69
sample09164,yes,PBMC,cd8_t_cell,16784,100549,16.69
sample09164,yes,PBMC,monocyte,21284,100549,21.17
sample09164,yes,PBMC,nk_cell,19328,100549,19.22
sample09171,yes,PBMC,b_cell,12511,102086,12.26
sample09171,yes,PBMC,cd4_t_cell,34622,102086,33.91
sample09171,yes,PBMC,cd8_t_cell,28282,102086,27.7
sample09171,yes,PBMC,monocyte,15559,102086,15.24
sample09171,yes,PBMC,nk_cell,11112,102086,10.88
sample09172,yes,PBMC,b_cell,15761,104129,15.14
sample09172,yes,PBMC,cd4_t_cell,22091,104129,21.22
sample09172,yes,PBMC,cd8_t_cell,34760,104129,33.38
sample09172,yes,PBMC,monocyte,17502,104129,16.81
sample09172,yes,PBMC,nk_cell,14015,104129,13.46
sample09173,yes,PBMC,b_cell,11727,100489,11.67
sample09173,yes,PBMC,cd4_t_cell,29569,100489,29.43
sample09173,yes,PBMC,cd8_t_cell,25179,100489,25.06
sample09173,yes,PBMC,monocyte,18393,100489,18.3
sample09173,yes,PBMC,nk_cell,15621,100489,15.54
sample09180,yes,PBMC,b_cell,10962,100004,10.96
sample09180,yes,PBMC,cd4_t_cell,33340,100004,33.34
sample09180,yes,PBMC,cd8_t_cell,24880,100004,24.88
sample09180,yes,PBMC,monocyte,19509,100004,19.51
sample09180,yes,PBMC,nk_cell,11313,100004,11.31
sample09181,yes,PBMC,b_cell,9890,99077,9.98
sample09181,yes,PBMC,cd4_t_cell,27254,99077,27.51
sample09181,yes,PBMC,cd8_t_cell,18148,99077,18.32
sample09181,yes,PBMC,monocyte,19171,99077,19.35
sample09181,yes,PBMC,nk_cell,24614,99077,24.84
sample09182,yes,PBMC,b_cell,8108,104757,7.74
sample09182,yes,PBMC,cd4_t_cell,43740,104757,41.75
sample09182,yes,PBMC,cd8_t_cell,19140,104757,18.27
sample09182,yes,PBMC,monocyte,18248,104757,17.42
sample09182,yes,PBMC,nk_cell,15521,104757,14.82
sample09183,no,PBMC,b_cell,10954,107988,10.14
sample09183,no,PBMC,cd4_t_cell,34616,107988,32.06
sample09183,no,PBMC,cd8_t_cell,31147,107988,28.84
sample09183,no,PBMC,monocyte,16214,107988,15.01
sample09183,no,PBMC,nk_cell,15057,107988,13.94
sample09184,no,PBMC,b_cell,6249,94743,6.6
sample09184,no,PBMC,cd4_t_cell,28676,94743,30.27
sample09184,no,PBMC,cd8_t_cell,23273,94743,24.56
sample09184,no,PBMC,monocyte,24025,94743,25.36
sample09184,no,PBMC,nk_cell,12520,94743,13.21
sample09185,no,PBMC,b_cell,11085,106505,10.41
sample09185,no,PBMC,cd4_t_cell,31235,106505,29.33
sample09185,no,PBMC,cd8_t_cell,27478,106505,25.8
sample09185,no,PBMC,monocyte,28830,106505,27.07
sample09185,no,PBMC,nk_cell,7877,106505,7.4
sample09198,yes,PBMC,b_cell,6980,93220,7.49
sample09198,yes,PBMC,cd4_t_cell,27719,93220,29.74
sample09198,yes,PBMC,cd8_t_cell,26673,93220,28.61
sample09198,yes,PBMC,monocyte,19143,93220,20.54
sample09198,yes,PBMC,nk_cell,12705,93220,13.63
sample09199,yes,PBMC,b_cell,16483,109152,15.1
sample09199,yes,PBMC,cd4_t_cell,24777,109152,22.7
sample09199,yes,PBMC,cd8_t_cell,29151,109152,26.71
sample09199,yes,PBMC,monocyte,19537,109152,17.9
sample09199,yes,PBMC,nk_cell,19204,109152,17.59
sample09200,yes,PBMC,b_cell,13722,94536,14.52
sample09200,yes,PBMC,cd4_t_cell,27118,94536,28.69
sample09200,yes,PBMC,cd8_t_cell,21661,94536,22.91
sample09200,yes,PBMC,monocyte,15698,94536,16.61
sample09200,yes,PBMC,nk_cell,16337,94536,17.28
sample09213,no,PBMC,b_cell,11205,95709,11.71
sample09213,no,PBMC,cd4_t_cell,19554,95709,20.43
sample09213,no,PBMC,cd8_t_cell,26110,95709,27.28
sample09213,no,PBMC,monocyte,27589,95709,28.83
sample09213,no,PBMC,nk_cell,11251,95709,11.76
sample09214,no,PBMC,b_cell,8069,98687,8.18
sample09214,no,PBMC,cd4_t_cell,34133,98687,34.59
sample09214,no,PBMC,cd8_t_cell,27618,98687,27.99
sample09214,no,PBMC,monocyte,17053,98687,17.28
sample09214,no,PBMC,nk_cell,11814,98687,11.97
sample09215,no,PBMC,b_cell,7168,94756,7.56
sample09215,no,PBMC,cd4_t_cell,27344,94756,28.86
sample09215,no,PBMC,cd8_t_cell,18645,94756,19.68
sample09215,no,PBMC,monocyte,16505,94756,17.42
sample09215,no,PBMC,nk_cell,25094,94756,26.48
sample09243,yes,PBMC,b_cell,8869,98369,9.02
sample09243,yes,PBMC,cd4_t_cell,26022,98369,26.45
sample09243,yes,PBMC,cd8_t_cell,26594,98369,27.03
sample09243,yes,PBMC,monocyte,16984,98369,17.27
sample09243,yes,PBMC,nk_cell,19900,98369,20.23
sample09244,yes,PBMC,b_cell,9111,100297,9.08
sample09244,yes,PBMC,cd4_t_cell,33185,100297,33.09
sample09244,yes,PBMC,cd8_t_cell,23349,100297,23.28
sample09244,yes,PBMC,monocyte,14982,100297,14.94
sample09244,yes,PBMC,nk_cell,19670,100297,19.61
sample09245,yes,PBMC,b_cell,6202,93440,6.64
sample09245,yes,PBMC,cd4_t_cell,33207,93440,35.54
sample09245,yes,PBMC,cd8_t_cell,23167,93440,24.79
sample09245,yes,PBMC,monocyte,15646,93440,16.74
sample09245,yes,PBMC,nk_cell,15218,93440,16.29
sample09246,no,PBMC,b_cell,8610,109101,7.89
sample09246,no,PBMC,cd4_t_cell,28918,109101,26.51
sample09246,no,PBMC,cd8_t_cell,21493,109101,19.7
sample09246,no,PBMC,monocyte,34901,109101,31.99
sample09246,no,PBMC,nk_cell,15179,109101,13.91
sample09247,no,PBMC,b_cell,13038,103596,12.59
sample09247,no,PBMC,cd4_t_cell,40073,103596,38.68
sample09247,no,PBMC,cd8_t_cell,18204,103596,17.57
sample09247,no,PBMC,monocyte,15180,103596,14.65
sample09247,no,PBMC,nk_cell,17101,103596,16.51
sample09248,no,PBMC,b_cell,9088,91693,9.91
sample09248,no,PBMC,cd4_t_cell,24406,91693,26.62
sample09248,no,PBMC,cd8_t_cell,19674,91693,21.46
sample09248,no,PBMC,monocyte,26431,91693,28.83
sample09248,no,PBMC,nk_cell,12094,91693,13.19
sample09249,no,PBMC,b_cell,9455,103352,9.15
sample09249,no,PBMC,cd4_t_cell,28031,103352,27.12
sample09249,no,PBMC,cd8_t_cell,24765,103352,23.96
sample09249,no,PBMC,monocyte,25985,103352,25.14
sample09249,no,PBMC,nk_cell,15116,103352,14.63
sample09250,no,PBMC,b_cell,9749,106607,9.14
sample09250,no,PBMC,cd4_t_cell,29736,106607,27.89
sample09250,no,PBMC,cd8_t_cell,33227,106607,31.17
sample09250,no,PBMC,monocyte,19420,106607,18.22
sample09250,no,PBMC,nk_cell,14475,106607,13.58
sample09251,no,PBMC,b_cell,10742,96242,11.16
sample09251,no,PBMC,cd4_t_cell,34970,96242,36.34
sample09251,no,PBMC,cd8_t_cell,28494,96242,29.61
sample09251,no,PBMC,monocyte,14223,96242,14.78
sample09251,no,PBMC,nk_cell,7813,96242,8.12
sample09288,no,PBMC,b_cell,5857,95077,6.16
sample09288,no,PBMC,cd4_t_cell,26110,95077,27.46
sample09288,no,PBMC,cd8_t_cell,26151,95077,27.51
sample09288,no,PBMC,monocyte,25134,95077,26.44
sample09288,no,PBMC,nk_cell,11825,95077,12.44
sample09289,no,PBMC,b_cell,8652,111141,7.78
sample09289,no,PBMC,cd4_t_cell,39528,111141,35.57
sample09289,no,PBMC,cd8_t_cell,34408,111141,30.96
sample09289,no,PBMC,monocyte,18235,111141,16.41
sample09289,no,PBMC,nk_cell,10318,111141,9.28
sample09290,no,PBMC,b_cell,10130,104172,9.72
sample09290,no,PBMC,cd4_t_cell,33167,104172,31.84
sample09290,no,PBMC,cd8_t_cell,23016,104172,22.09
sample09290,no,PBMC,monocyte,16405,104172,15.75
sample09290,no,PBMC,nk_cell,21454,104172,20.59
sample09294,no,PBMC,b_cell,11750,90486,12.99
sample09294,no,PBMC,cd4_t_cell,26721,90486,29.53
sample09294,no,PBMC,cd8_t_cell,22262,90486,24.6
sample09294,no,PBMC,monocyte,19923,90486,22.02
sample09294,no,PBMC,nk_cell,9830,90486,10.86
sample09295,no,PBMC,b_cell,8846,101776,8.69
sample09295,no,PBMC,cd4_t_cell,36825,101776,36.18
sample09295,no,PBMC,cd8_t_cell,24164,101776,23.74
sample09295,no,PBMC,monocyte,21075,101776,20.71
sample09295,no,PBMC,nk_cell,10866,101776,10.68
sample09296,no,PBMC,b_cell,6487,105907,6.13
sample09296,no,PBMC,cd4_t_cell,26464,105907,24.99
sample09296,no,PBMC,cd8_t_cell,25457,105907,24.04
sample09296,no,PBMC,monocyte,21794,105907,20.58
sample09296,no,PBMC,nk_cell,25705,105907,24.27
sample09300,yes,PBMC,b_cell,5660,93220,6.07
sample09300,yes,PBMC,cd4_t_cell,26634,93220,28.57
sample09300,yes,PBMC,cd8_t_cell,31325,93220,33.6
sample09300,yes,PBMC,monocyte,13547,93220,14.53
sample09300,yes,PBMC,nk_cell,16054,93220,17.22
sample09301,yes,PBMC,b_cell,6358,100742,6.31
sample09301,yes,PBMC,cd4_t_cell,36434,100742,36.17
sample09301,yes,PBMC,cd8_t_cell,21745,100742,21.58
sample09301,yes,PBMC,monocyte,20885,100742,20.73
sample09301,yes,PBMC,nk_cell,15320,100742,15.21
sample09302,yes,PBMC,b_cell,5558,106533,5.22
sample09302,yes,PBMC,cd4_t_cell,39859,106533,37.41
sample09302,yes,PBMC,cd8_t_cell,30413,106533,28.55
sample09302,yes,PBMC,monocyte,17978,106533,16.88
sample09302,yes,PBMC,nk_cell,12725,106533,11.94
sample09303,no,PBMC,b_cell,5739,95720,6.0
sample09303,no,PBMC,cd4_t_cell,31457,95720,32.86
sample09303,no,PBMC,cd8_t_cell,23125,95720,24.16
sample09303,no,PBMC,monocyte,23033,95720,24.06
sample09303,no,PBMC,nk_cell,12366,95720,12.92
sample09304,no,PBMC,b_cell,6232,101122,6.16
sample09304,no,PBMC,cd4_t_cell,35190,101122,34.8
sample09304,no,PBMC,cd8_t_cell,25661,101122,25.38
sample09304,no,PBMC,monocyte,24030,101122,23.76
sample09304,no,PBMC,nk_cell,10009,101122,9.9
sample09305,no,PBMC,b_cell,14166,105056,13.48
sample09305,no,PBMC,cd4_t_cell,27423,105056,26.1
sample09305,no,PBMC,cd8_t_cell,16556,105056,15.76
sample09305,no,PBMC,monocyte,27776,105056,26.44
sample09305,no,PBMC,nk_cell,19135,105056,18.21
sample09354,no,PBMC,b_cell,6945,93620,7.42
sample09354,no,PBMC,cd4_t_cell,27290,93620,29.15
sample09354,no,PBMC,cd8_t_cell,21004,93620,22.44
sample09354,no,PBMC,monocyte,19992,93620,21.35
sample09354,no,PBMC,nk_cell,18389,93620,19.64
sample09355,no,PBMC,b_cell,12844,93474,13.74
sample09355,no,PBMC,cd4_t_cell,16692,93474,17.86
sample09355,no,PBMC,cd8_t_cell,32466,93474,34.73
sample09355,no,PBMC,monocyte,16807,93474,17.98
sample09355,no,PBMC,nk_cell,14665,93474,15.69
sample09356,no,PBMC,b_cell,13298,110624,12.02
sample09356,no,PBMC,cd4_t_cell,37799,110624,34.17
sample09356,no,PBMC,cd8_t_cell,17313,110624,15.65
sample09356,no,PBMC,monocyte,24073,110624,21.76
sample09356,no,PBMC,nk_cell,18141,110624,16.4
sample09363,no,PBMC,b_cell,8438,87701,9.62
sample09363,no,PBMC,cd4_t_cell,25080,87701,28.6
sample09363,no,PBMC,cd8_t_cell,27963,87701,31.88
sample09363,no,PBMC,monocyte,15278,87701,17.42
sample09363,no,PBMC,nk_cell,10942,87701,12.48
sample09364,no,PBMC,b_cell,12841,93421,13.75
sample09364,no,PBMC,cd4_t_cell,24979,93421,26.74
sample09364,no,PBMC,cd8_t_cell,16732,93421,17.91
sample09364,no,PBMC,monocyte,22106,93421,23.66
sample09364,no,PBMC,nk_cell,16763,93421,17.94
sample09365,no,PBMC,b_cell,10136,103759,9.77
sample09365,no,PBMC,cd4_t_cell,28267,103759,27.24
sample09365,no,PBMC,cd8_t_cell,14223,103759,13.71
sample09365,no,PBMC,monocyte,25481,103759,24.56
sample09365,no,PBMC,nk_cell,25652,103759,24.72
sample09378,no,PBMC,b_cell,9927,101477,9.78
sample09378,no,PBMC,cd4_t_cell,31203,101477,30.75
sample09378,no,PBMC,cd8_t_cell,23640,101477,23.3
sample09378,no,PBMC,monocyte,24162,101477,23.81
sample09378,no,PBMC,nk_cell,12545,101477,12.36
sample09379,no,PBMC,b_cell,10892,98872,11.02
sample09379,no,PBMC,cd4_t_cell,30524,98872,30.87
sample09379,no,PBMC,cd8_t_cell,20572,98872,20.81
sample09379,no,PBMC,monocyte,20178,98872,20.41
sample09379,no,PBMC,nk_cell,16706,98872,16.9
sample09380,no,PBMC,b_cell,8296,101569,8.17
sample09380,no,PBMC,cd4_t_cell,33746,101569,33.22
sample09380,no,PBMC,cd8_t_cell,27511,101569,27.09
sample09380,no,PBMC,monocyte,16586,101569,16.33
sample09380,no,PBMC,nk_cell,15430,101569,15.19
sample09384,no,PBMC,b_cell,7249,103895,6.98
sample09384,no,PBMC,cd4_t_cell,28286,103895,27.23
sample09384,no,PBMC,cd8_t_cell,32132,103895,30.93
sample09384,no,PBMC,monocyte,23717,103895,22.83
sample09384,no,PBMC,nk_cell,12511,103895,12.04
sample09385,no,PBMC,b_cell,9554,107634,8.88
sample09385,no,PBMC,cd4_t_cell,36793,107634,34.18
sample09385,no,PBMC,cd8_t_cell,26551,107634,24.67
sample09385,no,PBMC,monocyte,20220,107634,18.79
sample09385,no,PBMC,nk_cell,14516,107634,13.49
sample09386,no,PBMC,b_cell,9176,102555,8.95
sample09386,no,PBMC,cd4_t_cell,19113,102555,18.64
sample09386,no,PBMC,cd8_t_cell,24691,102555,24.08
sample09386,no,PBMC,monocyte,30144,102555,29.39
sample09386,no,PBMC,nk_cell,19431,102555,18.95
sample09387,no,PBMC,b_cell,7367,93376,7.89
sample09387,no,PBMC,cd4_t_cell,37975,93376,40.67
sample09387,no,PBMC,cd8_t_cell,18652,93376,19.98
sample09387,no,PBMC,monocyte,17177,93376,18.4
sample09387,no,PBMC,nk_cell,12205,93376,13.07
sample09388,no,PBMC,b_cell,11037,103563,10.66
sample09388,no,PBMC,cd4_t_cell,20139,103563,19.45
sample09388,no,PBMC,cd8_t_cell,26783,103563,25.86
sample09388,no,PBMC,monocyte,23499,103563,22.69
sample09388,no,PBMC,nk_cell,22105,103563,21.34
sample09389,no,PBMC,b_cell,11661,107114,10.89
sample09389,no,PBMC,cd4_t_cell,45347,107114,42.34
sample09389,no,PBMC,cd8_t_cell,24241,107114,22.63
sample09389,no,PBMC,monocyte,10796,107114,10.08
sample09389,no,PBMC,nk_cell,15069,107114,14.07
sample09390,yes,PBMC,b_cell,15844,97441,16.26
sample09390,yes,PBMC,cd4_t_cell,27650,97441,28.38
sample09390,yes,PBMC,cd8_t_cell,20253,97441,20.78
sample09390,yes,PBMC,monocyte,20383,97441,20.92
sample09390,yes,PBMC,nk_cell,13311,97441,13.66
sample09391,yes,PBMC,b_cell,7403,99463,7.44
sample09391,yes,PBMC,cd4_t_cell,21925,99463,22.04
sample09391,yes,PBMC,cd8_t_cell,23988,99463,24.12
sample09391,yes,PBMC,monocyte,28989,99463,29.15
sample09391,yes,PBMC,nk_cell,17158,99463,17.25
sample09392,yes,PBMC,b_cell,6979,108674,6.42
sample09392,yes,PBMC,cd4_t_cell,30882,108674,28.42
sample09392,yes,PBMC,cd8_t_cell,33750,108674,31.06
sample09392,yes,PBMC,monocyte,21815,108674,20.07
sample09392,yes,PBMC,nk_cell,15248,108674,14.03
sample09393,yes,PBMC,b_cell,11751,92704,12.68
sample09393,yes,PBMC,cd4_t_cell,22880,92704,24.68
sample09393,yes,PBMC,cd8_t_cell,23712,92704,25.58
sample09393,yes,PBMC,monocyte,14615,92704,15.77
sample09393,yes,PBMC,nk_cell,19746,92704,21.3
sample09394,yes,PBMC,b_cell,9636,103393,9.32
sample09394,yes,PBMC,cd4_t_cell,27138,103393,26.25
sample09394,yes,PBMC,cd8_t_cell,22620,103393,21.88
sample09394,yes,PBMC,monocyte,26721,103393,25.84
sample09394,yes,PBMC,nk_cell,17278,103393,16.71
sample09395,yes,PBMC,b_cell,9315,95935,9.71
sample09395,yes,PBMC,cd4_t_cell,28457,95935,29.66
sample09395,yes,PBMC,cd8_t_cell,27818,95935,29.0
sample09395,yes,PBMC,monocyte,17369,95935,18.1
sample09395,yes,PBMC,nk_cell,12976,95935,13.53
sample09414,no,PBMC,b_cell,11084,95096,11.66
sample09414,no,PBMC,cd4_t_cell,33253,95096,34.97
sample09414,no,PBMC,cd8_t_cell,23483,95096,24.69
sample09414,no,PBMC,monocyte,18570,95096,19.53
sample09414,no,PBMC,nk_cell,8706,95096,9.15
sample09415,no,PBMC,b_cell,9247,108376,8.53
sample09415,no,PBMC,cd4_t_cell,30781,108376,28.4
sample09415,no,PBMC,cd8_t_cell,24945,108376,23.02
sample09415,no,PBMC,monocyte,26614,108376,24.56
sample09415,no,PBMC,nk_cell,16789,108376,15.49
sample09416,no,PBMC,b_cell,12222,92668,13.19
sample09416,no,PBMC,cd4_t_cell,26810,92668,28.93
sample09416,no,PBMC,cd8_t_cell,18607,92668,20.08
sample09416,no,PBMC,monocyte,21450,92668,23.15
sample09416,no,PBMC,nk_cell,13579,92668,14.65
sample09420,no,PBMC,b_cell,11808,107688,10.97
sample09420,no,PBMC,cd4_t_cell,27224,107688,25.28
sample09420,no,PBMC,cd8_t_cell,27926,107688,25.93
sample09420,no,PBMC,monocyte,18832,107688,17.49
sample09420,no,PBMC,nk_cell,21898,107688,20.33
sample09421,no,PBMC,b_cell,14098,95799,14.72
sample09421,no,PBMC,cd4_t_cell,29247,95799,30.53
sample09421,no,PBMC,cd8_t_cell,18222,95799,19.02
sample09421,no,PBMC,monocyte,22278,95799,23.25
sample09421,no,PBMC,nk_cell,11954,95799,12.48
sample09422,no,PBMC,b_cell,14813,92730,15.97
sample09422,no,PBMC,cd4_t_cell,34391,92730,37.09
sample09422,no,PBMC,cd8_t_cell,18873,92730,20.35
sample09422,no,PBMC,monocyte,12341,92730,13.31
sample09422,no,PBMC,nk_cell,12312,92730,13.28
sample09429,no,PBMC,b_cell,4430,90919,4.87
sample09429,no,PBMC,cd4_t_cell,26415,90919,29.05
sample09429,no,PBMC,cd8_t_cell,19885,90919,21.87
sample09429,no,PBMC,monocyte,27089,90919,29.79
sample09429,no,PBMC,nk_cell,13100,90919,14.41
sample09430,no,PBMC,b_cell,6080,96628,6.29
sample09430,no,PBMC,cd4_t_cell,30568,96628,31.63
sample09430,no,PBMC,cd8_t_cell,23756,96628,24.59
sample09430,no,PBMC,monocyte,23717,96628,24.54
sample09430,no,PBMC,nk_cell,12507,96628,12.94
sample09431,no,PBMC,b_cell,17801,109166,16.31
sample09431,no,PBMC,cd4_t_cell,37066,109166,33.95
sample09431,no,PBMC,cd8_t_cell,25486,109166,23.35
sample09431,no,PBMC,monocyte,13652,109166,12.51
sample09431,no,PBMC,nk_cell,15161,109166,13.89
sample09432,no,PBMC,b_cell,9591,93829,10.22
sample09432,no,PBMC,cd4_t_cell,28369,93829,30.23
sample09432,no,PBMC,cd8_t_cell,21711,93829,23.14
sample09432,no,PBMC,monocyte,19243,93829,20.51
sample09432,no,PBMC,nk_cell,14915,93829,15.9
sample09433,no,PBMC,b_cell,12772,96915,13.18
sample09433,no,PBMC,cd4_t_cell,29354,96915,30.29
sample09433,no,PBMC,cd8_t_cell,21125,96915,21.8
sample09433,no,PBMC,monocyte,17598,96915,18.16
sample09433,no,PBMC,nk_cell,16066,96915,16.58
sample09434,no,PBMC,b_cell,8111,106134,7.64
sample09434,no,PBMC,cd4_t_cell,27919,106134,26.31
sample09434,no,PBMC,cd8_t_cell,27006,106134,25.45
sample09434,no,PBMC,monocyte,30049,106134,28.31
sample09434,no,PBMC,nk_cell,13049,106134,12.29
sample09441,yes,PBMC,b_cell,4103,105526,3.89
sample09441,yes,PBMC,cd4_t_cell,26574,105526,25.18
sample09441,yes,PBMC,cd8_t_cell,32189,105526,30.5
sample09441,yes,PBMC,monocyte,16970,105526,16.08
sample09441,yes,PBMC,nk_cell,25690,105526,24.34
sample09442,yes,PBMC,b_cell,9756,96139,10.15
sample09442,yes,PBMC,cd4_t_cell,29698,96139,30.89
sample09442,yes,PBMC,cd8_t_cell,29493,96139,30.68
sample09442,yes,PBMC,monocyte,20022,96139,20.83
sample09442,yes,PBMC,nk_cell,7170,96139,7.46
sample09443,yes,PBMC,b_cell,14713,103353,14.24
sample09443,yes,PBMC,cd4_t_cell,29870,103353,28.9
sample09443,yes,PBMC,cd8_t_cell,26294,103353,25.44
sample09443,yes,PBMC,monocyte,14076,103353,13.62
sample09443,yes,PBMC,nk_cell,18400,103353,17.8
sample09450,yes,PBMC,b_cell,5826,94727,6.15
sample09450,yes,PBMC,cd4_t_cell,35787,94727,37.78
sample09450,yes,PBMC,cd8_t_cell,26642,94727,28.13
sample09450,yes,PBMC,monocyte,15545,94727,16.41
sample09450,yes,PBMC,nk_cell,10927,94727,11.54
sample09451,yes,PBMC,b_cell,6355,94610,6.72
sample09451,yes,PBMC,cd4_t_cell,26809,94610,28.34
sample09451,yes,PBMC,cd8_t_cell,23127,94610,24.44
sample09451,yes,PBMC,monocyte,27050,94610,28.59
sample09451,yes,PBMC,nk_cell,11269,94610,11.91
sample09452,yes,PBMC,b_cell,2690,92876,2.9
sample09452,yes,PBMC,cd4_t_cell,40918,92876,44.06
sample09452,yes,PBMC,cd8_t_cell,15107,92876,16.27
sample09452,yes,PBMC,monocyte,18888,92876,20.34
sample09452,yes,PBMC,nk_cell,15273,92876,16.44
sample09459,yes,PBMC,b_cell,11368,103625,10.97
sample09459,yes,PBMC,cd4_t_cell,29716,103625,28.68
sample09459,yes,PBMC,cd8_t_cell,26358,103625,25.44
sample09459,yes,PBMC,monocyte,20415,103625,19.7
sample09459,yes,PBMC,nk_cell,15768,103625,15.22
sample09460,yes,PBMC,b_cell,10833,109712,9.87
sample09460,yes,PBMC,cd4_t_cell,31819,109712,29.0
sample09460,yes,PBMC,cd8_t_cell,21855,109712,19.92
sample09460,yes,PBMC,monocyte,21640,109712,19.72
sample09460,yes,PBMC,nk_cell,23565,109712,21.48
sample09461,yes,PBMC,b_cell,14531,101217,14.36
sample09461,yes,PBMC,cd4_t_cell,25956,101217,25.64
sample09461,yes,PBMC,cd8_t_cell,29325,101217,28.97
sample09461,yes,PBMC,monocyte,14437,101217,14.26
sample09461,yes,PBMC,nk_cell,16968,101217,16.76
sample09468,yes,PBMC,b_cell,7021,99283,7.07
sample09468,yes,PBMC,cd4_t_cell,33234,99283,33.47
sample09468,yes,PBMC,cd8_t_cell,19484,99283,19.62
sample09468,yes,PBMC,monocyte,13885,99283,13.99
sample09468,yes,PBMC,nk_cell,25659,99283,25.84
sample09469,yes,PBMC,b_cell,11889,95479,12.45
sample09469,yes,PBMC,cd4_t_cell,26329,95479,27.58
sample09469,yes,PBMC,cd8_t_cell,23114,95479,24.21
sample09469,yes,PBMC,monocyte,16472,95479,17.25
sample09469,yes,PBMC,nk_cell,17675,95479,18.51
sample09470,yes,PBMC,b_cell,6586,109864,5.99
sample09470,yes,PBMC,cd4_t_cell,36549,109864,33.27
sample09470,yes,PBMC,cd8_t_cell,20116,109864,18.31
sample09470,yes,PBMC,monocyte,17439,109864,15.87
sample09470,yes,PBMC,nk_cell,29174,109864,26.55
sample09477,no,PBMC,b_cell,8801,99593,8.84
sample09477,no,PBMC,cd4_t_cell,28296,99593,28.41
sample09477,no,PBMC,cd8_t_cell,25778,99593,25.88
sample09477,no,PBMC,monocyte,24603,99593,24.7
sample09477,no,PBMC,nk_cell,12115,99593,12.16
sample09478,no,PBMC,b_cell,16176,96193,16.82
sample09478,no,PBMC,cd4_t_cell,22062,96193,22.94
sample09478,no,PBMC,cd8_t_cell,23618,96193,24.55
sample09478,no,PBMC,monocyte,15229,96193,15.83
sample09478,no,PBMC,nk_cell,19108,96193,19.86
sample09479,no,PBMC,b_cell,9430,91143,10.35
sample09479,no,PBMC,cd4_t_cell,28055,91143,30.78
sample09479,no,PBMC,cd8_t_cell,24926,91143,27.35
sample09479,no,PBMC,monocyte,17228,91143,18.9
sample09479,no,PBMC,nk_cell,11504,91143,12.62
sample09483,no,PBMC,b_cell,11113,98796,11.25
sample09483,no,PBMC,cd4_t_cell,30723,98796,31.1
sample09483,no,PBMC,cd8_t_cell,23676,98796,23.96
sample09483,no,PBMC,monocyte,17836,98796,18.05
sample09483,no,PBMC,nk_cell,15448,98796,15.64
sample09484,no,PBMC,b_cell,11809,104821,11.27
sample09484,no,PBMC,cd4_t_cell,35890,104821,34.24
sample09484,no,PBMC,cd8_t_cell,31690,104821,30.23
sample09484,no,PBMC,monocyte,16281,104821,15.53
sample09484,no,PBMC,nk_cell,9151,104821,8.73
sample09485,no,PBMC,b_cell,6906,89487,7.72
sample09485,no,PBMC,cd4_t_cell,28358,89487,31.69
sample09485,no,PBMC,cd8_t_cell,25586,89487,28.59
sample09485,no,PBMC,monocyte,18742,89487,20.94
sample09485,no,PBMC,nk_cell,9895,89487,11.06
sample09486,yes,PBMC,b_cell,3449,98707,3.49
sample09486,yes,PBMC,cd4_t_cell,28933,98707,29.31
sample09486,yes,PBMC,cd8_t_cell,19210,98707,19.46
sample09486,yes,PBMC,monocyte,29167,98707,29.55
sample09486,yes,PBMC,nk_cell,17948,98707,18.18
sample09487,yes,PBMC,b_cell,7506,111011,6.76
sample09487,yes,PBMC,cd4_t_cell,46772,111011,42.13
sample09487,yes,PBMC,cd8_t_cell,24509,111011,22.08
sample09487,yes,PBMC,monocyte,14905,111011,13.43
sample09487,yes,PBMC,nk_cell,17319,111011,15.6
sample09488,yes,PBMC,b_cell,6970,108066,6.45
sample09488,yes,PBMC,cd4_t_cell,29237,108066,27.05
sample09488,yes,PBMC,cd8_t_cell,29855,108066,27.63
sample09488,yes,PBMC,monocyte,30265,108066,28.01
sample09488,yes,PBMC,nk_cell,11739,108066,10.86
sample09489,yes,PBMC,b_cell,11091,99158,11.19
sample09489,yes,PBMC,cd4_t_cell,33915,99158,34.2
sample09489,yes,PBMC,cd8_t_cell,27100,99158,27.33
sample09489,yes,PBMC,monocyte,16092,99158,16.23
sample09489,yes,PBMC,nk_cell,10960,99158,11.05
sample09490,yes,PBMC,b_cell,3647,98337,3.71
sample09490,yes,PBMC,cd4_t_cell,27411,98337,27.87
sample09490,yes,PBMC,cd8_t_cell,26415,98337,26.86
sample09490,yes,PBMC,monocyte,27312,98337,27.77
sample09490,yes,PBMC,nk_cell,13552,98337,13.78
sample09491,yes,PBMC,b_cell,7675,100726,7.62
sample09491,yes,PBMC,cd4_t_cell,34920,100726,34.67
sample09491,yes,PBMC,cd8_t_cell,25757,100726,25.57
sample09491,yes,PBMC,monocyte,13906,100726,13.81
sample09491,yes,PBMC,nk_cell,18468,100726,18.33
sample09492,no,PBMC,b_cell,8607,95832,8.98
sample09492,no,PBMC,cd4_t_cell,24756,95832,25.83
sample09492,no,PBMC,cd8_t_cell,29491,95832,30.77
sample09492,no,PBMC,monocyte,17457,95832,18.22
sample09492,no,PBMC,nk_cell,15521,95832,16.2
sample09493,no,PBMC,b_cell,7083,92409,7.66
sample09493,no,PBMC,cd4_t_cell,22474,92409,24.32
sample09493,no,PBMC,cd8_t_cell,25716,92409,27.83
sample09493,no,PBMC,monocyte,28242,92409,30.56
sample09493,no,PBMC,nk_cell,8894,92409,9.62
sample09494,no,PBMC,b_cell,10310,99359,10.38
sample09494,no,PBMC,cd4_t_cell,28716,99359,28.9
sample09494,no,PBMC,cd8_t_cell,23639,99359,23.79
sample09494,no,PBMC,monocyte,20048,99359,20.18
sample09494,no,PBMC,nk_cell,16646,99359,16.75
sample09495,yes,PBMC,b_cell,12616,99837,12.64
sample09495,yes,PBMC,cd4_t_cell,23468,99837,23.51
sample09495,yes,PBMC,cd8_t_cell,26070,99837,26.11
sample09495,yes,PBMC,monocyte,15624,99837,15.65
sample09495,yes,PBMC,nk_cell,22059,99837,22.1
sample09496,yes,PBMC,b_cell,10973,104305,10.52
sample09496,yes,PBMC,cd4_t_cell,30835,104305,29.56
sample09496,yes,PBMC,cd8_t_cell,19661,104305,18.85
sample09496,yes,PBMC,monocyte,25252,104305,24.21
sample09496,yes,PBMC,nk_cell,17584,104305,16.86
sample09497,yes,PBMC,b_cell,9406,110268,8.53
sample09497,yes,PBMC,cd4_t_cell,38122,110268,34.57
sample09497,yes,PBMC,cd8_t_cell,27478,110268,24.92
sample09497,yes,PBMC,monocyte,16300,110268,14.78
sample09497,yes,PBMC,nk_cell,18962,110268,17.2
sample09513,yes,PBMC,b_cell,11199,93793,11.94
sample09513,yes,PBMC,cd4_t_cell,21599,93793,23.03
sample09513,yes,PBMC,cd8_t_cell,25661,93793,27.36
sample09513,yes,PBMC,monocyte,16449,93793,17.54
sample09513,yes,PBMC,nk_cell,18885,93793,20.13
sample09514,yes,PBMC,b_cell,11391,95827,11.89
sample09514,yes,PBMC,cd4_t_cell,28109,95827,29.33
sample09514,yes,PBMC,cd8_t_cell,25584,95827,26.7
sample09514,yes,PBMC,monocyte,20149,95827,21.03
sample09514,yes,PBMC,nk_cell,10594,95827,11.06
sample09515,yes,PBMC,b_cell,3785,97005,3.9
sample09515,yes,PBMC,cd4_t_cell,31485,97005,32.46
sample09515,yes,PBMC,cd8_t_cell,28732,97005,29.62
sample09515,yes,PBMC,monocyte,17086,97005,17.61
sample09515,yes,PBMC,nk_cell,15917,97005,16.41
sample09519,yes,PBMC,b_cell,10152,108729,9.34
sample09519,yes,PBMC,cd4_t_cell,28664,108729,26.36
sample09519,yes,PBMC,cd8_t_cell,30967,108729,28.48
sample09519,yes,PBMC,monocyte,24716,108729,22.73
sample09519,yes,PBMC,nk_cell,14230,108729,13.09
sample09520,yes,PBMC,b_cell,6851,107737,6.36
sample09520,yes,PBMC,cd4_t_cell,38560,107737,35.79
sample09520,yes,PBMC,cd8_t_cell,20792,107737,19.3
sample09520,yes,PBMC,monocyte,22826,107737,21.19
sample09520,yes,PBMC,nk_cell,18708,107737,17.36
sample09521,yes,PBMC,b_cell,10859,102947,10.55
sample09521,yes,PBMC,cd4_t_cell,28135,102947,27.33
sample09521,yes,PBMC,cd8_t_cell,27392,102947,26.61
sample09521,yes,PBMC,monocyte,23342,102947,22.67
sample09521,yes,PBMC,nk_cell,13219,102947,12.84
sample09546,yes,PBMC,b_cell,13751,108849,12.63
sample09546,yes,PBMC,cd4_t_cell,32751,108849,30.09
sample09546,yes,PBMC,cd8_t_cell,24963,108849,22.93
sample09546,yes,PBMC,monocyte,19458,108849,17.88
sample09546,yes,PBMC,nk_cell,17926,108849,16.47
sample09547,yes,PBMC,b_cell,7933,101128,7.84
sample09547,yes,PBMC,cd4_t_cell,23934,101128,23.67
sample09547,yes,PBMC,cd8_t_cell,27983,101128,27.67
sample09547,yes,PBMC,monocyte,25769,101128,25.48
sample09547,yes,PBMC,nk_cell,15509,101128,15.34
sample09548,yes,PBMC,b_cell,7064,98015,7.21
sample09548,yes,PBMC,cd4_t_cell,30016,98015,30.62
sample09548,yes,PBMC,cd8_t_cell,23670,98015,24.15
sample09548,yes,PBMC,monocyte,22980,98015,23.45
sample09548,yes,PBMC,nk_cell,14285,98015,14.57
sample09555,no,PBMC,b_cell,13015,101579,12.81
sample09555,no,PBMC,cd4_t_cell,28744,101579,28.3
sample09555,no,PBMC,cd8_t_cell,27408,101579,26.98
sample09555,no,PBMC,monocyte,23281,101579,22.92
sample09555,no,PBMC,nk_cell,9131,101579,8.99
sample09556,no,PBMC,b_cell,13365,90501,14.77
sample09556,no,PBMC,cd4_t_cell,24412,90501,26.97
sample09556,no,PBMC,cd8_t_cell,22438,90501,24.79
sample09556,no,PBMC,monocyte,12399,90501,13.7
sample09556,no,PBMC,nk_cell,17887,90501,19.76
sample09557,no,PBMC,b_cell,9829,97063,10.13
sample09557,no,PBMC,cd4_t_cell,31903,97063,32.87
sample09557,no,PBMC,cd8_t_cell,21938,97063,22.6
sample09557,no,PBMC,monocyte,22359,97063,23.04
sample09557,no,PBMC,nk_cell,11034,97063,11.37
sample09567,no,PBMC,b_cell,6582,108000,6.09
sample09567,no,PBMC,cd4_t_cell,37701,108000,34.91
sample09567,no,PBMC,cd8_t_cell,23008,108000,21.3
sample09567,no,PBMC,monocyte,20009,108000,18.53
sample09567,no,PBMC,nk_cell,20700,108000,19.17
sample09568,no,PBMC,b_cell,10723,105346,10.18
sample09568,no,PBMC,cd4_t_cell,26629,105346,25.28
sample09568,no,PBMC,cd8_t_cell,25800,105346,24.49
sample09568,no,PBMC,monocyte,21434,105346,20.35
sample09568,no,PBMC,nk_cell,20760,105346,19.71
sample09569,no,PBMC,b_cell,8047,90128,8.93
sample09569,no,PBMC,cd4_t_cell,24473,90128,27.15
sample09569,no,PBMC,cd8_t_cell,22543,90128,25.01
sample09569,no,PBMC,monocyte,22702,90128,25.19
sample09569,no,PBMC,nk_cell,12363,90128,13.72
sample09573,yes,PBMC,b_cell,12073,98810,12.22
sample09573,yes,PBMC,cd4_t_cell,29658,98810,30.02
sample09573,yes,PBMC,cd8_t_cell,25615,98810,25.92
sample09573,yes,PBMC,monocyte,13930,98810,14.1
sample09573,yes,PBMC,nk_cell,17534,98810,17.75
sample09574,yes,PBMC,b_cell,12898,105477,12.23
sample09574,yes,PBMC,cd4_t_cell,28490,105477,27.01
sample09574,yes,PBMC,cd8_t_cell,26818,105477,25.43
sample09574,yes,PBMC,monocyte,19192,105477,18.2
sample09574,yes,PBMC,nk_cell,18079,105477,17.14
sample09575,yes,PBMC,b_cell,12720,107198,11.87
sample09575,yes,PBMC,cd4_t_cell,28709,107198,26.78
sample09575,yes,PBMC,cd8_t_cell,29930,107198,27.92
sample09575,yes,PBMC,monocyte,13673,107198,12.75
sample09575,yes,PBMC,nk_cell,22166,107198,20.68
sample09579,yes,PBMC,b_cell,5569,96921,5.75
sample09579,yes,PBMC,cd4_t_cell,28330,96921,29.23
sample09579,yes,PBMC,cd8_t_cell,21626,96921,22.31
sample09579,yes,PBMC,monocyte,21306,96921,21.98
sample09579,yes,PBMC,nk_cell,20090,96921,20.73
sample09580,yes,PBMC,b_cell,14538,106412,13.66
sample09580,yes,PBMC,cd4_t_cell,26828,106412,25.21
sample09580,yes,PBMC,cd8_t_cell,26265,106412,24.68
sample09580,yes,PBMC,monocyte,23063,106412,21.67
sample09580,yes,PBMC,nk_cell,15718,106412,14.77
sample09581,yes,PBMC,b_cell,7308,99145,7.37
sample09581,yes,PBMC,cd4_t_cell,39454,99145,39.79
sample09581,yes,PBMC,cd8_t_cell,23752,99145,23.96
sample09581,yes,PBMC,monocyte,18105,99145,18.26
sample09581,yes,PBMC,nk_cell,10526,99145,10.62
sample09582,yes,PBMC,b_cell,7932,103807,7.64
sample09582,yes,PBMC,cd4_t_cell,27824,103807,26.8
sample09582,yes,PBMC,cd8_t_cell,29150,103807,28.08
sample09582,yes,PBMC,monocyte,19898,103807,19.17
sample09582,yes,PBMC,nk_cell,19003,103807,18.31
sample09583,yes,PBMC,b_cell,13026,101131,12.88
sample09583,yes,PBMC,cd4_t_cell,30790,101131,30.45
sample09583,yes,PBMC,cd8_t_cell,19550,101131,19.33
sample09583,yes,PBMC,monocyte,27746,101131,27.44
sample09583,yes,PBMC,nk_cell,10019,101131,9.91
sample09584,yes,PBMC,b_cell,10228,101480,10.08
sample09584,yes,PBMC,cd4_t_cell,31720,101480,31.26
sample09584,yes,PBMC,cd8_t_cell,24177,101480,23.82
sample09584,yes,PBMC,monocyte,26461,101480,26.08
sample09584,yes,PBMC,nk_cell,8894,101480,8.76
sample09585,no,PBMC,b_cell,10203,101605,10.04
sample09585,no,PBMC,cd4_t_cell,38445,101605,37.84
sample09585,no,PBMC,cd8_t_cell,23815,101605,23.44
sample09585,no,PBMC,monocyte,15011,101605,14.77
sample09585,no,PBMC,nk_cell,14131,101605,13.91
sample09586,no,PBMC,b_cell,14481,104544,13.85
sample09586,no,PBMC,cd4_t_cell,41152,104544,39.36
sample09586,no,PBMC,cd8_t_cell,22609,104544,21.63
sample09586,no,PBMC,monocyte,16906,104544,16.17
sample09586,no,PBMC,nk_cell,9396,104544,8.99
sample09587,no,PBMC,b_cell,12127,100968,12.01
sample09587,no,PBMC,cd4_t_cell,36310,100968,35.96
sample09587,no,PBMC,cd8_t_cell,26999,100968,26.74
sample09587,no,PBMC,monocyte,16679,100968,16.52
sample09587,no,PBMC,nk_cell,8853,100968,8.77
sample09588,no,PBMC,b_cell,12895,94591,13.63
sample09588,no,PBMC,cd4_t_cell,23554,94591,24.9
sample09588,no,PBMC,cd8_t_cell,23541,94591,24.89
sample09588,no,PBMC,monocyte,23384,94591,24.72
sample09588,no,PBMC,nk_cell,11217,94591,11.86
sample09589,no,PBMC,b_cell,4295,91534,4.69
sample09589,no,PBMC,cd4_t_cell,25943,91534,28.34
sample09589,no,PBMC,cd8_t_cell,19521,91534,21.33
sample09589,no,PBMC,monocyte,27173,91534,29.69
sample09589,no,PBMC,nk_cell,14602,91534,15.95
sample09590,no,PBMC,b_cell,11178,98985,11.29
sample09590,no,PBMC,cd4_t_cell,31403,98985,31.73
sample09590,no,PBMC,cd8_t_cell,20128,98985,20.33
sample09590,no,PBMC,monocyte,21108,98985,21.32
sample09590,no,PBMC,nk_cell,15168,98985,15.32
sample09591,yes,PBMC,b_cell,12826,100056,12.82
sample09591,yes,PBMC,cd4_t_cell,26672,100056,26.66
sample09591,yes,PBMC,cd8_t_cell,28117,100056,28.1
sample09591,yes,PBMC,monocyte,20294,100056,20.28
sample09591,yes,PBMC,nk_cell,12147,100056,12.14
sample09592,yes,PBMC,b_cell,14552,105694,13.77
sample09592,yes,PBMC,cd4_t_cell,26165,105694,24.76
sample09592,yes,PBMC,cd8_t_cell,30334,105694,28.7
sample09592,yes,PBMC,monocyte,19908,105694,18.84
sample09592,yes,PBMC,nk_cell,14735,105694,13.94
sample09593,yes,PBMC,b_cell,7549,107572,7.02
sample09593,yes,PBMC,cd4_t_cell,31410,107572,29.2
sample09593,yes,PBMC,cd8_t_cell,19152,107572,17.8
sample09593,yes,PBMC,monocyte,32650,107572,30.35
sample09593,yes,PBMC,nk_cell,16811,107572,15.63
sample09597,yes,PBMC,b_cell,7748,92646,8.36
sample09597,yes,PBMC,cd4_t_cell,20798,92646,22.45
sample09597,yes,PBMC,cd8_t_cell,17565,92646,18.96
sample09597,yes,PBMC,monocyte,25242,92646,27.25
sample09597,yes,PBMC,nk_cell,21293,92646,22.98
sample09598,yes,PBMC,b_cell,12785,110552,11.56
sample09598,yes,PBMC,cd4_t_cell,32751,110552,29.62
sample09598,yes,PBMC,cd8_t_cell,27549,110552,24.92
sample09598,yes,PBMC,monocyte,21903,110552,19.81
sample09598,yes,PBMC,nk_cell,15564,110552,14.08
sample09599,yes,PBMC,b_cell,9963,104265,9.56
sample09599,yes,PBMC,cd4_t_cell,39495,104265,37.88
sample09599,yes,PBMC,cd8_t_cell,23463,104265,22.5
sample09599,yes,PBMC,monocyte,18678,104265,17.91
sample09599,yes,PBMC,nk_cell,12666,104265,12.15
sample09606,yes,PBMC,b_cell,20370,93652,21.75
sample09606,yes,PBMC,cd4_t_cell,23745,93652,25.35
sample09606,yes,PBMC,cd8_t_cell,14808,93652,15.81
sample09606,yes,PBMC,monocyte,16714,93652,17.85
sample09606,yes,PBMC,nk_cell,18015,93652,19.24
sample09607,yes,PBMC,b_cell,6672,96647,6.9
sample09607,yes,PBMC,cd4_t_cell,28683,96647,29.68
sample09607,yes,PBMC,cd8_t_cell,34806,96647,36.01
sample09607,yes,PBMC,monocyte,17707,96647,18.32
sample09607,yes,PBMC,nk_cell,8779,96647,9.08
sample09608,yes,PBMC,b_cell,10804,108213,9.98
sample09608,yes,PBMC,cd4_t_cell,34259,108213,31.66
sample09608,yes,PBMC,cd8_t_cell,32272,108213,29.82
sample09608,yes,PBMC,monocyte,21604,108213,19.96
sample09608,yes,PBMC,nk_cell,9274,108213,8.57
sample09612,yes,PBMC,b_cell,7892,111085,7.1
sample09612,yes,PBMC,cd4_t_cell,42027,111085,37.83
sample09612,yes,PBMC,cd8_t_cell,26285,111085,23.66
sample09612,yes,PBMC,monocyte,19633,111085,17.67
sample09612,yes,PBMC,nk_cell,15248,111085,13.73
sample09613,yes,PBMC,b_cell,8752,103557,8.45
sample09613,yes,PBMC,cd4_t_cell,44085,103557,42.57
sample09613,yes,PBMC,cd8_t_cell,24975,103557,24.12
sample09613,yes,PBMC,monocyte,17287,103557,16.69
sample09613,yes,PBMC,nk_cell,8458,103557,8.17
sample09614,yes,PBMC,b_cell,4922,92323,5.33
sample09614,yes,PBMC,cd4_t_cell,29097,92323,31.52
sample09614,yes,PBMC,cd8_t_cell,20100,92323,21.77
sample09614,yes,PBMC,monocyte,16302,92323,17.66
sample09614,yes,PBMC,nk_cell,21902,92323,23.72
sample09615,yes,PBMC,b_cell,7765,101628,7.64
sample09615,yes,PBMC,cd4_t_cell,27721,101628,27.28
sample09615,yes,PBMC,cd8_t_cell,32342,101628,31.82
sample09615,yes,PBMC,monocyte,17223,101628,16.95
sample09615,yes,PBMC,nk_cell,16577,101628,16.31
sample09616,yes,PBMC,b_cell,10659,99819,10.68
sample09616,yes,PBMC,cd4_t_cell,34945,99819,35.01
sample09616,yes,PBMC,cd8_t_cell,22197,99819,22.24
sample09616,yes,PBMC,monocyte,17960,99819,17.99
sample09616,yes,PBMC,nk_cell,14058,99819,14.08
sample09617,yes,PBMC,b_cell,14206,102767,13.82
sample09617,yes,PBMC,cd4_t_cell,27927,102767,27.18
sample09617,yes,PBMC,cd8_t_cell,28469,102767,27.7
sample09617,yes,PBMC,monocyte,18937,102767,18.43
sample09617,yes,PBMC,nk_cell,13228,102767,12.87
sample09627,no,PBMC,b_cell,6893,87984,7.83
sample09627,no,PBMC,cd4_t_cell,23370,87984,26.56
sample09627,no,PBMC,cd8_t_cell,18606,87984,21.15
sample09627,no,PBMC,monocyte,27781,87984,31.58
sample09627,no,PBMC,nk_cell,11334,87984,12.88
sample09628,no,PBMC,b_cell,11033,97655,11.3
sample09628,no,PBMC,cd4_t_cell,29414,97655,30.12
sample09628,no,PBMC,cd8_t_cell,20640,97655,21.14
sample09628,no,PBMC,monocyte,21931,97655,22.46
sample09628,no,PBMC,nk_cell,14637,97655,14.99
sample09629,no,PBMC,b_cell,10394,90723,11.46
sample09629,no,PBMC,cd4_t_cell,24586,90723,27.1
sample09629,no,PBMC,cd8_t_cell,22521,90723,24.82
sample09629,no,PBMC,monocyte,19712,90723,21.73
sample09629,no,PBMC,nk_cell,13510,90723,14.89
sample09657,no,PBMC,b_cell,8527,98768,8.63
sample09657,no,PBMC,cd4_t_cell,35917,98768,36.37
sample09657,no,PBMC,cd8_t_cell,16525,98768,16.73
sample09657,no,PBMC,monocyte,26497,98768,26.83
sample09657,no,PBMC,nk_cell,11302,98768,11.44
sample09658,no,PBMC,b_cell,7237,105886,6.83
sample09658,no,PBMC,cd4_t_cell,31769,105886,30.0
sample09658,no,PBMC,cd8_t_cell,31469,105886,29.72
sample09658,no,PBMC,monocyte,19714,105886,18.62
sample09658,no,PBMC,nk_cell,15697,105886,14.82
sample09659,no,PBMC,b_cell,10198,104502,9.76
sample09659,no,PBMC,cd4_t_cell,36171,104502,34.61
sample09659,no,PBMC,cd8_t_cell,24132,104502,23.09
sample09659,no,PBMC,monocyte,12278,104502,11.75
sample09659,no,PBMC,nk_cell,21723,104502,20.79
sample09666,yes,PBMC,b_cell,4577,97899,4.68
sample09666,yes,PBMC,cd4_t_cell,32174,97899,32.86
sample09666,yes,PBMC,cd8_t_cell,24288,97899,24.81
sample09666,yes,PBMC,monocyte,22003,97899,22.48
sample09666,yes,PBMC,nk_cell,14857,97899,15.18
sample09667,yes,PBMC,b_cell,6882,93043,7.4
sample09667,yes,PBMC,cd4_t_cell,31803,93043,34.18
sample09667,yes,PBMC,cd8_t_cell,22604,93043,24.29
sample09667,yes,PBMC,monocyte,15928,93043,17.12
sample09667,yes,PBMC,nk_cell,15826,93043,17.01
sample09668,yes,PBMC,b_cell,13952,100620,13.87
sample09668,yes,PBMC,cd4_t_cell,23494,100620,23.35
sample09668,yes,PBMC,cd8_t_cell,22882,100620,22.74
sample09668,yes,PBMC,monocyte,16787,100620,16.68
sample09668,yes,PBMC,nk_cell,23505,100620,23.36
sample09672,no,PBMC,b_cell,7963,92606,8.6
sample09672,no,PBMC,cd4_t_cell,32595,92606,35.2
sample09672,no,PBMC,cd8_t_cell,17036,92606,18.4
sample09672,no,PBMC,monocyte,18043,92606,19.48
sample09672,no,PBMC,nk_cell,16969,92606,18.32
sample09673,no,PBMC,b_cell,12454,104624,11.9
sample09673,no,PBMC,cd4_t_cell,31588,104624,30.19
sample09673,no,PBMC,cd8_t_cell,27492,104624,26.28
sample09673,no,PBMC,monocyte,21808,104624,20.84
sample09673,no,PBMC,nk_cell,11282,104624,10.78
sample09674,no,PBMC,b_cell,8516,102113,8.34
sample09674,no,PBMC,cd4_t_cell,28431,102113,27.84
sample09674,no,PBMC,cd8_t_cell,28193,102113,27.61
sample09674,no,PBMC,monocyte,18284,102113,17.91
sample09674,no,PBMC,nk_cell,18689,102113,18.3
sample09690,yes,PBMC,b_cell,8773,94874,9.25
sample09690,yes,PBMC,cd4_t_cell,28115,94874,29.63
sample09690,yes,PBMC,cd8_t_cell,33000,94874,34.78
sample09690,yes,PBMC,monocyte,13778,94874,14.52
sample09690,yes,PBMC,nk_cell,11208,94874,11.81
sample09691,yes,PBMC,b_cell,8406,99626,8.44
sample09691,yes,PBMC,cd4_t_cell,31569,99626,31.69
sample09691,yes,PBMC,cd8_t_cell,17870,99626,17.94
sample09691,yes,PBMC,monocyte,22061,99626,22.14
sample09691,yes,PBMC,nk_cell,19720,99626,19.79
sample09692,yes,PBMC,b_cell,7728,103828,7.44
sample09692,yes,PBMC,cd4_t_cell,29946,103828,28.84
sample09692,yes,PBMC,cd8_t_cell,26159,103828,25.19
sample09692,yes,PBMC,monocyte,25966,103828,25.01
sample09692,yes,PBMC,nk_cell,14029,103828,13.51
sample09699,yes,PBMC,b_cell,9919,98949,10.02
sample09699,yes,PBMC,cd4_t_cell,21555,98949,21.78
sample09699,yes,PBMC,cd8_t_cell,32082,98949,32.42
sample09699,yes,PBMC,monocyte,17603,98949,17.79
sample09699,yes,PBMC,nk_cell,17790,98949,17.98
sample09700,yes,PBMC,b_cell,12516,99627,12.56
sample09700,yes,PBMC,cd4_t_cell,30441,99627,30.55
sample09700,yes,PBMC,cd8_t_cell,26922,99627,27.02
sample09700,yes,PBMC,monocyte,17315,99627,17.38
sample09700,yes,PBMC,nk_cell,12433,99627,12.48
sample09701,yes,PBMC,b_cell,7009,93749,7.48
sample09701,yes,PBMC,cd4_t_cell,30886,93749,32.95
sample09701,yes,PBMC,cd8_t_cell,28594,93749,30.5
sample09701,yes,PBMC,monocyte,15933,93749,17.0
sample09701,yes,PBMC,nk_cell,11327,93749,12.08
sample09705,yes,PBMC,b_cell,10836,93684,11.57
sample09705,yes,PBMC,cd4_t_cell,29973,93684,31.99
sample09705,yes,PBMC,cd8_t_cell,23361,93684,24.94
sample09705,yes,PBMC,monocyte,13370,93684,14.27
sample09705,yes,PBMC,nk_cell,16144,93684,17.23
sample09706,yes,PBMC,b_cell,6621,99892,6.63
sample09706,yes,PBMC,cd4_t_cell,33988,99892,34.02
sample09706,yes,PBMC,cd8_t_cell,30282,99892,30.31
sample09706,yes,PBMC,monocyte,17582,99892,17.6
sample09706,yes,PBMC,nk_cell,11419,99892,11.43
sample09707,yes,PBMC,b_cell,7036,98782,7.12
sample09707,yes,PBMC,cd4_t_cell,28581,98782,28.93
sample09707,yes,PBMC,cd8_t_cell,24894,98782,25.2
sample09707,yes,PBMC,monocyte,24859,98782,25.17
sample09707,yes,PBMC,nk_cell,13412,98782,13.58
sample09720,yes,PBMC,b_cell,17339,111070,15.61
sample09720,yes,PBMC,cd4_t_cell,28878,111070,26.0
sample09720,yes,PBMC,cd8_t_cell,24725,111070,22.26
sample09720,yes,PBMC,monocyte,33348,111070,30.02
sample09720,yes,PBMC,nk_cell,6780,111070,6.1
sample09721,yes,PBMC,b_cell,8353,109722,7.61
sample09721,yes,PBMC,cd4_t_cell,39441,109722,35.95
sample09721,yes,PBMC,cd8_t_cell,27721,109722,25.26
sample09721,yes,PBMC,monocyte,21021,109722,19.16
sample09721,yes,PBMC,nk_cell,13186,109722,12.02
sample09722,yes,PBMC,b_cell,8812,104846,8.4
sample09722,yes,PBMC,cd4_t_cell,33947,104846,32.38
sample09722,yes,PBMC,cd8_t_cell,26138,104846,24.93
sample09722,yes,PBMC,monocyte,16677,104846,15.91
sample09722,yes,PBMC,nk_cell,19272,104846,18.38
sample09744,no,PBMC,b_cell,9453,93379,10.12
sample09744,no,PBMC,cd4_t_cell,17829,93379,19.09
sample09744,no,PBMC,cd8_t_cell,29073,93379,31.13
sample09744,no,PBMC,monocyte,22592,93379,24.19
sample09744,no,PBMC,nk_cell,14432,93379,15.46
sample09745,no,PBMC,b_cell,7742,91882,8.43
sample09745,no,PBMC,cd4_t_cell,31781,91882,34.59
sample09745,no,PBMC,cd8_t_cell,26062,91882,28.36
sample09745,no,PBMC,monocyte,14385,91882,15.66
sample09745,no,PBMC,nk_cell,11912,91882,12.96
sample09746,no,PBMC,b_cell,11866,91888,12.91
sample09746,no,PBMC,cd4_t_cell,26851,91888,29.22
sample09746,no,PBMC,cd8_t_cell,13634,91888,14.84
sample09746,no,PBMC,monocyte,17590,91888,19.14
sample09746,no,PBMC,nk_cell,21947,91888,23.88
sample09756,no,PBMC,b_cell,9778,89579,10.92
sample09756,no,PBMC,cd4_t_cell,31469,89579,35.13
sample09756,no,PBMC,cd8_t_cell,18526,89579,20.68
sample09756,no,PBMC,monocyte,14994,89579,16.74
sample09756,no,PBMC,nk_cell,14812,89579,16.54
sample09757,no,PBMC,b_cell,9626,93793,10.26
sample09757,no,PBMC,cd4_t_cell,30547,93793,32.57
sample09757,no,PBMC,cd8_t_cell,25200,93793,26.87
sample09757,no,PBMC,monocyte,13309,93793,14.19
sample09757,no,PBMC,nk_cell,15111,93793,16.11
sample09758,no,PBMC,b_cell,10564,93732,11.27
sample09758,no,PBMC,cd4_t_cell,26514,93732,28.29
sample09758,no,PBMC,cd8_t_cell,23458,93732,25.03
sample09758,no,PBMC,monocyte,18142,93732,19.36
sample09758,no,PBMC,nk_cell,15054,93732,16.06
sample09762,no,PBMC,b_cell,8345,107288,7.78
sample09762,no,PBMC,cd4_t_cell,27326,107288,25.47
sample09762,no,PBMC,cd8_t_cell,34306,107288,31.98
sample09762,no,PBMC,monocyte,19490,107288,18.17
sample09762,no,PBMC,nk_cell,17821,107288,16.61
sample09763,no,PBMC,b_cell,10736,110474,9.72
sample09763,no,PBMC,cd4_t_cell,43833,110474,39.68
sample09763,no,PBMC,cd8_t_cell,30766,110474,27.85
sample09763,no,PBMC,monocyte,13572,110474,12.29
sample09763,no,PBMC,nk_cell,11567,110474,10.47
sample09764,no,PBMC,b_cell,8798,104839,8.39
sample09764,no,PBMC,cd4_t_cell,32026,104839,30.55
sample09764,no,PBMC,cd8_t_cell,21433,104839,20.44
sample09764,no,PBMC,monocyte,23922,104839,22.82
sample09764,no,PBMC,nk_cell,18660,104839,17.8
sample09783,yes,PBMC,b_cell,10194,98229,10.38
sample09783,yes,PBMC,cd4_t_cell,26847,98229,27.33
sample09783,yes,PBMC,cd8_t_cell,20951,98229,21.33
sample09783,yes,PBMC,monocyte,25465,98229,25.92
sample09783,yes,PBMC,nk_cell,14772,98229,15.04
sample09784,yes,PBMC,b_cell,9012,102119,8.82
sample09784,yes,PBMC,cd4_t_cell,32397,102119,31.72
sample09784,yes,PBMC,cd8_t_cell,23399,102119,22.91
sample09784,yes,PBMC,monocyte,19831,102119,19.42
sample09784,yes,PBMC,nk_cell,17480,102119,17.12
sample09785,yes,PBMC,b_cell,9928,95332,10.41
sample09785,yes,PBMC,cd4_t_cell,29607,95332,31.06
sample09785,yes,PBMC,cd8_t_cell,20508,95332,21.51
sample09785,yes,PBMC,monocyte,18240,95332,19.13
sample09785,yes,PBMC,nk_cell,17049,95332,17.88
sample09798,yes,PBMC,b_cell,10587,98599,10.74
sample09798,yes,PBMC,cd4_t_cell,24334,98599,24.68
sample09798,yes,PBMC,cd8_t_cell,31452,98599,31.9
sample09798,yes,PBMC,monocyte,21667,98599,21.97
sample09798,yes,PBMC,nk_cell,10559,98599,10.71
sample09799,yes,PBMC,b_cell,6724,109966,6.11
sample09799,yes,PBMC,cd4_t_cell,41376,109966,37.63
sample09799,yes,PBMC,cd8_t_cell,25181,109966,22.9
sample09799,yes,PBMC,monocyte,21564,109966,19.61
sample09799,yes,PBMC,nk_cell,15121,109966,13.75
sample09800,yes,PBMC,b_cell,7020,92693,7.57
sample09800,yes,PBMC,cd4_t_cell,26546,92693,28.64
sample09800,yes,PBMC,cd8_t_cell,24234,92693,26.14
sample09800,yes,PBMC,monocyte,24434,92693,26.36
sample09800,yes,PBMC,nk_cell,10459,92693,11.28
sample09813,no,PBMC,b_cell,10118,101625,9.96
sample09813,no,PBMC,cd4_t_cell,20604,101625,20.27
sample09813,no,PBMC,cd8_t_cell,32318,101625,31.8
sample09813,no,PBMC,monocyte,17839,101625,17.55
sample09813,no,PBMC,nk_cell,20746,101625,20.41
sample09814,no,PBMC,b_cell,7701,90458,8.51
sample09814,no,PBMC,cd4_t_cell,29465,90458,32.57
sample09814,no,PBMC,cd8_t_cell,18640,90458,20.61
sample09814,no,PBMC,monocyte,21841,90458,24.14
sample09814,no,PBMC,nk_cell,12811,90458,14.16
sample09815,no,PBMC,b_cell,10432,97468,10.7
sample09815,no,PBMC,cd4_t_cell,33795,97468,34.67
sample09815,no,PBMC,cd8_t_cell,25063,97468,25.71
sample09815,no,PBMC,monocyte,16941,97468,17.38
sample09815,no,PBMC,nk_cell,11237,97468,11.53
sample09816,no,PBMC,b_cell,11474,101829,11.27
sample09816,no,PBMC,cd4_t_cell,28157,101829,27.65
sample09816,no,PBMC,cd8_t_cell,25865,101829,25.4
sample09816,no,PBMC,monocyte,20314,101829,19.95
sample09816,no,PBMC,nk_cell,16019,101829,15.73
sample09817,no,PBMC,b_cell,5018,102117,4.91
sample09817,no,PBMC,cd4_t_cell,35691,102117,34.95
sample09817,no,PBMC,cd8_t_cell,32117,102117,31.45
sample09817,no,PBMC,monocyte,16182,102117,15.85
sample09817,no,PBMC,nk_cell,13109,102117,12.84
sample09818,no,PBMC,b_cell,9235,98119,9.41
sample09818,no,PBMC,cd4_t_cell,34293,98119,34.95
sample09818,no,PBMC,cd8_t_cell,20185,98119,20.57
sample09818,no,PBMC,monocyte,14161,98119,14.43
sample09818,no,PBMC,nk_cell,20245,98119,20.63
sample09870,no,PBMC,b_cell,10752,103387,10.4
sample09870,no,PBMC,cd4_t_cell,35763,103387,34.59
sample09870,no,PBMC,cd8_t_cell,23892,103387,23.11
sample09870,no,PBMC,monocyte,17167,103387,16.6
sample09870,no,PBMC,nk_cell,15813,103387,15.29
sample09871,no,PBMC,b_cell,13258,92318,14.36
sample09871,no,PBMC,cd4_t_cell,34080,92318,36.92
sample09871,no,PBMC,cd8_t_cell,20225,92318,21.91
sample09871,no,PBMC,monocyte,14800,92318,16.03
sample09871,no,PBMC,nk_cell,9955,92318,10.78
sample09872,no,PBMC,b_cell,9475,109000,8.69
sample09872,no,PBMC,cd4_t_cell,38607,109000,35.42
sample09872,no,PBMC,cd8_t_cell,30980,109000,28.42
sample09872,no,PBMC,monocyte,14184,109000,13.01
sample09872,no,PBMC,nk_cell,15754,109000,14.45
sample09873,no,PBMC,b_cell,15375,104601,14.7
sample09873,no,PBMC,cd4_t_cell,32207,104601,30.79
sample09873,no,PBMC,cd8_t_cell,25120,104601,24.02
sample09873,no,PBMC,monocyte,14475,104601,13.84
sample09873,no,PBMC,nk_cell,17424,104601,16.66
sample09874,no,PBMC,b_cell,8838,99611,8.87
sample09874,no,PBMC,cd4_t_cell,26472,99611,26.58
sample09874,no,PBMC,cd8_t_cell,21629,99611,21.71
sample09874,no,PBMC,monocyte,18622,99611,18.69
sample09874,no,PBMC,nk_cell,24050,99611,24.14
sample09875,no,PBMC,b_cell,12439,102969,12.08
sample09875,no,PBMC,cd4_t_cell,32183,102969,31.26
sample09875,no,PBMC,cd8_t_cell,26571,102969,25.8
sample09875,no,PBMC,monocyte,16799,102969,16.31
sample09875,no,PBMC,nk_cell,14977,102969,14.55
sample09894,no,PBMC,b_cell,2877,101737,2.83
sample09894,no,PBMC,cd4_t_cell,33094,101737,32.53
sample09894,no,PBMC,cd8_t_cell,24222,101737,23.81
sample09894,no,PBMC,monocyte,24714,101737,24.29
sample09894,no,PBMC,nk_cell,16830,101737,16.54
sample09895,no,PBMC,b_cell,11676,93620,12.47
sample09895,no,PBMC,cd4_t_cell,30405,93620,32.48
sample09895,no,PBMC,cd8_t_cell,22434,93620,23.96
sample09895,no,PBMC,monocyte,21397,93620,22.86
sample09895,no,PBMC,nk_cell,7708,93620,8.23
sample09896,no,PBMC,b_cell,13079,91620,14.28
sample09896,no,PBMC,cd4_t_cell,21582,91620,23.56
sample09896,no,PBMC,cd8_t_cell,30906,91620,33.73
sample09896,no,PBMC,monocyte,16109,91620,17.58
sample09896,no,PBMC,nk_cell,9944,91620,10.85
sample09900,no,PBMC,b_cell,14055,102602,13.7
sample09900,no,PBMC,cd4_t_cell,24902,102602,24.27
sample09900,no,PBMC,cd8_t_cell,30304,102602,29.54
sample09900,no,PBMC,monocyte,18946,102602,18.47
sample09900,no,PBMC,nk_cell,14395,102602,14.03
sample09901,no,PBMC,b_cell,6390,103439,6.18
sample09901,no,PBMC,cd4_t_cell,30415,103439,29.4
sample09901,no,PBMC,cd8_t_cell,31626,103439,30.57
sample09901,no,PBMC,monocyte,19455,103439,18.81
sample09901,no,PBMC,nk_cell,15553,103439,15.04
sample09902,no,PBMC,b_cell,8082,94318,8.57
sample09902,no,PBMC,cd4_t_cell,28300,94318,30.0
sample09902,no,PBMC,cd8_t_cell,24300,94318,25.76
sample09902,no,PBMC,monocyte,23058,94318,24.45
sample09902,no,PBMC,nk_cell,10578,94318,11.22
sample09903,no,PBMC,b_cell,13790,97759,14.11
sample09903,no,PBMC,cd4_t_cell,28722,97759,29.38
sample09903,no,PBMC,cd8_t_cell,24441,97759,25.0
sample09903,no,PBMC,monocyte,17908,97759,18.32
sample09903,no,PBMC,nk_cell,12898,97759,13.19
sample09904,no,PBMC,b_cell,5339,99947,5.34
sample09904,no,PBMC,cd4_t_cell,31707,99947,31.72
sample09904,no,PBMC,cd8_t_cell,26650,99947,26.66
sample09904,no,PBMC,monocyte,18731,99947,18.74
sample09904,no,PBMC,nk_cell,17520,99947,17.53
sample09905,no,PBMC,b_cell,9752,94844,10.28
sample09905,no,PBMC,cd4_t_cell,24367,94844,25.69
sample09905,no,PBMC,cd8_t_cell,22628,94844,23.86
sample09905,no,PBMC,monocyte,20047,94844,21.14
sample09905,no,PBMC,nk_cell,18050,94844,19.03
sample09909,yes,PBMC,b_cell,17669,91730,19.26
sample09909,yes,PBMC,cd4_t_cell,29430,91730,32.08
sample09909,yes,PBMC,cd8_t_cell,14485,91730,15.79
sample09909,yes,PBMC,monocyte,20377,91730,22.21
sample09909,yes,PBMC,nk_cell,9769,91730,10.65
sample09910,yes,PBMC,b_cell,9416,99140,9.5
sample09910,yes,PBMC,cd4_t_cell,42845,99140,43.22
sample09910,yes,PBMC,cd8_t_cell,20442,99140,20.62
sample09910,yes,PBMC,monocyte,15641,99140,15.78
sample09910,yes,PBMC,nk_cell,10796,99140,10.89
sample09911,yes,PBMC,b_cell,19313,107537,17.96
sample09911,yes,PBMC,cd4_t_cell,28448,107537,26.45
sample09911,yes,PBMC,cd8_t_cell,24549,107537,22.83
sample09911,yes,PBMC,monocyte,24638,107537,22.91
sample09911,yes,PBMC,nk_cell,10589,107537,9.85
sample09912,no,PBMC,b_cell,12318,94706,13.01
sample09912,no,PBMC,cd4_t_cell,20121,94706,21.25
sample09912,no,PBMC,cd8_t_cell,29207,94706,30.84
sample09912,no,PBMC,monocyte,13859,94706,14.63
sample09912,no,PBMC,nk_cell,19201,94706,20.27
sample09913,no,PBMC,b_cell,9322,107765,8.65
sample09913,no,PBMC,cd4_t_cell,34637,107765,32.14
sample09913,no,PBMC,cd8_t_cell,26012,107765,24.14
sample09913,no,PBMC,monocyte,16185,107765,15.02
sample09913,no,PBMC,nk_cell,21609,107765,20.05
sample09914,no,PBMC,b_cell,8133,97204,8.37
sample09914,no,PBMC,cd4_t_cell,29181,97204,30.02
sample09914,no,PBMC,cd8_t_cell,15249,97204,15.69
sample09914,no,PBMC,monocyte,26696,97204,27.46
sample09914,no,PBMC,nk_cell,17945,97204,18.46
sample09918,no,PBMC,b_cell,9069,92400,9.81
sample09918,no,PBMC,cd4_t_cell,35764,92400,38.71
sample09918,no,PBMC,cd8_t_cell,18943,92400,20.5
sample09918,no,PBMC,monocyte,17232,92400,18.65
sample09918,no,PBMC,nk_cell,11392,92400,12.33
sample09919,no,PBMC,b_cell,10382,103980,9.98
sample09919,no,PBMC,cd4_t_cell,25279,103980,24.31
sample09919,no,PBMC,cd8_t_cell,25537,103980,24.56
sample09919,no,PBMC,monocyte,28899,103980,27.79
sample09919,no,PBMC,nk_cell,13883,103980,13.35
sample09920,no,PBMC,b_cell,7630,99134,7.7
sample09920,no,PBMC,cd4_t_cell,27264,99134,27.5
sample09920,no,PBMC,cd8_t_cell,25739,99134,25.96
sample09920,no,PBMC,monocyte,27083,99134,27.32
sample09920,no,PBMC,nk_cell,11418,99134,11.52
sample09924,yes,PBMC,b_cell,13978,100470,13.91
sample09924,yes,PBMC,cd4_t_cell,34122,100470,33.96
sample09924,yes,PBMC,cd8_t_cell,21540,100470,21.44
sample09924,yes,PBMC,monocyte,20592,100470,20.5
sample09924,yes,PBMC,nk_cell,10238,100470,10.19
sample09925,yes,PBMC,b_cell,6953,106395,6.54
sample09925,yes,PBMC,cd4_t_cell,35959,106395,33.8
sample09925,yes,PBMC,cd8_t_cell,31565,106395,29.67
sample09925,yes,PBMC,monocyte,19311,106395,18.15
sample09925,yes,PBMC,nk_cell,12607,106395,11.85
sample09926,yes,PBMC,b_cell,14111,108489,13.01
sample09926,yes,PBMC,cd4_t_cell,31619,108489,29.14
sample09926,yes,PBMC,cd8_t_cell,21184,108489,19.53
sample09926,yes,PBMC,monocyte,27214,108489,25.08
sample09926,yes,PBMC,nk_cell,14361,108489,13.24
sample09963,yes,PBMC,b_cell,11820,106462,11.1
sample09963,yes,PBMC,cd4_t_cell,28091,106462,26.39
sample09963,yes,PBMC,cd8_t_cell,23535,106462,22.11
sample09963,yes,PBMC,monocyte,18081,106462,16.98
sample09963,yes,PBMC,nk_cell,24935,106462,23.42
sample09964,yes,PBMC,b_cell,14732,92128,15.99
sample09964,yes,PBMC,cd4_t_cell,27275,92128,29.61
sample09964,yes,PBMC,cd8_t_cell,27620,92128,29.98
sample09964,yes,PBMC,monocyte,13851,92128,15.03
sample09964,yes,PBMC,nk_cell,8650,92128,9.39
sample09965,yes,PBMC,b_cell,9071,103409,8.77
sample09965,yes,PBMC,cd4_t_cell,30147,103409,29.15
sample09965,yes,PBMC,cd8_t_cell,25607,103409,24.76
sample09965,yes,PBMC,monocyte,18639,103409,18.02
sample09965,yes,PBMC,nk_cell,19945,103409,19.29
sample09978,yes,PBMC,b_cell,17879,112015,15.96
sample09978,yes,PBMC,cd4_t_cell,24978,112015,22.3
sample09978,yes,PBMC,cd8_t_cell,30957,112015,27.64
sample09978,yes,PBMC,monocyte,20718,112015,18.5
sample09978,yes,PBMC,nk_cell,17483,112015,15.61
sample09979,yes,PBMC,b_cell,5565,106823,5.21
sample09979,yes,PBMC,cd4_t_cell,36633,106823,34.29
sample09979,yes,PBMC,cd8_t_cell,25918,106823,24.26
sample09979,yes,PBMC,monocyte,14212,106823,13.3
sample09979,yes,PBMC,nk_cell,24495,106823,22.93
sample09980,yes,PBMC,b_cell,10814,99241,10.9
sample09980,yes,PBMC,cd4_t_cell,27259,99241,27.47
sample09980,yes,PBMC,cd8_t_cell,24043,99241,24.23
sample09980,yes,PBMC,monocyte,22446,99241,22.62
sample09980,yes,PBMC,nk_cell,14679,99241,14.79
sample09987,no,PBMC,b_cell,9136,94260,9.69
sample09987,no,PBMC,cd4_t_cell,26732,94260,28.36
sample09987,no,PBMC,cd8_t_cell,33301,94260,35.33
sample09987,no,PBMC,monocyte,10913,94260,11.58
sample09987,no,PBMC,nk_cell,14178,94260,15.04
sample09988,no,PBMC,b_cell,7562,95097,7.95
sample09988,no,PBMC,cd4_t_cell,30061,95097,31.61
sample09988,no,PBMC,cd8_t_cell,24404,95097,25.66
sample09988,no,PBMC,monocyte,25854,95097,27.19
sample09988,no,PBMC,nk_cell,7216,95097,7.59
sample09989,no,PBMC,b_cell,9507,100426,9.47
sample09989,no,PBMC,cd4_t_cell,25683,100426,25.57
sample09989,no,PBMC,cd8_t_cell,30186,100426,30.06
sample09989,no,PBMC,monocyte,24894,100426,24.79
sample09989,no,PBMC,nk_cell,10156,100426,10.11
sample09990,yes,PBMC,b_cell,12556,108247,11.6
sample09990,yes,PBMC,cd4_t_cell,36756,108247,33.96
sample09990,yes,PBMC,cd8_t_cell,18433,108247,17.03
sample09990,yes,PBMC,monocyte,23632,108247,21.83
sample09990,yes,PBMC,nk_cell,16870,108247,15.58
sample09991,yes,PBMC,b_cell,5339,102387,5.21
sample09991,yes,PBMC,cd4_t_cell,47721,102387,46.61
sample09991,yes,PBMC,cd8_t_cell,18541,102387,18.11
sample09991,yes,PBMC,monocyte,16022,102387,15.65
sample09991,yes,PBMC,nk_cell,14764,102387,14.42
sample09992,yes,PBMC,b_cell,11047,105603,10.46
sample09992,yes,PBMC,cd4_t_cell,28840,105603,27.31
sample09992,yes,PBMC,cd8_t_cell,30231,105603,28.63
sample09992,yes,PBMC,monocyte,20029,105603,18.97
sample09992,yes,PBMC,nk_cell,15456,105603,14.64
sample09996,yes,PBMC,b_cell,11762,104950,11.21
sample09996,yes,PBMC,cd4_t_cell,31808,104950,30.31
sample09996,yes,PBMC,cd8_t_cell,27102,104950,25.82
sample09996,yes,PBMC,monocyte,17885,104950,17.04
sample09996,yes,PBMC,nk_cell,16393,104950,15.62
sample09997,yes,PBMC,b_cell,7867,101919,7.72
sample09997,yes,PBMC,cd4_t_cell,41582,101919,40.8
sample09997,yes,PBMC,cd8_t_cell,27361,101919,26.85
sample09997,yes,PBMC,monocyte,14082,101919,13.82
sample09997,yes,PBMC,nk_cell,11027,101919,10.82
sample09998,yes,PBMC,b_cell,16477,108863,15.14
sample09998,yes,PBMC,cd4_t_cell,38985,108863,35.81
sample09998,yes,PBMC,cd8_t_cell,23285,108863,21.39
sample09998,yes,PBMC,monocyte,21580,108863,19.82
sample09998,yes,PBMC,nk_cell,8536,108863,7.84
sample09999,no,PBMC,b_cell,5986,95291,6.28
sample09999,no,PBMC,cd4_t_cell,26510,95291,27.82
sample09999,no,PBMC,cd8_t_cell,22437,95291,23.55
sample09999,no,PBMC,monocyte,22823,95291,23.95
sample09999,no,PBMC,nk_cell,17535,95291,18.4
sample10000,no,PBMC,b_cell,14714,90086,16.33
sample10000,no,PBMC,cd4_t_cell,25343,90086,28.13
sample10000,no,PBMC,cd8_t_cell,22455,90086,24.93
sample10000,no,PBMC,monocyte,15937,90086,17.69
sample10000,no,PBMC,nk_cell,11637,90086,12.92
sample10001,no,PBMC,b_cell,6881,89337,7.7
sample10001,no,PBMC,cd4_t_cell,23288,89337,26.07
sample10001,no,PBMC,cd8_t_cell,24829,89337,27.79
sample10001,no,PBMC,monocyte,18171,89337,20.34
sample10001,no,PBMC,nk_cell,16168,89337,18.1
sample10038,yes,PBMC,b_cell,5178,110897,4.67
sample10038,yes,PBMC,cd4_t_cell,36577,110897,32.98
sample10038,yes,PBMC,cd8_t_cell,23542,110897,21.23
sample10038,yes,PBMC,monocyte,40535,110897,36.55
sample10038,yes,PBMC,nk_cell,5065,110897,4.57
sample10039,yes,PBMC,b_cell,12847,111785,11.49
sample10039,yes,PBMC,cd4_t_cell,33775,111785,30.21
sample10039,yes,PBMC,cd8_t_cell,27534,111785,24.63
sample10039,yes,PBMC,monocyte,20008,111785,17.9
sample10039,yes,PBMC,nk_cell,17621,111785,15.76
sample10040,yes,PBMC,b_cell,6777,91522,7.4
sample10040,yes,PBMC,cd4_t_cell,24404,91522,26.66
sample10040,yes,PBMC,cd8_t_cell,31134,91522,34.02
sample10040,yes,PBMC,monocyte,19302,91522,21.09
sample10040,yes,PBMC,nk_cell,9905,91522,10.82
sample10041,yes,PBMC,b_cell,7620,100869,7.55
sample10041,yes,PBMC,cd4_t_cell,27645,100869,27.41
sample10041,yes,PBMC,cd8_t_cell,24624,100869,24.41
sample10041,yes,PBMC,monocyte,18963,100869,18.8
sample10041,yes,PBMC,nk_cell,22017,100869,21.83
sample10042,yes,PBMC,b_cell,13581,110154,12.33
sample10042,yes,PBMC,cd4_t_cell,36981,110154,33.57
sample10042,yes,PBMC,cd8_t_cell,17848,110154,16.2
sample10042,yes,PBMC,monocyte,27230,110154,24.72
sample10042,yes,PBMC,nk_cell,14514,110154,13.18
sample10043,yes,PBMC,b_cell,11509,110107,10.45
sample10043,yes,PBMC,cd4_t_cell,28825,110107,26.18
sample10043,yes,PBMC,cd8_t_cell,21372,110107,19.41
sample10043,yes,PBMC,monocyte,21724,110107,19.73
sample10043,yes,PBMC,nk_cell,26677,110107,24.23
sample10068,no,PBMC,b_cell,11088,92390,12.0
sample10068,no,PBMC,cd4_t_cell,24795,92390,26.84
sample10068,no,PBMC,cd8_t_cell,27590,92390,29.86
sample10068,no,PBMC,monocyte,17006,92390,18.41
sample10068,no,PBMC,nk_cell,11911,92390,12.89
sample10069,no,PBMC,b_cell,9296,105011,8.85
sample10069,no,PBMC,cd4_t_cell,36834,105011,35.08
sample10069,no,PBMC,cd8_t_cell,26487,105011,25.22
sample10069,no,PBMC,monocyte,18403,105011,17.52
sample10069,no,PBMC,nk_cell,13991,105011,13.32
sample10070,no,PBMC,b_cell,4380,93243,4.7
sample10070,no,PBMC,cd4_t_cell,33840,93243,36.29
sample10070,no,PBMC,cd8_t_cell,22332,93243,23.95
sample10070,no,PBMC,monocyte,22252,93243,23.86
sample10070,no,PBMC,nk_cell,10439,93243,11.2
sample10089,no,PBMC,b_cell,10677,90081,11.85
sample10089,no,PBMC,cd4_t_cell,26054,90081,28.92
sample10089,no,PBMC,cd8_t_cell,25237,90081,28.02
sample10089,no,PBMC,monocyte,13090,90081,14.53
sample10089,no,PBMC,nk_cell,15023,90081,16.68
sample10090,no,PBMC,b_cell,8106,102953,7.87
sample10090,no,PBMC,cd4_t_cell,31935,102953,31.02
sample10090,no,PBMC,cd8_t_cell,28832,102953,28.01
sample10090,no,PBMC,monocyte,23401,102953,22.73
sample10090,no,PBMC,nk_cell,10679,102953,10.37
sample10091,no,PBMC,b_cell,9649,109783,8.79
sample10091,no,PBMC,cd4_t_cell,19214,109783,17.5
sample10091,no,PBMC,cd8_t_cell,26576,109783,24.21
sample10091,no,PBMC,monocyte,37491,109783,34.15
sample10091,no,PBMC,nk_cell,16853,109783,15.35
sample10095,yes,PBMC,b_cell,8128,96512,8.42
sample10095,yes,PBMC,cd4_t_cell,34706,96512,35.96
sample10095,yes,PBMC,cd8_t_cell,18383,96512,19.05
sample10095,yes,PBMC,monocyte,22586,96512,23.4
sample10095,yes,PBMC,nk_cell,12709,96512,13.17
sample10096,yes,PBMC,b_cell,9799,97594,10.04
sample10096,yes,PBMC,cd4_t_cell,22211,97594,22.76
sample10096,yes,PBMC,cd8_t_cell,27175,97594,27.84
sample10096,yes,PBMC,monocyte,21527,97594,22.06
sample10096,yes,PBMC,nk_cell,16882,97594,17.3
sample10097,yes,PBMC,b_cell,9494,105465,9.0
sample10097,yes,PBMC,cd4_t_cell,23489,105465,22.27
sample10097,yes,PBMC,cd8_t_cell,31975,105465,30.32
sample10097,yes,PBMC,monocyte,26620,105465,25.24
sample10097,yes,PBMC,nk_cell,13887,105465,13.17
sample10116,yes,PBMC,b_cell,10448,110235,9.48
sample10116,yes,PBMC,cd4_t_cell,38894,110235,35.28
sample10116,yes,PBMC,cd8_t_cell,28698,110235,26.03
sample10116,yes,PBMC,monocyte,19738,110235,17.91
sample10116,yes,PBMC,nk_cell,12457,110235,11.3
sample10117,yes,PBMC,b_cell,13274,106328,12.48
sample10117,yes,PBMC,cd4_t_cell,41228,106328,38.77
sample10117,yes,PBMC,cd8_t_cell,18207,106328,17.12
sample10117,yes,PBMC,monocyte,21610,106328,20.32
sample10117,yes,PBMC,nk_cell,12009,106328,11.29
sample10118,yes,PBMC,b_cell,6877,103612,6.64
sample10118,yes,PBMC,cd4_t_cell,32534,103612,31.4
sample10118,yes,PBMC,cd8_t_cell,41617,103612,40.17
sample10118,yes,PBMC,monocyte,11362,103612,10.97
sample10118,yes,PBMC,nk_cell,11222,103612,10.83
sample10125,yes,PBMC,b_cell,13310,106638,12.48
sample10125,yes,PBMC,cd4_t_cell,29691,106638,27.84
sample10125,yes,PBMC,cd8_t_cell,18778,106638,17.61
sample10125,yes,PBMC,monocyte,24519,106638,22.99
sample10125,yes,PBMC,nk_cell,20340,106638,19.07
sample10126,yes,PBMC,b_cell,13730,94075,14.59
sample10126,yes,PBMC,cd4_t_cell,27118,94075,28.83
sample10126,yes,PBMC,cd8_t_cell,21382,94075,22.73
sample10126,yes,PBMC,monocyte,19195,94075,20.4
sample10126,yes,PBMC,nk_cell,12650,94075,13.45
sample10127,yes,PBMC,b_cell,7563,95263,7.94
sample10127,yes,PBMC,cd4_t_cell,32352,95263,33.96
sample10127,yes,PBMC,cd8_t_cell,18586,95263,19.51
sample10127,yes,PBMC,monocyte,22055,95263,23.15
sample10127,yes,PBMC,nk_cell,14707,95263,15.44
sample10128,yes,PBMC,b_cell,7272,98648,7.37
sample10128,yes,PBMC,cd4_t_cell,30613,98648,31.03
sample10128,yes,PBMC,cd8_t_cell,30471,98648,30.89
sample10128,yes,PBMC,monocyte,16396,98648,16.62
sample10128,yes,PBMC,nk_cell,13896,98648,14.09
sample10129,yes,PBMC,b_cell,8719,92853,9.39
sample10129,yes,PBMC,cd4_t_cell,27020,92853,29.1
sample10129,yes,PBMC,cd8_t_cell,26704,92853,28.76
sample10129,yes,PBMC,monocyte,17708,92853,19.07
sample10129,yes,PBMC,nk_cell,12702,92853,13.68
sample10130,yes,PBMC,b_cell,14412,104918,13.74
sample10130,yes,PBMC,cd4_t_cell,32425,104918,30.91
sample10130,yes,PBMC,cd8_t_cell,24077,104918,22.95
sample10130,yes,PBMC,monocyte,27685,104918,26.39
sample10130,yes,PBMC,nk_cell,6319,104918,6.02
sample10131,yes,PBMC,b_cell,11538,98762,11.68
sample10131,yes,PBMC,cd4_t_cell,31704,98762,32.1
sample10131,yes,PBMC,cd8_t_cell,23626,98762,23.92
sample10131,yes,PBMC,monocyte,20188,98762,20.44
sample10131,yes,PBMC,nk_cell,11706,98762,11.85
sample10132,yes,PBMC,b_cell,8956,91988,9.74
sample10132,yes,PBMC,cd4_t_cell,28726,91988,31.23
sample10132,yes,PBMC,cd8_t_cell,17066,91988,18.55
sample10132,yes,PBMC,monocyte,18446,91988,20.05
sample10132,yes,PBMC,nk_cell,18794,91988,20.43
sample10133,yes,PBMC,b_cell,12146,104724,11.6
sample10133,yes,PBMC,cd4_t_cell,31679,104724,30.25
sample10133,yes,PBMC,cd8_t_cell,28396,104724,27.12
sample10133,yes,PBMC,monocyte,19852,104724,18.96
sample10133,yes,PBMC,nk_cell,12651,104724,12.08
sample10140,yes,PBMC,b_cell,9788,96863,10.1
sample10140,yes,PBMC,cd4_t_cell,28247,96863,29.16
sample10140,yes,PBMC,cd8_t_cell,19006,96863,19.62
sample10140,yes,PBMC,monocyte,23647,96863,24.41
sample10140,yes,PBMC,nk_cell,16175,96863,16.7
sample10141,yes,PBMC,b_cell,11268,97447,11.56
sample10141,yes,PBMC,cd4_t_cell,22377,97447,22.96
sample10141,yes,PBMC,cd8_t_cell,23064,97447,23.67
sample10141,yes,PBMC,monocyte,23723,97447,24.34
sample10141,yes,PBMC,nk_cell,17015,97447,17.46
sample10142,yes,PBMC,b_cell,9638,105826,9.11
sample10142,yes,PBMC,cd4_t_cell,34566,105826,32.66
sample10142,yes,PBMC,cd8_t_cell,20460,105826,19.33
sample10142,yes,PBMC,monocyte,24000,105826,22.68
sample10142,yes,PBMC,nk_cell,17162,105826,16.22
sample10179,yes,PBMC,b_cell,12951,111530,11.61
sample10179,yes,PBMC,cd4_t_cell,39884,111530,35.76
sample10179,yes,PBMC,cd8_t_cell,24049,111530,21.56
sample10179,yes,PBMC,monocyte,20004,111530,17.94
sample10179,yes,PBMC,nk_cell,14642,111530,13.13
sample10180,yes,PBMC,b_cell,10982,99472,11.04
sample10180,yes,PBMC,cd4_t_cell,33896,99472,34.08
sample10180,yes,PBMC,cd8_t_cell,25385,99472,25.52
sample10180,yes,PBMC,monocyte,15229,99472,15.31
sample10180,yes,PBMC,nk_cell,13980,99472,14.05
sample10181,yes,PBMC,b_cell,13008,106200,12.25
sample10181,yes,PBMC,cd4_t_cell,34933,106200,32.89
sample10181,yes,PBMC,cd8_t_cell,30676,106200,28.89
sample10181,yes,PBMC,monocyte,17730,106200,16.69
sample10181,yes,PBMC,nk_cell,9853,106200,9.28
sample10191,no,PBMC,b_cell,10647,88718,12.0
sample10191,no,PBMC,cd4_t_cell,27601,88718,31.11
sample10191,no,PBMC,cd8_t_cell,23585,88718,26.58
sample10191,no,PBMC,monocyte,13532,88718,15.25
sample10191,no,PBMC,nk_cell,13353,88718,15.05
sample10192,no,PBMC,b_cell,9812,92809,10.57
sample10192,no,PBMC,cd4_t_cell,31792,92809,34.26
sample10192,no,PBMC,cd8_t_cell,16505,92809,17.78
sample10192,no,PBMC,monocyte,22180,92809,23.9
sample10192,no,PBMC,nk_cell,12520,92809,13.49
sample10193,no,PBMC,b_cell,7453,89936,8.29
sample10193,no,PBMC,cd4_t_cell,25410,89936,28.25
sample10193,no,PBMC,cd8_t_cell,19296,89936,21.46
sample10193,no,PBMC,monocyte,22284,89936,24.78
sample10193,no,PBMC,nk_cell,15493,89936,17.23
sample10197,yes,PBMC,b_cell,6793,102560,6.62
sample10197,yes,PBMC,cd4_t_cell,22880,102560,22.31
sample10197,yes,PBMC,cd8_t_cell,40833,102560,39.81
sample10197,yes,PBMC,monocyte,18267,102560,17.81
sample10197,yes,PBMC,nk_cell,13787,102560,13.44
sample10198,yes,PBMC,b_cell,12206,94381,12.93
sample10198,yes,PBMC,cd4_t_cell,32674,94381,34.62
sample10198,yes,PBMC,cd8_t_cell,21555,94381,22.84
sample10198,yes,PBMC,monocyte,14818,94381,15.7
sample10198,yes,PBMC,nk_cell,13128,94381,13.91
sample10199,yes,PBMC,b_cell,14646,107661,13.6
sample10199,yes,PBMC,cd4_t_cell,34278,107661,31.84
sample10199,yes,PBMC,cd8_t_cell,21790,107661,20.24
sample10199,yes,PBMC,monocyte,23930,107661,22.23
sample10199,yes,PBMC,nk_cell,13017,107661,12.09
sample10230,no,PBMC,b_cell,7627,98944,7.71
sample10230,no,PBMC,cd4_t_cell,23886,98944,24.14
sample10230,no,PBMC,cd8_t_cell,22152,98944,22.39
sample10230,no,PBMC,monocyte,27088,98944,27.38
sample10230,no,PBMC,nk_cell,18191,98944,18.39
sample10231,no,PBMC,b_cell,19174,105117,18.24
sample10231,no,PBMC,cd4_t_cell,30827,105117,29.33
sample10231,no,PBMC,cd8_t_cell,24484,105117,23.29
sample10231,no,PBMC,monocyte,18395,105117,17.5
sample10231,no,PBMC,nk_cell,12237,105117,11.64
sample10232,no,PBMC,b_cell,6784,101602,6.68
sample10232,no,PBMC,cd4_t_cell,35514,101602,34.95
sample10232,no,PBMC,cd8_t_cell,20482,101602,20.16
sample10232,no,PBMC,monocyte,21854,101602,21.51
sample10232,no,PBMC,nk_cell,16968,101602,16.7
sample10233,yes,PBMC,b_cell,7951,98101,8.1
sample10233,yes,PBMC,cd4_t_cell,22759,98101,23.2
sample10233,yes,PBMC,cd8_t_cell,33153,98101,33.79
sample10233,yes,PBMC,monocyte,21762,98101,22.18
sample10233,yes,PBMC,nk_cell,12476,98101,12.72
sample10234,yes,PBMC,b_cell,13036,102742,12.69
sample10234,yes,PBMC,cd4_t_cell,37420,102742,36.42
sample10234,yes,PBMC,cd8_t_cell,21328,102742,20.76
sample10234,yes,PBMC,monocyte,19867,102742,19.34
sample10234,yes,PBMC,nk_cell,11091,102742,10.8
sample10235,yes,PBMC,b_cell,8354,92824,9.0
sample10235,yes,PBMC,cd4_t_cell,24483,92824,26.38
sample10235,yes,PBMC,cd8_t_cell,30932,92824,33.32
sample10235,yes,PBMC,monocyte,15930,92824,17.16
sample10235,yes,PBMC,nk_cell,13125,92824,14.14
sample10248,yes,PBMC,b_cell,7016,96708,7.25
sample10248,yes,PBMC,cd4_t_cell,28911,96708,29.9
sample10248,yes,PBMC,cd8_t_cell,23029,96708,23.81
sample10248,yes,PBMC,monocyte,15317,96708,15.84
sample10248,yes,PBMC,nk_cell,22435,96708,23.2
sample10249,yes,PBMC,b_cell,11588,102677,11.29
sample10249,yes,PBMC,cd4_t_cell,37732,102677,36.75
sample10249,yes,PBMC,cd8_t_cell,27291,102677,26.58
sample10249,yes,PBMC,monocyte,18168,102677,17.69
sample10249,yes,PBMC,nk_cell,7898,102677,7.69
sample10250,yes,PBMC,b_cell,10441,109400,9.54
sample10250,yes,PBMC,cd4_t_cell,47558,109400,43.47
sample10250,yes,PBMC,cd8_t_cell,26276,109400,24.02
sample10250,yes,PBMC,monocyte,11334,109400,10.36
sample10250,yes,PBMC,nk_cell,13791,109400,12.61
sample10251,no,PBMC,b_cell,6333,99899,6.34
sample10251,no,PBMC,cd4_t_cell,31057,99899,31.09
sample10251,no,PBMC,cd8_t_cell,21091,99899,21.11
sample10251,no,PBMC,monocyte,25356,99899,25.38
sample10251,no,PBMC,nk_cell,16062,99899,16.08
sample10252,no,PBMC,b_cell,11169,106631,10.47
sample10252,no,PBMC,cd4_t_cell,37375,106631,35.05
sample10252,no,PBMC,cd8_t_cell,27962,106631,26.22
sample10252,no,PBMC,monocyte,15660,106631,14.69
sample10252,no,PBMC,nk_cell,14465,106631,13.57
sample10253,no,PBMC,b_cell,8125,91020,8.93
sample10253,no,PBMC,cd4_t_cell,33537,91020,36.85
sample10253,no,PBMC,cd8_t_cell,20442,91020,22.46
sample10253,no,PBMC,monocyte,14864,91020,16.33
sample10253,no,PBMC,nk_cell,14052,91020,15.44
sample10266,no,PBMC,b_cell,9575,108427,8.83
sample10266,no,PBMC,cd4_t_cell,28092,108427,25.91
sample10266,no,PBMC,cd8_t_cell,27297,108427,25.18
sample10266,no,PBMC,monocyte,27388,108427,25.26
sample10266,no,PBMC,nk_cell,16075,108427,14.83
sample10267,no,PBMC,b_cell,9856,91719,10.75
sample10267,no,PBMC,cd4_t_cell,26895,91719,29.32
sample10267,no,PBMC,cd8_t_cell,23289,91719,25.39
sample10267,no,PBMC,monocyte,18282,91719,19.93
sample10267,no,PBMC,nk_cell,13397,91719,14.61
sample10268,no,PBMC,b_cell,15048,91032,16.53
sample10268,no,PBMC,cd4_t_cell,26627,91032,29.25
sample10268,no,PBMC,cd8_t_cell,19668,91032,21.61
sample10268,no,PBMC,monocyte,15442,91032,16.96
sample10268,no,PBMC,nk_cell,14247,91032,15.65
sample10305,no,PBMC,b_cell,9472,93427,10.14
sample10305,no,PBMC,cd4_t_cell,29052,93427,31.1
sample10305,no,PBMC,cd8_t_cell,19149,93427,20.5
sample10305,no,PBMC,monocyte,21939,93427,23.48
sample10305,no,PBMC,nk_cell,13815,93427,14.79
sample10306,no,PBMC,b_cell,10670,95490,11.17
sample10306,no,PBMC,cd4_t_cell,24952,95490,26.13
sample10306,no,PBMC,cd8_t_cell,30040,95490,31.46
sample10306,no,PBMC,monocyte,16574,95490,17.36
sample10306,no,PBMC,nk_cell,13254,95490,13.88
sample10307,no,PBMC,b_cell,10988,103741,10.59
sample10307,no,PBMC,cd4_t_cell,34837,103741,33.58
sample10307,no,PBMC,cd8_t_cell,26459,103741,25.5
sample10307,no,PBMC,monocyte,22911,103741,22.08
sample10307,no,PBMC,nk_cell,8546,103741,8.24
sample10320,no,PBMC,b_cell,11615,89731,12.94
sample10320,no,PBMC,cd4_t_cell,25320,89731,28.22
sample10320,no,PBMC,cd8_t_cell,19287,89731,21.49
sample10320,no,PBMC,monocyte,18625,89731,20.76
sample10320,no,PBMC,nk_cell,14884,89731,16.59
sample10321,no,PBMC,b_cell,11924,101600,11.74
sample10321,no,PBMC,cd4_t_cell,24915,101600,24.52
sample10321,no,PBMC,cd8_t_cell,29360,101600,28.9
sample10321,no,PBMC,monocyte,22308,101600,21.96
sample10321,no,PBMC,nk_cell,13093,101600,12.89
sample10322,no,PBMC,b_cell,8012,102500,7.82
sample10322,no,PBMC,cd4_t_cell,26388,102500,25.74
sample10322,no,PBMC,cd8_t_cell,33916,102500,33.09
sample10322,no,PBMC,monocyte,13276,102500,12.95
sample10322,no,PBMC,nk_cell,20908,102500,20.4
sample10323,yes,PBMC,b_cell,7308,98678,7.41
sample10323,yes,PBMC,cd4_t_cell,30915,98678,31.33
sample10323,yes,PBMC,cd8_t_cell,21794,98678,22.09
sample10323,yes,PBMC,monocyte,18573,98678,18.82
sample10323,yes,PBMC,nk_cell,20088,98678,20.36
sample10324,yes,PBMC,b_cell,13572,111020,12.22
sample10324,yes,PBMC,cd4_t_cell,31028,111020,27.95
sample10324,yes,PBMC,cd8_t_cell,19177,111020,17.27
sample10324,yes,PBMC,monocyte,30713,111020,27.66
sample10324,yes,PBMC,nk_cell,16530,111020,14.89
sample10325,yes,PBMC,b_cell,10430,101237,10.3
sample10325,yes,PBMC,cd4_t_cell,28227,101237,27.88
sample10325,yes,PBMC,cd8_t_cell,22956,101237,22.68
sample10325,yes,PBMC,monocyte,19866,101237,19.62
sample10325,yes,PBMC,nk_cell,19758,101237,19.52
sample10335,yes,PBMC,b_cell,8020,102803,7.8
sample10335,yes,PBMC,cd4_t_cell,30943,102803,30.1
sample10335,yes,PBMC,cd8_t_cell,32604,102803,31.72
sample10335,yes,PBMC,monocyte,24544,102803,23.87
sample10335,yes,PBMC,nk_cell,6692,102803,6.51
sample10336,yes,PBMC,b_cell,5363,99249,5.4
sample10336,yes,PBMC,cd4_t_cell,40014,99249,40.32
sample10336,yes,PBMC,cd8_t_cell,24568,99249,24.75
sample10336,yes,PBMC,monocyte,14063,99249,14.17
sample10336,yes,PBMC,nk_cell,15241,99249,15.36
sample10337,yes,PBMC,b_cell,5246,104553,5.02
sample10337,yes,PBMC,cd4_t_cell,20245,104553,19.36
sample10337,yes,PBMC,cd8_t_cell,24665,104553,23.59
sample10337,yes,PBMC,monocyte,34688,104553,33.18
sample10337,yes,PBMC,nk_cell,19709,104553,18.85
sample10341,yes,PBMC,b_cell,10206,115465,8.84
sample10341,yes,PBMC,cd4_t_cell,44501,115465,38.54
sample10341,yes,PBMC,cd8_t_cell,30392,115465,26.32
sample10341,yes,PBMC,monocyte,20410,115465,17.68
sample10341,yes,PBMC,nk_cell,9956,115465,8.62
sample10342,yes,PBMC,b_cell,18160,109127,16.64
sample10342,yes,PBMC,cd4_t_cell,34423,109127,31.54
sample10342,yes,PBMC,cd8_t_cell,31796,109127,29.14
sample10342,yes,PBMC,monocyte,10178,109127,9.33
sample10342,yes,PBMC,nk_cell,14570,109127,13.35
sample10343,yes,PBMC,b_cell,4521,98504,4.59
sample10343,yes,PBMC,cd4_t_cell,27970,98504,28.39
sample10343,yes,PBMC,cd8_t_cell,20371,98504,20.68
sample10343,yes,PBMC,monocyte,17598,98504,17.87
sample10343,yes,PBMC,nk_cell,28044,98504,28.47
sample10347,yes,PBMC,b_cell,7331,106585,6.88
sample10347,yes,PBMC,cd4_t_cell,35519,106585,33.32
sample10347,yes,PBMC,cd8_t_cell,20636,106585,19.36
sample10347,yes,PBMC,monocyte,18231,106585,17.1
sample10347,yes,PBMC,nk_cell,24868,106585,23.33
sample10348,yes,PBMC,b_cell,10376,103438,10.03
sample10348,yes,PBMC,cd4_t_cell,27133,103438,26.23
sample10348,yes,PBMC,cd8_t_cell,28669,103438,27.72
sample10348,yes,PBMC,monocyte,20186,103438,19.52
sample10348,yes,PBMC,nk_cell,17074,103438,16.51
sample10349,yes,PBMC,b_cell,15134,104959,14.42
sample10349,yes,PBMC,cd4_t_cell,36780,104959,35.04
sample10349,yes,PBMC,cd8_t_cell,21387,104959,20.38
sample10349,yes,PBMC,monocyte,21497,104959,20.48
sample10349,yes,PBMC,nk_cell,10161,104959,9.68
sample10356,yes,PBMC,b_cell,10258,104752,9.79
sample10356,yes,PBMC,cd4_t_cell,30252,104752,28.88
sample10356,yes,PBMC,cd8_t_cell,25574,104752,24.41
sample10356,yes,PBMC,monocyte,19701,104752,18.81
sample10356,yes,PBMC,nk_cell,18967,104752,18.11
sample10357,yes,PBMC,b_cell,12859,106364,12.09
sample10357,yes,PBMC,cd4_t_cell,33274,106364,31.28
sample10357,yes,PBMC,cd8_t_cell,20540,106364,19.31
sample10357,yes,PBMC,monocyte,21279,106364,20.01
sample10357,yes,PBMC,nk_cell,18412,106364,17.31
sample10358,yes,PBMC,b_cell,8915,103852,8.58
sample10358,yes,PBMC,cd4_t_cell,34164,103852,32.9
sample10358,yes,PBMC,cd8_t_cell,31168,103852,30.01
sample10358,yes,PBMC,monocyte,12016,103852,11.57
sample10358,yes,PBMC,nk_cell,17589,103852,16.94
sample10383,yes,PBMC,b_cell,11807,110316,10.7
sample10383,yes,PBMC,cd4_t_cell,21616,110316,19.59
sample10383,yes,PBMC,cd8_t_cell,38247,110316,34.67
sample10383,yes,PBMC,monocyte,19685,110316,17.84
sample10383,yes,PBMC,nk_cell,18961,110316,17.19
sample10384,yes,PBMC,b_cell,13036,106259,12.27
sample10384,yes,PBMC,cd4_t_cell,39163,106259,36.86
sample10384,yes,PBMC,cd8_t_cell,32898,106259,30.96
sample10384,yes,PBMC,monocyte,13264,106259,12.48
sample10384,yes,PBMC,nk_cell,7898,106259,7.43
sample10385,yes,PBMC,b_cell,8313,96594,8.61
sample10385,yes,PBMC,cd4_t_cell,24473,96594,25.34
sample10385,yes,PBMC,cd8_t_cell,19167,96594,19.84
sample10385,yes,PBMC,monocyte,19164,96594,19.84
sample10385,yes,PBMC,nk_cell,25477,96594,26.38
sample10386,yes,PBMC,b_cell,5506,94152,5.85
sample10386,yes,PBMC,cd4_t_cell,30886,94152,32.8
sample10386,yes,PBMC,cd8_t_cell,20969,94152,22.27
sample10386,yes,PBMC,monocyte,18777,94152,19.94
sample10386,yes,PBMC,nk_cell,18014,94152,19.13
sample10387,yes,PBMC,b_cell,10017,99257,10.09
sample10387,yes,PBMC,cd4_t_cell,29343,99257,29.56
sample10387,yes,PBMC,cd8_t_cell,32070,99257,32.31
sample10387,yes,PBMC,monocyte,19063,99257,19.21
sample10387,yes,PBMC,nk_cell,8764,99257,8.83
sample10388,yes,PBMC,b_cell,5795,92497,6.27
sample10388,yes,PBMC,cd4_t_cell,33613,92497,36.34
sample10388,yes,PBMC,cd8_t_cell,21082,92497,22.79
sample10388,yes,PBMC,monocyte,13988,92497,15.12
sample10388,yes,PBMC,nk_cell,18019,92497,19.48
sample10392,yes,PBMC,b_cell,10186,95952,10.62
sample10392,yes,PBMC,cd4_t_cell,30875,95952,32.18
sample10392,yes,PBMC,cd8_t_cell,16095,95952,16.77
sample10392,yes,PBMC,monocyte,25554,95952,26.63
sample10392,yes,PBMC,nk_cell,13242,95952,13.8
sample10393,yes,PBMC,b_cell,10246,96482,10.62
sample10393,yes,PBMC,cd4_t_cell,24296,96482,25.18
sample10393,yes,PBMC,cd8_t_cell,23631,96482,24.49
sample10393,yes,PBMC,monocyte,27811,96482,28.83
sample10393,yes,PBMC,nk_cell,10498,96482,10.88
sample10394,yes,PBMC,b_cell,3978,112461,3.54
sample10394,yes,PBMC,cd4_t_cell,40973,112461,36.43
sample10394,yes,PBMC,cd8_t_cell,24089,112461,21.42
sample10394,yes,PBMC,monocyte,27345,112461,24.32
sample10394,yes,PBMC,nk_cell,16076,112461,14.29
sample10395,no,PBMC,b_cell,7150,91389,7.82
sample10395,no,PBMC,cd4_t_cell,30304,91389,33.16
sample10395,no,PBMC,cd8_t_cell,25712,91389,28.13
sample10395,no,PBMC,monocyte,16513,91389,18.07
sample10395,no,PBMC,nk_cell,11710,91389,12.81
sample10396,no,PBMC,b_cell,11552,102886,11.23
sample10396,no,PBMC,cd4_t_cell,32416,102886,31.51
sample10396,no,PBMC,cd8_t_cell,24741,102886,24.05
sample10396,no,PBMC,monocyte,17318,102886,16.83
sample10396,no,PBMC,nk_cell,16859,102886,16.39
sample10397,no,PBMC,b_cell,10047,104962,9.57
sample10397,no,PBMC,cd4_t_cell,24277,104962,23.13
sample10397,no,PBMC,cd8_t_cell,27590,104962,26.29
sample10397,no,PBMC,monocyte,23348,104962,22.24
sample10397,no,PBMC,nk_cell,19700,104962,18.77
sample10410,yes,PBMC,b_cell,11141,101295,11.0
sample10410,yes,PBMC,cd4_t_cell,30088,101295,29.7
sample10410,yes,PBMC,cd8_t_cell,21859,101295,21.58
sample10410,yes,PBMC,monocyte,21308,101295,21.04
sample10410,yes,PBMC,nk_cell,16899,101295,16.68
sample10411,yes,PBMC,b_cell,6890,110055,6.26
sample10411,yes,PBMC,cd4_t_cell,36151,110055,32.85
sample10411,yes,PBMC,cd8_t_cell,30849,110055,28.03
sample10411,yes,PBMC,monocyte,23917,110055,21.73
sample10411,yes,PBMC,nk_cell,12248,110055,11.13
sample10412,yes,PBMC,b_cell,17463,94308,18.52
sample10412,yes,PBMC,cd4_t_cell,27448,94308,29.1
sample10412,yes,PBMC,cd8_t_cell,17692,94308,18.76
sample10412,yes,PBMC,monocyte,14956,94308,15.86
sample10412,yes,PBMC,nk_cell,16749,94308,17.76
sample10416,no,PBMC,b_cell,9356,102589,9.12
sample10416,no,PBMC,cd4_t_cell,30651,102589,29.88
sample10416,no,PBMC,cd8_t_cell,22572,102589,22.0
sample10416,no,PBMC,monocyte,25107,102589,24.47
sample10416,no,PBMC,nk_cell,14903,102589,14.53
sample10417,no,PBMC,b_cell,10519,95989,10.96
sample10417,no,PBMC,cd4_t_cell,23613,95989,24.6
sample10417,no,PBMC,cd8_t_cell,16687,95989,17.38
sample10417,no,PBMC,monocyte,23165,95989,24.13
sample10417,no,PBMC,nk_cell,22005,95989,22.92
sample10418,no,PBMC,b_cell,6156,97502,6.31
sample10418,no,PBMC,cd4_t_cell,27789,97502,28.5
sample10418,no,PBMC,cd8_t_cell,32638,97502,33.47
sample10418,no,PBMC,monocyte,24154,97502,24.77
sample10418,no,PBMC,nk_cell,6765,97502,6.94
sample10443,yes,PBMC,b_cell,7768,100163,7.76
sample10443,yes,PBMC,cd4_t_cell,36932,100163,36.87
sample10443,yes,PBMC,cd8_t_cell,23318,100163,23.28
sample10443,yes,PBMC,monocyte,19262,100163,19.23
sample10443,yes,PBMC,nk_cell,12883,100163,12.86
sample10444,yes,PBMC,b_cell,7526,103861,7.25
sample10444,yes,PBMC,cd4_t_cell,37499,103861,36.1
sample10444,yes,PBMC,cd8_t_cell,28095,103861,27.05
sample10444,yes,PBMC,monocyte,17040,103861,16.41
sample10444,yes,PBMC,nk_cell,13701,103861,13.19
sample10445,yes,PBMC,b_cell,16486,107554,15.33
sample10445,yes,PBMC,cd4_t_cell,26480,107554,24.62
sample10445,yes,PBMC,cd8_t_cell,26262,107554,24.42
sample10445,yes,PBMC,monocyte,21872,107554,20.34
sample10445,yes,PBMC,nk_cell,16454,107554,15.3
sample10455,no,PBMC,b_cell,6057,88396,6.85
sample10455,no,PBMC,cd4_t_cell,27568,88396,31.19
sample10455,no,PBMC,cd8_t_cell,20129,88396,22.77
sample10455,no,PBMC,monocyte,17925,88396,20.28
sample10455,no,PBMC,nk_cell,16717,88396,18.91
sample10456,no,PBMC,b_cell,4148,90187,4.6
sample10456,no,PBMC,cd4_t_cell,27256,90187,30.22
sample10456,no,PBMC,cd8_t_cell,25944,90187,28.77
sample10456,no,PBMC,monocyte,18377,90187,20.38
sample10456,no,PBMC,nk_cell,14462,90187,16.04
sample10457,no,PBMC,b_cell,13023,98292,13.25
sample10457,no,PBMC,cd4_t_cell,30066,98292,30.59
sample10457,no,PBMC,cd8_t_cell,28307,98292,28.8
sample10457,no,PBMC,monocyte,15678,98292,15.95
sample10457,no,PBMC,nk_cell,11218,98292,11.41
sample10470,no,PBMC,b_cell,9425,107444,8.77
sample10470,no,PBMC,cd4_t_cell,31740,107444,29.54
sample10470,no,PBMC,cd8_t_cell,24440,107444,22.75
sample10470,no,PBMC,monocyte,29319,107444,27.29
sample10470,no,PBMC,nk_cell,12520,107444,11.65
sample10471,no,PBMC,b_cell,6819,104288,6.54
sample10471,no,PBMC,cd4_t_cell,30400,104288,29.15
sample10471,no,PBMC,cd8_t_cell,23757,104288,22.78
sample10471,no,PBMC,monocyte,20711,104288,19.86
sample10471,no,PBMC,nk_cell,22601,104288,21.67
sample10472,no,PBMC,b_cell,20462,104967,19.49
sample10472,no,PBMC,cd4_t_cell,26214,104967,24.97
sample10472,no,PBMC,cd8_t_cell,32029,104967,30.51
sample10472,no,PBMC,monocyte,13460,104967,12.82
sample10472,no,PBMC,nk_cell,12802,104967,12.2
sample10473,no,PBMC,b_cell,4477,92339,4.85
sample10473,no,PBMC,cd4_t_cell,36446,92339,39.47
sample10473,no,PBMC,cd8_t_cell,19664,92339,21.3
sample10473,no,PBMC,monocyte,19565,92339,21.19
sample10473,no,PBMC,nk_cell,12187,92339,13.2
sample10474,no,PBMC,b_cell,9526,108601,8.77
sample10474,no,PBMC,cd4_t_cell,34896,108601,32.13
sample10474,no,PBMC,cd8_t_cell,28412,108601,26.16
sample10474,no,PBMC,monocyte,22474,108601,20.69
sample10474,no,PBMC,nk_cell,13293,108601,12.24
sample10475,no,PBMC,b_cell,12583,85810,14.66
sample10475,no,PBMC,cd4_t_cell,26446,85810,30.82
sample10475,no,PBMC,cd8_t_cell,20620,85810,24.03
sample10475,no,PBMC,monocyte,12299,85810,14.33
sample10475,no,PBMC,nk_cell,13862,85810,16.15
sample10491,yes,PBMC,b_cell,13172,100705,13.08
sample10491,yes,PBMC,cd4_t_cell,33481,100705,33.25
sample10491,yes,PBMC,cd8_t_cell,21584,100705,21.43
sample10491,yes,PBMC,monocyte,16779,100705,16.66
sample10491,yes,PBMC,nk_cell,15689,100705,15.58
sample10492,yes,PBMC,b_cell,10308,113095,9.11
sample10492,yes,PBMC,cd4_t_cell,24599,113095,21.75
sample10492,yes,PBMC,cd8_t_cell,31616,113095,27.96
sample10492,yes,PBMC,monocyte,23087,113095,20.41
sample10492,yes,PBMC,nk_cell,23485,113095,20.77
sample10493,yes,PBMC,b_cell,9683,93386,10.37
sample10493,yes,PBMC,cd4_t_cell,28536,93386,30.56
sample10493,yes,PBMC,cd8_t_cell,23974,93386,25.67
sample10493,yes,PBMC,monocyte,17438,93386,18.67
sample10493,yes,PBMC,nk_cell,13755,93386,14.73
